order_id,order_arrival,process_start_time,order_complete_time,station_id,cycle_time
-65,0,1,113,picker-3,112
-85,0,1,113,picker-3,112
-94,0,1,136,picker-1,135
-79,0,1,162,picker-1,161
-74,0,1,201,picker-1,200
-22,0,1,222,picker-2,221
-83,0,1,236,picker-3,235
-56,0,1,237,picker-1,236
-63,0,1,259,picker-3,258
-90,0,1,292,picker-3,291
-6,0,1,292,picker-3,291
-16,0,114,332,picker-3,218
-30,0,163,339,picker-1,176
-11,0,114,345,picker-3,231
-1,0,1,359,picker-3,358
-21,0,137,364,picker-1,227
-68,0,1,365,picker-3,364
-76,0,1,372,picker-1,371
8,180,202,372,picker-1,170
-29,0,1,382,picker-2,381
-95,0,1,417,picker-1,416
-48,0,238,417,picker-1,179
10,180,237,420,picker-3,183
4,120,333,443,picker-3,110
-20,0,293,455,picker-3,162
-84,0,1,459,picker-1,458
-25,0,1,463,picker-1,462
-54,0,260,467,picker-3,207
-49,0,1,467,picker-2,466
-27,0,340,477,picker-1,137
-91,0,1,486,picker-2,485
-4,0,293,494,picker-3,201
-2,0,1,517,picker-2,516
-37,0,223,548,picker-2,325
13,240,346,554,picker-3,208
-5,0,366,560,picker-3,194
20,360,360,570,picker-3,210
12,240,365,577,picker-1,212
-70,0,383,594,picker-2,211
-13,0,373,596,picker-1,223
22,360,373,596,picker-1,223
-73,0,1,614,picker-2,613
16,300,444,630,picker-3,186
-71,0,418,653,picker-1,235
5,120,460,653,picker-1,193
-80,0,464,696,picker-1,232
-43,0,487,708,picker-2,221
-93,0,518,744,picker-2,226
-58,0,595,773,picker-2,178
-3,0,495,776,picker-3,281
-38,0,549,782,picker-2,233
0,60,468,802,picker-2,334
-12,0,615,813,picker-2,198
-53,0,478,819,picker-1,341
-89,0,1,829,picker-2,828
-24,0,1,882,picker-2,881
29,600,709,891,picker-2,182
-86,0,597,915,picker-1,318
27,540,631,943,picker-3,312
15,300,571,956,picker-3,385
40,720,777,968,picker-3,191
36,720,745,970,picker-2,225
28,600,774,979,picker-2,205
25,540,803,998,picker-2,195
-33,0,820,1011,picker-1,191
-7,0,469,1024,picker-3,555
33,660,830,1028,picker-2,198
-88,0,456,1029,picker-3,573
-87,0,814,1035,picker-2,221
-47,0,578,1040,picker-1,462
-97,0,421,1067,picker-3,646
-39,0,697,1069,picker-1,372
3,120,561,1080,picker-3,519
-41,0,555,1112,picker-3,557
30,600,969,1117,picker-3,148
58,900,916,1121,picker-1,205
-78,0,654,1130,picker-1,476
-98,0,654,1130,picker-1,476
51,900,957,1139,picker-3,182
-64,0,597,1148,picker-1,551
63,960,1012,1156,picker-1,144
-26,0,418,1160,picker-1,742
43,780,1025,1171,picker-3,146
45,840,883,1177,picker-2,294
-32,0,783,1191,picker-2,408
61,960,971,1203,picker-2,232
41,780,1041,1255,picker-1,214
-66,0,1081,1258,picker-3,177
62,960,1068,1263,picker-3,195
46,840,1118,1283,picker-3,165
55,900,980,1331,picker-2,351
79,1140,1140,1331,picker-3,191
80,1140,1172,1366,picker-3,194
26,540,892,1398,picker-2,506
-60,0,944,1406,picker-3,462
-69,0,1030,1409,picker-3,379
81,1140,1192,1414,picker-2,222
49,840,1178,1429,picker-2,251
35,720,1113,1442,picker-3,329
-28,0,1161,1468,picker-1,307
38,720,1036,1480,picker-2,444
-55,0,1029,1491,picker-2,462
59,960,999,1496,picker-2,497
48,840,1332,1505,picker-2,173
89,1260,1264,1535,picker-3,271
-100,0,1122,1537,picker-1,415
70,1020,1157,1554,picker-1,397
-61,0,1131,1562,picker-1,431
-51,0,1131,1562,picker-1,431
87,1200,1256,1584,picker-1,328
-62,0,1399,1597,picker-2,198
88,1200,1333,1641,picker-3,308
-75,0,1149,1644,picker-1,495
84,1200,1469,1660,picker-1,191
-46,0,1070,1667,picker-1,597
-19,0,1204,1676,picker-2,472
102,1440,1481,1692,picker-2,211
94,1320,1410,1692,picker-3,282
85,1200,1407,1700,picker-3,293
104,1440,1492,1703,picker-2,211
-67,0,1538,1712,picker-1,174
105,1500,1536,1719,picker-3,183
108,1500,1563,1747,picker-1,184
116,1560,1585,1776,picker-1,191
65,1020,1367,1776,picker-3,409
-40,0,1506,1781,picker-2,275
24,420,1259,1782,picker-3,523
39,720,1555,1783,picker-1,228
92,1260,1563,1788,picker-1,225
114,1560,1598,1816,picker-2,218
97,1320,1642,1842,picker-3,200
1,60,1430,1846,picker-2,416
67,1020,1443,1880,picker-3,437
-15,0,1415,1913,picker-2,498
73,1080,1284,1923,picker-3,639
112,1560,1704,1933,picker-2,229
-77,0,1497,1943,picker-2,446
122,1680,1713,1956,picker-1,243
126,1740,1782,1961,picker-2,179
113,1560,1817,2004,picker-2,187
109,1500,1693,2026,picker-2,333
132,1800,1843,2051,picker-3,208
-35,0,1677,2060,picker-2,383
123,1680,1748,2088,picker-1,340
107,1500,1783,2130,picker-3,347
119,1680,1881,2161,picker-3,280
37,720,1847,2161,picker-2,314
124,1680,1789,2163,picker-1,374
-57,0,1701,2171,picker-3,470
141,1920,1934,2176,picker-2,242
139,1920,1924,2179,picker-3,255
91,1260,1694,2193,picker-3,499
150,2040,2052,2258,picker-3,206
127,1740,1778,2262,picker-3,484
47,840,1720,2268,picker-3,548
134,1860,2089,2286,picker-1,197
135,1860,2131,2302,picker-3,171
157,2160,2172,2340,picker-3,168
42,780,2163,2343,picker-3,180
161,2160,2164,2345,picker-1,181
133,1800,2005,2351,picker-2,346
-14,0,2027,2366,picker-2,339
129,1740,1957,2383,picker-1,426
153,2100,2177,2407,picker-2,230
-99,0,1944,2417,picker-2,473
137,1860,1914,2427,picker-2,513
66,1020,1645,2429,picker-1,784
-96,0,1777,2453,picker-1,676
-17,0,1962,2470,picker-2,508
148,2040,2061,2477,picker-2,416
170,2280,2287,2493,picker-1,206
23,360,1661,2497,picker-1,836
-18,0,1784,2506,picker-1,722
101,1440,2259,2509,picker-3,250
162,2160,2162,2513,picker-2,351
169,2280,2303,2529,picker-3,226
32,660,1668,2529,picker-1,861
-9,0,2346,2548,picker-1,202
165,2280,2367,2577,picker-2,210
142,1920,2352,2584,picker-2,232
86,1200,2384,2586,picker-1,202
173,2280,2341,2622,picker-3,281
144,1980,2454,2623,picker-1,169
158,2160,2430,2640,picker-1,210
57,900,2194,2685,picker-3,491
130,1800,2418,2710,picker-2,292
72,1080,2263,2736,picker-3,473
189,2520,2530,2762,picker-1,232
54,900,2494,2770,picker-1,276
196,2580,2587,2777,picker-1,190
178,2400,2510,2783,picker-3,273
154,2100,2531,2783,picker-3,252
195,2580,2585,2809,picker-2,224
168,2280,2408,2820,picker-2,412
176,2340,2498,2831,picker-1,333
31,660,2507,2831,picker-1,324
181,2460,2623,2834,picker-3,211
-34,0,2471,2843,picker-2,372
7,180,2344,2852,picker-3,508
136,1860,2269,2861,picker-3,592
53,900,2624,2866,picker-1,242
201,2640,2641,2873,picker-1,232
-23,0,2478,2878,picker-2,400
100,1380,2549,2893,picker-1,344
96,1320,2180,2896,picker-3,716
188,2520,2763,2919,picker-1,156
155,2100,2686,2933,picker-3,247
193,2580,2737,2939,picker-3,202
209,2760,2771,2953,picker-1,182
177,2400,2778,2970,picker-1,192
205,2700,2711,2971,picker-2,260
167,2280,2578,2981,picker-2,403
212,2820,2821,2987,picker-2,166
164,2220,2810,2992,picker-2,182
140,1920,2428,2996,picker-2,568
69,1020,2514,2996,picker-2,482
180,2460,2832,3009,picker-1,177
183,2460,2844,3025,picker-2,181
220,2880,2894,3136,picker-1,242
204,2700,2982,3163,picker-2,181
225,2940,2972,3173,picker-2,201
111,1500,2971,3202,picker-1,231
230,2940,2940,3239,picker-3,299
202,2700,2988,3292,picker-2,304
228,2940,2954,3294,picker-1,340
163,2220,2784,3316,picker-3,532
-72,0,3010,3324,picker-1,314
210,2760,2993,3367,picker-2,374
232,3000,3174,3367,picker-2,193
118,1560,2997,3399,picker-2,402
21,360,2920,3400,picker-1,480
234,3000,3203,3409,picker-1,206
179,2460,2867,3426,picker-1,559
236,3000,3164,3430,picker-2,266
238,3000,3026,3453,picker-2,427
175,2340,2934,3455,picker-3,521
200,2640,2874,3456,picker-1,582
221,2940,3293,3464,picker-2,171
44,780,2835,3471,picker-3,636
106,1500,2832,3480,picker-1,648
259,3180,3295,3480,picker-1,185
187,2520,3137,3486,picker-1,349
-36,0,2879,3496,picker-2,617
245,3120,3240,3506,picker-3,266
277,3360,3368,3517,picker-2,149
146,2040,2853,3519,picker-3,666
185,2520,3317,3519,picker-3,202
226,2940,2997,3521,picker-2,524
207,2760,3368,3535,picker-2,167
160,2160,2784,3540,picker-3,756
184,2520,2862,3540,picker-3,678
254,3180,3325,3544,picker-1,219
203,2700,2897,3548,picker-3,651
257,3180,3400,3558,picker-2,158
256,3180,3401,3577,picker-1,176
235,3000,3456,3591,picker-3,135
217,2880,3472,3618,picker-3,146
278,3360,3454,3642,picker-2,188
243,3120,3507,3666,picker-3,159
255,3180,3481,3671,picker-1,190
284,3480,3497,3673,picker-2,176
50,900,3427,3675,picker-1,248
283,3420,3481,3682,picker-1,201
270,3300,3520,3684,picker-3,164
286,3480,3487,3691,picker-1,204
281,3420,3520,3698,picker-3,178
98,1380,3410,3713,picker-1,303
289,3540,3549,3746,picker-3,197
273,3360,3545,3754,picker-1,209
248,3180,3431,3777,picker-2,346
258,3180,3465,3777,picker-2,312
191,2520,3518,3800,picker-2,282
75,1080,3536,3823,picker-2,287
231,3000,3578,3829,picker-1,251
138,1920,3457,3829,picker-1,372
265,3240,3672,3840,picker-1,168
290,3600,3643,3879,picker-2,236
291,3600,3619,3894,picker-3,275
174,2280,3559,3918,picker-2,359
295,3600,3674,3918,picker-2,244
128,1740,3522,3932,picker-2,410
233,3000,3541,3937,picker-3,396
274,3360,3683,3964,picker-1,281
303,3720,3747,4034,picker-3,287
296,3600,3685,4135,picker-3,450
215,2820,3541,4143,picker-3,602
285,3480,3919,4154,picker-2,235
208,2760,3699,4155,picker-3,456
318,3900,3938,4155,picker-3,217
314,3840,3880,4164,picker-2,284
299,3660,3667,4177,picker-3,510
-10,0,3592,4212,picker-3,620
246,3120,3933,4213,picker-2,280
332,4020,4035,4222,picker-3,187
301,3720,3919,4230,picker-2,311
-50,0,3778,4248,picker-2,470
302,3720,3895,4249,picker-3,354
260,3240,3801,4258,picker-2,457
190,2520,3824,4266,picker-2,442
251,3180,3778,4275,picker-2,497
253,3180,3841,4312,picker-1,471
240,3060,4136,4315,picker-3,179
249,3180,3692,4328,picker-1,636
305,3720,4155,4328,picker-2,173
330,4020,4165,4345,picker-2,180
293,3600,3755,4357,picker-1,602
197,2640,3830,4357,picker-1,527
194,2580,4156,4364,picker-3,208
103,1440,3965,4390,picker-1,425
308,3780,4249,4406,picker-2,157
244,3120,3676,4410,picker-1,734
326,4020,4178,4417,picker-3,239
306,3780,4231,4419,picker-2,188
227,2940,4214,4430,picker-2,216
149,2040,3830,4449,picker-1,619
329,4020,4259,4473,picker-2,214
322,3960,4223,4481,picker-3,258
2,120,3714,4488,picker-1,774
279,3420,4276,4489,picker-2,213
346,4260,4316,4506,picker-3,190
323,3960,4313,4515,picker-1,202
297,3660,4144,4549,picker-3,405
348,4260,4365,4582,picker-3,217
52,900,4156,4603,picker-3,447
198,2640,4407,4605,picker-2,198
300,3660,4418,4611,picker-3,193
337,4080,4431,4643,picker-2,212
347,4260,4482,4646,picker-3,164
250,3180,4213,4651,picker-3,438
353,4380,4474,4667,picker-2,193
340,4140,4411,4683,picker-1,272
356,4440,4490,4703,picker-2,213
206,2760,4420,4713,picker-2,293
156,2100,4507,4718,picker-3,211
222,2940,4330,4727,picker-2,397
311,3780,4267,4741,picker-2,474
298,3660,4550,4759,picker-3,209
143,1980,4346,4786,picker-2,440
335,4080,4450,4837,picker-1,387
363,4500,4644,4882,picker-2,238
336,4080,4668,4898,picker-2,230
368,4620,4647,4920,picker-3,273
376,4680,4684,4963,picker-1,279
343,4200,4604,4985,picker-3,381
373,4680,4760,5043,picker-3,283
351,4380,4742,5050,picker-2,308
369,4620,4883,5115,picker-2,232
371,4680,4899,5115,picker-2,216
269,3240,4583,5120,picker-3,537
386,4860,4964,5128,picker-1,164
375,4680,4921,5133,picker-3,212
288,3540,4358,5134,picker-1,776
268,3240,4606,5152,picker-2,546
367,4560,4838,5152,picker-1,314
280,3420,4719,5156,picker-3,437
219,2880,4329,5162,picker-1,833
359,4440,4714,5168,picker-2,454
145,1980,4250,5186,picker-3,936
391,4920,4986,5186,picker-3,200
294,3600,4612,5193,picker-3,581
352,4380,4489,5194,picker-1,705
93,1320,4391,5200,picker-1,809
56,900,4516,5204,picker-1,688
331,4020,4652,5208,picker-3,556
11,240,4358,5219,picker-1,861
263,3240,4704,5228,picker-2,524
404,5100,5116,5245,picker-2,129
324,3960,4787,5249,picker-2,462
401,5100,5134,5257,picker-3,123
382,4800,5051,5270,picker-2,219
399,5040,5121,5275,picker-3,154
304,3720,5135,5280,picker-1,145
392,4920,5116,5284,picker-2,168
385,4860,5129,5287,picker-1,158
152,2100,5044,5292,picker-3,248
394,4980,5157,5321,picker-3,164
350,4380,5154,5352,picker-2,198
408,5160,5169,5364,picker-2,195
275,3360,5187,5377,picker-3,190
267,3240,4728,5387,picker-2,659
409,5160,5195,5387,picker-1,192
406,5100,5194,5388,picker-3,194
345,4260,5187,5405,picker-3,218
405,5100,5209,5416,picker-3,207
341,4200,5201,5425,picker-1,224
344,4260,5276,5467,picker-3,191
339,4080,5250,5518,picker-2,268
416,5280,5285,5518,picker-2,233
313,3840,5246,5548,picker-2,302
360,4440,5281,5595,picker-1,314
287,3540,5378,5613,picker-3,235
-52,0,5205,5620,picker-1,415
333,4080,5229,5630,picker-2,401
312,3840,5388,5632,picker-1,244
325,3960,5417,5682,picker-3,265
426,5400,5426,5714,picker-1,288
362,4500,5258,5717,picker-3,459
410,5160,5163,5733,picker-1,570
437,5520,5549,5803,picker-2,254
419,5340,5519,5834,picker-2,315
292,3600,5288,5839,picker-1,551
372,4680,5631,5861,picker-2,230
429,5400,5468,5861,picker-3,393
447,5640,5683,5861,picker-3,178
338,4080,5390,5871,picker-3,481
328,4020,5322,5880,picker-3,558
276,3360,5596,5902,picker-1,306
420,5340,5353,5903,picker-2,550
450,5700,5718,5916,picker-3,198
449,5640,5715,5922,picker-1,207
282,3420,5293,5955,picker-3,662
428,5400,5406,5965,picker-3,559
366,4560,5271,5987,picker-2,716
431,5460,5614,6001,picker-3,387
261,3240,5804,6011,picker-2,207
6,180,5389,6032,picker-2,643
433,5460,5835,6032,picker-2,197
400,5040,5863,6040,picker-3,177
466,5880,5881,6047,picker-3,166
460,5820,5863,6055,picker-3,192
82,1140,5365,6059,picker-2,694
393,4980,5862,6073,picker-2,211
423,5400,5519,6090,picker-2,571
463,5880,5917,6110,picker-3,193
316,3900,5220,6118,picker-1,898
467,5880,5904,6145,picker-2,241
461,5820,5956,6156,picker-3,200
432,5460,5988,6163,picker-2,175
83,1140,5966,6176,picker-3,210
241,3060,5633,6206,picker-1,573
387,4860,5840,6239,picker-1,399
453,5760,6056,6262,picker-3,206
479,6000,6119,6266,picker-1,147
478,6000,6033,6295,picker-2,262
443,5580,5621,6308,picker-1,687
476,5940,6048,6330,picker-3,282
490,6120,6146,6360,picker-2,214
487,6060,6060,6378,picker-2,318
380,4800,6207,6398,picker-1,191
457,5760,5903,6424,picker-1,521
473,5940,6157,6440,picker-3,283
358,4440,6074,6441,picker-2,367
321,3900,6240,6447,picker-1,207
444,5580,5734,6467,picker-1,733
370,4680,6033,6495,picker-2,462
503,6300,6309,6498,picker-1,189
334,4080,6091,6518,picker-2,427
407,5160,6164,6518,picker-2,354
384,4860,6296,6525,picker-2,229
397,4980,5153,6529,picker-1,1376
499,6300,6331,6532,picker-3,201
434,5460,5923,6535,picker-1,612
471,5940,6267,6546,picker-1,279
492,6120,6361,6551,picker-2,190
381,4800,6012,6556,picker-2,544
507,6360,6399,6568,picker-1,169
374,4680,5872,6582,picker-3,710
509,6420,6425,6587,picker-1,162
448,5640,6468,6598,picker-1,130
508,6420,6448,6602,picker-1,154
482,6060,6441,6603,picker-3,162
223,2940,6177,6617,picker-3,440
512,6420,6442,6619,picker-2,177
186,2520,6379,6635,picker-2,256
498,6240,6496,6657,picker-2,161
484,6060,6536,6696,picker-1,160
465,5880,6111,6708,picker-3,597
483,6060,6530,6715,picker-1,185
495,6180,6499,6726,picker-1,227
469,5880,6041,6728,picker-3,687
421,5340,6002,6733,picker-3,731
427,5400,6533,6750,picker-3,217
500,6300,6583,6823,picker-3,240
379,4740,6618,6905,picker-3,287
514,6420,6709,6905,picker-3,196
477,5940,6588,6934,picker-1,346
436,5520,6620,6959,picker-2,339
446,5640,6729,7001,picker-3,272
377,4740,6636,7022,picker-2,386
528,6600,6727,7058,picker-1,331
398,5040,6824,7063,picker-3,239
517,6420,6519,7084,picker-2,565
534,6660,6751,7089,picker-3,338
60,960,6603,7116,picker-1,513
520,6480,6526,7132,picker-2,606
545,6960,6960,7166,picker-2,206
493,6120,6658,7173,picker-2,515
485,6060,6734,7175,picker-3,441
526,6600,6697,7191,picker-1,494
543,6960,7023,7214,picker-2,191
242,3120,6519,7219,picker-2,700
524,6540,6547,7219,picker-1,672
496,6180,6552,7222,picker-2,670
481,6000,6557,7226,picker-2,669
532,6660,7064,7241,picker-3,177
480,6000,7002,7250,picker-3,248
414,5280,7059,7252,picker-1,193
521,6480,7090,7268,picker-3,178
557,7080,7117,7270,picker-1,153
415,5280,6716,7275,picker-1,559
510,6420,6599,7286,picker-1,687
556,7080,7085,7298,picker-2,213
540,6840,6906,7300,picker-3,394
390,4860,6569,7303,picker-1,734
125,1740,6604,7323,picker-3,719
459,5820,6935,7327,picker-1,392
422,5400,6906,7341,picker-3,435
546,7020,7192,7362,picker-1,170
218,2880,6263,7381,picker-3,1118
516,6420,7220,7394,picker-1,174
501,6300,7242,7398,picker-3,156
553,7080,7133,7401,picker-2,268
554,7080,7251,7447,picker-3,196
464,5880,7174,7469,picker-2,295
571,7200,7215,7469,picker-2,254
567,7140,7221,7495,picker-2,274
574,7260,7276,7539,picker-1,263
445,5640,7301,7573,picker-3,272
575,7320,7324,7593,picker-3,269
560,7140,7342,7593,picker-3,251
-45,0,7176,7607,picker-3,431
237,3000,7269,7612,picker-3,343
579,7380,7382,7622,picker-3,240
551,7080,7399,7627,picker-3,228
569,7140,7448,7661,picker-3,213
538,6840,7402,7714,picker-2,312
530,6600,7574,7722,picker-3,148
550,7020,7470,7737,picker-2,267
582,7440,7594,7766,picker-3,172
566,7140,7496,7794,picker-2,298
252,3180,7594,7804,picker-3,210
544,6960,7540,7826,picker-1,286
504,6360,7328,7849,picker-1,521
417,5340,7608,7856,picker-3,248
357,4440,7299,7857,picker-2,558
558,7140,7167,7893,picker-2,726
19,360,7223,7902,picker-2,679
541,6900,7271,7911,picker-1,640
585,7440,7470,7928,picker-2,458
577,7320,7715,7942,picker-2,227
583,7440,7795,7968,picker-2,173
580,7380,7395,7976,picker-1,581
472,5940,7227,7990,picker-2,763
596,7620,7738,8053,picker-2,315
71,1080,7304,8063,picker-1,759
489,6060,7850,8075,picker-1,225
563,7140,7858,8080,picker-2,222
597,7620,7827,8170,picker-1,343
536,6840,7912,8170,picker-1,258
552,7080,7857,8183,picker-3,326
618,7980,7991,8239,picker-2,248
502,6300,7253,8242,picker-1,989
604,7740,8064,8254,picker-1,190
523,6480,7903,8254,picker-2,351
581,7380,7805,8256,picker-3,451
95,1320,7767,8301,picker-3,534
605,7740,8081,8304,picker-2,223
172,2280,7969,8351,picker-2,382
486,6060,7943,8374,picker-2,431
454,5760,7628,8393,picker-3,765
555,7080,7929,8399,picker-2,470
619,7980,8054,8409,picker-2,355
497,6240,7723,8442,picker-3,719
616,7920,8257,8442,picker-3,185
389,4860,7894,8443,picker-2,549
622,8040,8184,8449,picker-3,265
645,8280,8302,8481,picker-3,179
615,7920,8255,8486,picker-1,231
611,7860,8256,8490,picker-2,234
17,300,7613,8499,picker-3,886
539,6840,7623,8508,picker-3,885
608,7800,8375,8556,picker-2,181
591,7500,8352,8561,picker-2,209
182,2460,8305,8568,picker-2,263
506,6360,7662,8569,picker-3,907
646,8340,8394,8581,picker-3,187
621,8040,8076,8599,picker-1,523
653,8400,8443,8639,picker-3,196
598,7620,8240,8639,picker-2,399
642,8280,8443,8646,picker-3,203
657,8460,8482,8660,picker-3,178
655,8400,8450,8677,picker-3,227
562,7140,8410,8687,picker-2,277
396,4980,8171,8687,picker-1,516
576,7320,8243,8694,picker-1,451
654,8400,8400,8701,picker-2,301
648,8340,8487,8706,picker-1,219
475,5940,8491,8717,picker-2,226
647,8340,8500,8729,picker-3,229
593,7560,8171,8735,picker-1,564
9,180,7287,8739,picker-1,1452
418,5340,7363,8766,picker-1,1403
578,7380,8600,8784,picker-1,184
606,7740,7977,8789,picker-1,812
588,7500,8557,8810,picker-2,253
667,8580,8707,8858,picker-1,151
637,8160,8695,8872,picker-1,177
665,8580,8661,8882,picker-3,221
658,8460,8582,8890,picker-3,308
649,8400,8641,8905,picker-3,264
679,8700,8740,8905,picker-1,165
639,8220,8736,8920,picker-1,184
668,8640,8640,8932,picker-2,292
682,8700,8702,8945,picker-2,243
599,7680,8730,8947,picker-3,217
624,8040,8678,8964,picker-3,286
644,8280,8444,8975,picker-2,531
515,6420,8790,9009,picker-1,219
661,8520,8570,9016,picker-3,446
601,7680,8509,9020,picker-3,511
565,7140,8647,9020,picker-3,373
696,8880,8891,9034,picker-3,143
677,8700,8883,9045,picker-3,162
589,7500,8718,9049,picker-2,331
620,7980,8562,9064,picker-2,502
666,8580,8873,9065,picker-1,192
693,8820,8859,9081,picker-1,222
627,8100,8906,9092,picker-1,186
684,8760,8907,9125,picker-3,218
674,8700,8921,9148,picker-1,227
695,8880,8946,9149,picker-2,203
-81,0,8785,9165,picker-1,380
659,8460,8976,9179,picker-2,203
594,7560,8688,9213,picker-1,525
704,9000,9010,9213,picker-1,203
681,8700,8767,9220,picker-1,453
663,8520,9066,9253,picker-1,187
706,9000,9017,9313,picker-3,296
617,7920,8569,9333,picker-2,764
402,5100,8689,9333,picker-2,644
717,9120,9149,9352,picker-1,203
672,8640,9126,9397,picker-3,271
723,9180,9214,9415,picker-1,201
705,9000,9021,9424,picker-3,403
412,5220,9021,9480,picker-3,459
724,9180,9180,9480,picker-2,300
670,8640,9314,9500,picker-3,186
727,9180,9214,9510,picker-1,296
729,9240,9254,9529,picker-1,275
635,8160,9221,9537,picker-1,316
730,9240,9334,9546,picker-2,212
694,8820,9035,9553,picker-3,518
686,8760,8965,9563,picker-3,598
660,8520,9093,9574,picker-1,481
736,9300,9353,9574,picker-1,221
602,7680,8948,9580,picker-3,632
676,8700,9046,9585,picker-3,539
511,6420,8811,9597,picker-2,786
715,9120,9425,9600,picker-3,175
743,9360,9416,9604,picker-1,188
474,5940,8933,9610,picker-2,677
630,8160,9334,9610,picker-2,276
564,7140,9166,9630,picker-1,464
650,8400,9082,9638,picker-1,556
685,8760,9050,9652,picker-2,602
725,9180,9481,9698,picker-2,217
721,9180,9501,9704,picker-3,203
751,9480,9482,9720,picker-3,238
613,7920,9150,9722,picker-2,572
740,9360,9538,9727,picker-1,189
683,8700,9575,9733,picker-1,158
455,5760,9065,9737,picker-2,672
718,9120,9530,9740,picker-1,210
678,8700,9547,9757,picker-2,210
700,8940,9511,9758,picker-1,247
741,9360,9575,9772,picker-1,197
739,9360,9581,9779,picker-3,198
767,9600,9605,9784,picker-1,179
365,4500,9398,9787,picker-3,389
629,8100,9611,9793,picker-2,182
764,9600,9601,9797,picker-3,196
769,9600,9611,9807,picker-2,196
662,8520,9586,9807,picker-3,221
675,8700,9598,9823,picker-2,225
775,9660,9705,9846,picker-3,141
779,9720,9721,9849,picker-3,128
771,9660,9699,9862,picker-2,163
756,9540,9653,9869,picker-2,216
773,9660,9728,9897,picker-1,169
753,9480,9723,9903,picker-2,180
734,9300,9554,9910,picker-3,356
722,9180,9564,9910,picker-3,346
688,8820,9734,9911,picker-1,177
787,9780,9780,9929,picker-3,149
664,8580,9758,10007,picker-2,249
744,9420,9788,10023,picker-3,235
754,9480,9798,10034,picker-3,236
784,9780,9785,10056,picker-1,271
747,9420,9808,10071,picker-2,263
745,9420,9847,10077,picker-3,230
774,9660,9773,10082,picker-1,309
790,9840,9863,10103,picker-2,240
625,8100,9741,10109,picker-1,368
733,9300,9631,10153,picker-1,522
786,9780,9794,10242,picker-2,448
709,9060,9930,10311,picker-3,381
778,9720,10110,10322,picker-1,212
813,10080,10083,10332,picker-1,249
750,9420,9850,10336,picker-3,486
766,9600,9738,10336,picker-2,598
785,9780,10072,10336,picker-2,264
614,7920,9898,10342,picker-1,444
697,8880,9759,10349,picker-1,590
781,9780,9824,10358,picker-2,534
691,8820,9870,10381,picker-2,511
763,9540,9639,10409,picker-1,770
632,8160,9904,10414,picker-2,510
796,9900,9912,10414,picker-1,502
811,10080,10104,10428,picker-2,324
713,9060,10008,10490,picker-2,482
607,7800,9809,10495,picker-3,686
752,9480,10078,10508,picker-3,430
623,8040,10057,10517,picker-1,460
806,10020,10312,10537,picker-3,225
833,10260,10337,10561,picker-2,224
610,7860,10323,10567,picker-1,244
765,9600,10243,10568,picker-2,325
214,2820,10154,10580,picker-1,426
838,10320,10338,10583,picker-3,245
831,10260,10337,10591,picker-2,254
788,9840,10024,10595,picker-3,571
780,9780,10350,10601,picker-1,251
844,10380,10382,10610,picker-2,228
820,10140,10343,10619,picker-1,276
802,10020,10035,10626,picker-3,591
636,8160,9911,10635,picker-3,724
800,9960,10410,10637,picker-1,227
698,8880,10333,10655,picker-1,322
837,10260,10491,10667,picker-2,176
525,6540,9911,10675,picker-3,764
759,9540,10415,10717,picker-1,302
815,10080,10518,10717,picker-1,199
690,8820,10429,10744,picker-2,315
791,9840,10509,10751,picker-3,242
826,10200,10568,10770,picker-1,202
849,10500,10562,10772,picker-2,210
822,10200,10584,10786,picker-3,202
801,9960,10581,10787,picker-1,206
843,10380,10569,10800,picker-2,231
858,10620,10620,10893,picker-1,273
846,10440,10668,10908,picker-2,240
839,10320,10638,10916,picker-1,278
772,9660,10416,10920,picker-2,504
327,4020,10636,10949,picker-3,313
862,10680,10718,10954,picker-1,236
861,10680,10718,10954,picker-1,236
867,10740,10752,10980,picker-3,228
835,10260,10656,10989,picker-1,333
793,9840,10627,10993,picker-3,366
628,8100,10787,11027,picker-3,240
794,9900,10773,11034,picker-2,261
789,9840,10596,11034,picker-3,438
603,7740,10496,11065,picker-3,569
870,10740,10771,11075,picker-1,304
816,10080,10801,11092,picker-2,291
817,10140,10745,11106,picker-2,361
776,9660,10676,11111,picker-3,435
807,10020,10538,11117,picker-3,579
852,10560,10909,11143,picker-2,234
884,10920,10921,11143,picker-2,222
805,10020,10592,11152,picker-2,560
737,9300,10950,11157,picker-3,207
883,10920,10955,11200,picker-1,245
692,8820,10359,11225,picker-2,866
224,2940,10611,11256,picker-2,645
782,9780,10788,11266,picker-1,478
874,10800,11028,11275,picker-3,247
896,11040,11076,11290,picker-1,214
361,4500,10894,11312,picker-1,418
892,11040,11066,11324,picker-3,258
882,10920,11035,11360,picker-2,325
890,11040,11118,11361,picker-3,243
828,10200,10955,11364,picker-1,409
894,11040,11144,11394,picker-2,250
804,10020,11153,11408,picker-2,255
866,10680,11144,11419,picker-2,275
262,3240,10602,11426,picker-1,824
902,11160,11226,11448,picker-2,222
891,11040,11257,11495,picker-2,238
897,11100,11112,11508,picker-3,396
812,10080,11276,11521,picker-3,245
907,11220,11267,11527,picker-1,260
865,10680,11093,11546,picker-2,453
720,9120,11325,11563,picker-3,238
875,10800,11361,11572,picker-2,211
797,9960,10994,11601,picker-3,607
435,5520,11313,11609,picker-1,296
918,11340,11365,11616,picker-1,251
912,11280,11395,11617,picker-2,222
899,11100,11201,11624,picker-1,423
522,6480,11158,11637,picker-3,479
758,9540,10990,11646,picker-1,656
710,9060,10917,11654,picker-1,737
908,11220,11509,11691,picker-3,182
519,6480,11291,11697,picker-1,406
886,10980,10981,11699,picker-3,718
799,9960,11036,11724,picker-3,688
906,11220,11362,11778,picker-3,416
889,10980,11528,11782,picker-1,254
873,10800,11610,11803,picker-1,193
930,11520,11564,11808,picker-3,244
927,11460,11602,11832,picker-3,230
825,10200,11522,11854,picker-3,332
932,11580,11638,11866,picker-3,228
929,11520,11779,11996,picker-3,217
762,9540,11547,11999,picker-2,452
920,11400,11573,12011,picker-2,438
746,9420,11655,12012,picker-1,357
735,9300,11647,12075,picker-1,428
855,10560,11409,12082,picker-2,673
836,10260,11420,12101,picker-2,681
349,4320,11618,12107,picker-2,489
699,8880,11449,12134,picker-2,685
944,11700,11783,12135,picker-1,352
961,11940,12013,12218,picker-1,205
965,12000,12012,12222,picker-2,210
888,10980,11625,12252,picker-1,627
969,12060,12083,12259,picker-2,176
910,11280,11692,12266,picker-3,574
945,11700,11804,12270,picker-1,466
719,9120,11617,12279,picker-1,662
963,11940,11997,12293,picker-3,296
950,11760,12108,12316,picker-2,208
850,10500,11427,12318,picker-1,891
860,10680,12102,12344,picker-2,242
949,11760,11867,12359,picker-3,492
810,10080,11833,12384,picker-3,551
864,10680,11809,12398,picker-3,589
876,10800,12135,12406,picker-2,271
901,11160,11725,12414,picker-3,689
885,10920,12076,12416,picker-1,340
527,6600,11698,12430,picker-1,732
911,11280,12000,12474,picker-2,474
958,11880,12317,12484,picker-2,167
977,12180,12223,12491,picker-2,268
923,11400,12294,12496,picker-3,202
803,10020,11107,12502,picker-2,1395
881,10920,12260,12502,picker-2,242
992,12360,12407,12619,picker-2,212
841,10380,12271,12623,picker-1,352
987,12300,12385,12635,picker-3,250
970,12060,12280,12643,picker-1,363
829,10260,12253,12655,picker-1,402
671,8640,12136,12661,picker-1,525
757,9540,11700,12672,picker-3,972
997,12360,12417,12675,picker-1,258
702,9000,12267,12703,picker-3,436
1003,12480,12485,12704,picker-2,219
983,12300,12319,12707,picker-1,388
999,12420,12431,12707,picker-1,276
940,11640,12360,12802,picker-3,442
1012,12540,12624,12813,picker-1,189
935,11580,12644,12841,picker-1,197
956,11880,12656,12856,picker-1,200
871,10740,12475,12872,picker-2,397
971,12060,12662,12890,picker-1,228
868,10740,12492,12903,picker-2,411
976,12180,12676,12906,picker-1,230
458,5760,12219,12913,picker-1,694
962,11940,12673,12923,picker-3,250
857,10620,12704,12923,picker-3,219
634,8160,12503,12950,picker-2,447
656,8460,12636,12951,picker-3,315
943,11700,12415,12960,picker-3,545
955,11880,12399,12967,picker-3,568
986,12300,12708,12983,picker-1,275
814,10080,12620,12994,picker-2,374
430,5400,12705,12994,picker-2,289
845,10440,12503,13001,picker-2,498
1016,12660,12803,13006,picker-3,203
1015,12660,12708,13010,picker-1,302
947,11760,11855,13011,picker-3,1156
1032,12780,12814,13014,picker-1,200
989,12300,12904,13019,picker-2,115
638,8220,12345,13024,picker-2,679
1020,12720,12857,13029,picker-1,172
877,10860,11496,13031,picker-2,1535
1008,12540,12891,13036,picker-1,145
1014,12600,12914,13061,picker-1,147
1019,12660,12907,13073,picker-1,166
966,12000,12924,13099,picker-3,175
982,12300,12951,13111,picker-2,160
919,11340,12497,13118,picker-3,621
893,11040,12873,13122,picker-2,249
1024,12720,12961,13128,picker-3,167
840,10320,12984,13130,picker-1,146
1005,12480,12952,13140,picker-3,188
1039,12840,12924,13156,picker-3,232
1007,12540,12968,13170,picker-3,202
913,11340,13002,13171,picker-2,169
914,11340,12995,13178,picker-2,183
975,12180,13025,13229,picker-2,204
934,11580,13020,13248,picker-2,228
1025,12720,13030,13250,picker-1,220
1033,12780,13037,13266,picker-1,229
1006,12540,13015,13273,picker-1,258
978,12180,13032,13273,picker-2,241
1022,12720,13112,13298,picker-2,186
1013,12600,13062,13323,picker-1,261
1048,13020,13172,13368,picker-2,196
272,3360,13123,13375,picker-2,252
948,11760,12995,13394,picker-2,399
1044,12900,13179,13394,picker-2,215
711,9060,13011,13395,picker-1,384
1058,13140,13249,13401,picker-2,152
1065,13200,13230,13420,picker-2,190
749,9420,12842,13446,picker-1,604
1056,13140,13275,13487,picker-2,212
1053,13080,13274,13490,picker-1,216
1064,13200,13299,13502,picker-2,203
1075,13320,13369,13563,picker-2,194
827,10200,13267,13575,picker-1,308
452,5760,13171,13579,picker-3,408
1030,12720,13376,13613,picker-2,237
952,11820,13131,13642,picker-1,511
1088,13380,13402,13656,picker-2,254
1049,13080,13421,13669,picker-2,248
689,8820,13251,13673,picker-1,422
931,11520,13012,13674,picker-3,662
1092,13440,13488,13695,picker-2,207
1055,13140,13395,13709,picker-2,314
1090,13380,13447,13714,picker-1,267
1096,13500,13503,13716,picker-2,213
959,11940,13100,13718,picker-3,618
1076,13320,13324,13744,picker-1,420
1079,13380,13396,13744,picker-1,348
1061,13200,13395,13759,picker-2,364
821,10140,13491,13771,picker-1,280
1081,13380,13564,13772,picker-2,208
941,11640,13119,13775,picker-3,656
1104,13560,13614,13786,picker-2,172
159,2160,13129,13787,picker-3,658
1091,13440,13576,13794,picker-1,218
1105,13560,13580,13801,picker-3,221
905,11220,13007,13807,picker-3,800
1037,12840,13157,13811,picker-3,654
1036,12780,13657,13816,picker-2,159
1046,12900,13675,13857,picker-3,182
1042,12840,13141,13871,picker-3,730
1035,12780,13674,13875,picker-1,201
869,10740,13074,13891,picker-1,817
1100,13500,13696,13896,picker-2,200
1101,13560,13719,13905,picker-3,186
974,12120,13717,13908,picker-2,191
1089,13380,13715,13914,picker-1,199
1069,13260,13670,13920,picker-2,250
1054,13140,13776,13925,picker-3,149
1119,13740,13745,13931,picker-1,186
1115,13740,13745,13931,picker-1,186
1063,13200,13773,13945,picker-2,172
1052,13080,13643,13958,picker-1,315
1078,13320,13817,14007,picker-2,190
1028,12720,13710,14038,picker-2,328
1107,13620,13802,14045,picker-3,243
1001,12420,13788,14051,picker-3,263
1073,13320,13760,14055,picker-2,295
1116,13740,13772,14088,picker-1,316
1132,13860,13897,14095,picker-2,198
1029,12720,13876,14102,picker-1,226
1094,13440,13812,14107,picker-3,295
1129,13860,13921,14153,picker-2,232
942,11700,13909,14170,picker-2,261
1111,13680,13787,14215,picker-2,428
1124,13800,14046,14241,picker-3,195
1085,13380,14039,14253,picker-2,214
1125,13800,13906,14253,picker-3,347
1040,12840,14056,14261,picker-2,205
1045,12900,13872,14263,picker-3,391
895,11040,13915,14279,picker-1,364
1113,13680,14052,14282,picker-3,230
994,12360,13946,14288,picker-2,342
1106,13620,13959,14318,picker-1,359
1152,14100,14154,14354,picker-2,200
770,9660,14096,14366,picker-2,270
1041,12840,14103,14368,picker-1,265
1027,12720,13808,14375,picker-3,567
1057,13140,14089,14380,picker-1,291
903,11220,13932,14389,picker-1,457
1149,14100,14171,14391,picker-2,220
1018,12660,13926,14396,picker-3,470
832,10260,13795,14397,picker-1,602
1147,14100,14216,14411,picker-2,195
972,12120,14108,14421,picker-3,313
680,8700,13892,14425,picker-1,533
1159,14220,14242,14470,picker-3,228
1071,13260,14008,14478,picker-2,470
973,12120,13932,14500,picker-1,568
1169,14280,14280,14518,picker-1,238
590,7500,13858,14535,picker-3,677
1167,14280,14319,14543,picker-1,224
1153,14160,14255,14544,picker-3,289
1126,13800,14369,14573,picker-1,204
1163,14220,14376,14578,picker-3,202
1130,13860,14381,14601,picker-1,220
1174,14340,14367,14606,picker-2,239
708,9060,14254,14630,picker-2,376
938,11640,14398,14636,picker-1,238
1156,14160,14397,14660,picker-3,263
1176,14340,14392,14666,picker-2,274
1122,13740,14412,14666,picker-2,254
1166,14280,14283,14666,picker-3,383
1177,14340,14422,14699,picker-3,277
1183,14460,14479,14704,picker-2,225
1181,14460,14471,14706,picker-3,235
1062,13200,14262,14714,picker-2,452
957,11880,14289,14777,picker-2,488
1182,14460,14574,14804,picker-1,230
1192,14580,14602,14817,picker-1,215
1188,14520,14579,14819,picker-3,240
1150,14100,14668,14841,picker-3,173
939,11640,14264,14848,picker-3,584
1197,14640,14661,14848,picker-3,187
1187,14520,14544,14851,picker-1,307
922,11400,14390,14896,picker-1,506
824,10200,14545,14897,picker-3,352
1203,14700,14715,14934,picker-2,219
1141,14040,14705,14955,picker-2,250
878,10860,14637,14956,picker-1,319
1148,14100,14707,14996,picker-3,289
1161,14220,14426,15005,picker-1,579
1201,14640,14805,15022,picker-1,217
1208,14700,14700,15023,picker-3,323
1218,14820,14820,15023,picker-3,203
1170,14340,14536,15029,picker-3,493
818,10140,14501,15040,picker-1,539
1215,14820,14842,15042,picker-3,200
631,8160,14778,15046,picker-2,268
1213,14760,14818,15071,picker-1,253
1196,14640,14852,15096,picker-1,244
1173,14340,14519,15102,picker-1,583
1202,14640,14897,15135,picker-1,238
1168,14280,14667,15138,picker-2,471
1185,14520,14849,15162,picker-3,313
1127,13860,14898,15162,picker-3,264
988,12300,14631,15171,picker-2,540
879,10860,14849,15172,picker-3,323
633,8160,14355,15180,picker-2,825
795,9900,14607,15235,picker-2,628
1165,14280,15024,15250,picker-3,226
1220,14880,15024,15267,picker-3,243
1198,14640,15030,15300,picker-3,270
1214,14820,14935,15313,picker-2,378
1195,14640,15097,15331,picker-1,234
1171,14340,15103,15351,picker-1,248
1234,15120,15136,15351,picker-1,215
1179,14400,15023,15367,picker-1,344
1118,13740,14667,15374,picker-2,707
1199,14640,15041,15383,picker-1,342
1083,13380,15072,15383,picker-1,311
1131,13860,15006,15409,picker-1,403
1139,14040,14957,15419,picker-1,462
1230,15060,15163,15463,picker-3,300
1084,13380,15332,15515,picker-1,183
1247,15240,15268,15519,picker-3,251
1226,15060,15251,15535,picker-3,284
1158,14220,15301,15548,picker-3,247
1236,15120,15236,15551,picker-2,315
1240,15180,15352,15556,picker-1,204
809,10080,14956,15565,picker-2,609
1184,14460,14997,15567,picker-3,570
1242,15180,15375,15608,picker-2,233
1108,13620,15368,15612,picker-1,244
1023,12720,15163,15663,picker-3,500
1258,15420,15464,15707,picker-3,243
1256,15420,15520,15761,picker-3,241
1255,15420,15420,15762,picker-1,342
1266,15480,15516,15762,picker-1,246
1241,15180,15181,15764,picker-2,583
1261,15420,15557,15792,picker-1,235
993,12360,15139,15802,picker-2,663
1238,15120,15384,15815,picker-1,431
1252,15360,15410,15815,picker-1,405
595,7560,15384,15824,picker-1,440
1259,15420,15552,15830,picker-2,278
1284,15600,15613,15838,picker-1,225
1294,15660,15664,15868,picker-3,204
1271,15540,15549,15892,picker-3,343
1290,15600,15609,15892,picker-2,283
714,9060,15172,15915,picker-2,743
1223,15000,15536,15915,picker-3,379
1225,15060,15763,15917,picker-1,154
1099,13500,15566,15926,picker-2,360
1204,14700,15765,15938,picker-2,173
687,8760,15352,15941,picker-1,589
707,9060,15047,15943,picker-2,896
1291,15660,15762,15952,picker-3,190
542,6900,15314,15967,picker-2,653
1186,14520,15173,15971,picker-3,798
1300,15720,15763,15981,picker-1,218
1251,15360,15803,15983,picker-2,180
1138,14040,15043,16001,picker-3,958
1270,15480,15793,16007,picker-1,214
1244,15240,15816,16036,picker-1,220
1297,15660,15839,16050,picker-1,211
1134,13860,15568,16055,picker-3,487
1245,15240,15816,16064,picker-1,248
1312,15840,15893,16089,picker-2,196
830,10260,15708,16156,picker-3,448
728,9180,15918,16179,picker-1,261
1313,15840,15942,16193,picker-1,251
1274,15540,15939,16213,picker-2,274
1281,15600,16051,16257,picker-1,206
1123,13740,16008,16268,picker-1,260
1264,15480,15825,16285,picker-1,460
1282,15600,15917,16300,picker-3,383
1162,14220,15831,16303,picker-2,472
1047,12900,15953,16316,picker-3,363
1317,15900,16056,16316,picker-3,260
1321,15960,15982,16324,picker-1,342
1263,15480,15894,16352,picker-3,458
1329,16080,16090,16384,picker-2,294
1314,15900,16157,16402,picker-3,245
1293,15660,16180,16403,picker-1,223
1004,12480,15869,16432,picker-3,563
1307,15780,15927,16439,picker-2,512
1304,15780,15968,16462,picker-2,494
1178,14400,16002,16463,picker-3,461
1320,15960,15972,16470,picker-3,498
1323,16020,16214,16475,picker-2,261
1302,15780,15984,16502,picker-2,518
1316,15900,16304,16516,picker-2,212
1227,15060,16385,16562,picker-2,177
1340,16260,16269,16583,picker-1,314
592,7500,15916,16597,picker-2,681
1243,15180,16317,16601,picker-3,284
1344,16320,16353,16636,picker-3,283
1338,16260,16433,16730,picker-3,297
1311,15840,16440,16756,picker-2,316
1360,16500,16503,16782,picker-2,279
584,7440,16258,16806,picker-1,548
1365,16560,16584,16806,picker-1,222
1341,16320,16463,16806,picker-2,343
1142,14040,16065,16818,picker-1,753
1010,12540,16471,16822,picker-3,351
18,300,16476,16838,picker-2,362
1279,15540,16037,16840,picker-1,803
1355,16500,16598,16848,picker-2,250
1038,12840,16194,16857,picker-1,663
1303,15780,16517,16859,picker-2,342
1145,14100,16403,16885,picker-3,482
1217,14820,16404,16901,picker-1,497
1050,13080,15944,16917,picker-2,973
1206,14700,16325,16939,picker-1,614
1228,15060,16563,16941,picker-2,378
1326,16020,16286,16958,picker-1,672
1335,16200,16301,16958,picker-3,657
1328,16080,16731,17014,picker-3,283
1034,12780,16757,17043,picker-2,286
1369,16620,16808,17043,picker-2,235
1378,16740,16839,17050,picker-2,211
1272,15540,16602,17057,picker-3,455
1375,16680,16849,17065,picker-2,216
1239,15120,16637,17068,picker-3,431
1370,16620,16823,17095,picker-3,272
1372,16680,16918,17104,picker-2,186
1391,16860,16902,17136,picker-1,234
1381,16740,16942,17141,picker-2,199
1392,16860,16860,17148,picker-2,288
1364,16560,16783,17152,picker-2,369
1346,16380,16841,17158,picker-1,317
1371,16680,16858,17158,picker-1,300
1114,13680,16317,17168,picker-3,851
1280,15600,16464,17184,picker-3,720
1389,16860,16940,17184,picker-1,244
1398,16980,17015,17198,picker-3,183
1394,16920,17058,17290,picker-3,232
1334,16200,16807,17292,picker-1,485
1000,12420,16819,17305,picker-1,486
1133,13860,17066,17317,picker-2,251
1404,17100,17105,17317,picker-2,212
1387,16860,17069,17332,picker-3,263
1232,15060,16886,17347,picker-3,461
1393,16920,17096,17354,picker-3,258
1137,14040,16960,17380,picker-3,420
1366,16560,17159,17457,picker-1,298
1367,16620,16959,17466,picker-1,507
1396,16980,17159,17478,picker-1,319
1402,17040,17293,17495,picker-1,202
1357,16500,17044,17597,picker-2,553
1216,14820,17137,17623,picker-1,486
1180,14400,17318,17628,picker-2,310
1403,17040,17333,17649,picker-3,316
1200,14640,17153,17696,picker-2,543
1426,17280,17318,17714,picker-2,396
1289,15600,17355,17727,picker-3,372
1074,13320,17169,17742,picker-3,573
1212,14760,17142,17789,picker-2,647
1262,15480,17291,17802,picker-3,511
1400,17040,17598,17856,picker-2,258
1440,17400,17629,17872,picker-2,243
1435,17400,17458,17877,picker-1,419
1278,15540,17348,17879,picker-3,531
1463,17640,17697,17905,picker-2,208
1445,17520,17715,17956,picker-2,241
1189,14520,17496,17978,picker-1,482
1411,17160,17381,18014,picker-3,633
1469,17760,17790,18028,picker-2,238
1455,17580,17650,18043,picker-3,393
1399,16980,17185,18057,picker-1,872
1257,15420,17467,18066,picker-1,599
1427,17280,17857,18086,picker-2,229
1250,15360,17728,18103,picker-3,375
1194,14580,17306,18109,picker-1,803
1481,17880,17906,18114,picker-2,208
1454,17520,17880,18145,picker-3,265
1349,16440,17044,18165,picker-2,1121
1359,16500,17743,18178,picker-3,435
937,11640,17199,18186,picker-3,987
1466,17700,17979,18188,picker-1,209
1457,17580,17624,18196,picker-1,572
1462,17640,17957,18198,picker-2,241
1491,18000,18015,18229,picker-3,214
854,10560,17051,18232,picker-2,1181
1268,15480,18067,18245,picker-1,178
1422,17280,18029,18245,picker-2,216
673,8700,16807,18253,picker-1,1446
916,11340,17873,18257,picker-2,384
1468,17700,18087,18295,picker-2,208
600,7680,17479,18304,picker-1,825
1472,17820,18058,18317,picker-1,259
1151,14100,17878,18331,picker-1,453
1343,16320,17149,18335,picker-2,1186
1464,17700,18115,18354,picker-2,239
1333,16200,18104,18359,picker-3,255
1499,18120,18146,18359,picker-3,213
1493,18060,18166,18371,picker-2,205
1498,18120,18189,18389,picker-1,200
1484,17940,18199,18435,picker-2,236
1473,17820,18197,18454,picker-1,257
1275,15540,18233,18475,picker-2,242
1510,18240,18254,18491,picker-1,237
1479,17880,18187,18501,picker-3,314
1011,12540,18110,18513,picker-1,403
1211,14760,18044,18562,picker-3,518
1506,18240,18372,18568,picker-2,196
1456,17580,18360,18590,picker-3,230
1519,18360,18360,18600,picker-3,240
968,12060,17186,18611,picker-3,1425
1501,18120,18179,18628,picker-3,449
1377,16740,18258,18672,picker-2,414
1325,16020,18355,18672,picker-2,317
1441,17400,18332,18674,picker-1,342
1531,18480,18502,18714,picker-3,212
1043,12900,17803,18741,picker-3,938
1477,17880,18305,18742,picker-1,437
1532,18480,18563,18750,picker-3,187
1503,18180,18492,18758,picker-1,266
1518,18300,18336,18777,picker-2,441
1528,18420,18591,18778,picker-3,187
1517,18300,18601,18792,picker-3,191
1434,17400,18247,18796,picker-2,549
1521,18360,18436,18796,picker-2,360
1504,18180,18318,18798,picker-1,480
1483,17940,18230,18804,picker-3,574
1535,18480,18569,18806,picker-2,237
1516,18300,18612,18824,picker-3,212
1060,13200,18455,18837,picker-1,382
1514,18300,18629,18844,picker-3,215
1315,15900,18390,18850,picker-1,460
1154,14160,18246,18887,picker-1,641
1550,18660,18673,18888,picker-2,215
1485,17940,18514,18902,picker-1,388
1544,18600,18673,18905,picker-2,232
1097,13500,18476,18911,picker-2,435
1342,16320,18715,18921,picker-3,206
1072,13320,18742,18928,picker-3,186
1450,17520,18296,18941,picker-2,645
1554,18780,18799,18989,picker-1,190
1382,16800,18778,18991,picker-2,213
1489,18000,18743,19016,picker-1,273
1425,17280,18675,19037,picker-1,362
1565,18840,18851,19037,picker-1,186
1449,17520,18797,19053,picker-2,256
1374,16680,18903,19054,picker-1,151
1564,18840,18888,19065,picker-1,177
1433,17340,18807,19086,picker-2,279
1561,18780,18793,19099,picker-3,306
1507,18240,18990,19139,picker-1,149
1562,18840,18845,19139,picker-3,294
1530,18420,18825,19159,picker-3,334
1475,17820,18838,19160,picker-1,322
1429,17340,19017,19202,picker-1,185
1539,18600,18929,19223,picker-3,294
1573,18960,18992,19230,picker-2,238
1578,19020,19038,19266,picker-1,228
1560,18780,19038,19266,picker-1,228
1352,16440,18797,19266,picker-2,469
1559,18780,18805,19281,picker-3,476
1579,19020,19054,19283,picker-2,229
1416,17220,18751,19318,picker-3,567
1298,15720,19066,19368,picker-1,302
1520,18360,19161,19439,picker-1,278
1542,18600,18912,19446,picker-2,534
1575,19020,19087,19473,picker-2,386
1549,18660,19203,19477,picker-1,274
1474,17820,18942,19496,picker-2,554
1595,19200,19231,19510,picker-2,279
1478,17880,19224,19522,picker-3,298
1488,17940,19055,19551,picker-1,496
1591,19140,19140,19580,picker-1,440
1574,18960,19267,19580,picker-1,313
1583,19080,19267,19590,picker-1,323
1540,18600,19319,19597,picker-3,278
1536,18540,19369,19601,picker-1,232
964,12000,18906,19607,picker-2,701
1410,17160,19268,19616,picker-2,348
1362,16560,18759,19622,picker-1,863
1596,19200,19284,19660,picker-2,376
1556,18780,19141,19668,picker-3,527
1590,19140,19282,19680,picker-3,398
1534,18480,18889,19684,picker-2,795
1615,19440,19447,19684,picker-2,237
1610,19380,19440,19690,picker-1,250
1339,16260,18922,19701,picker-3,779
1529,18420,19474,19702,picker-2,228
1612,19440,19478,19705,picker-1,227
1622,19500,19511,19726,picker-2,215
1524,18420,18779,19746,picker-3,967
1552,18660,19523,19763,picker-3,240
1626,19560,19581,19767,picker-1,186
1588,19080,19608,19829,picker-2,221
1386,16860,19160,19869,picker-3,709
1609,19380,19623,19879,picker-1,256
1368,16620,19617,19916,picker-2,299
1592,19140,19497,19956,picker-2,459
1629,19620,19661,19966,picker-2,305
1460,17640,19591,20074,picker-1,483
1607,19320,19691,20099,picker-1,408
1638,19740,19830,20110,picker-2,280
1348,16440,19703,20137,picker-2,434
1319,15960,19552,20142,picker-1,590
1625,19560,19685,20149,picker-2,464
1601,19260,19706,20173,picker-1,467
1419,17220,19957,20193,picker-2,236
1623,19560,19768,20196,picker-1,428
1635,19680,19727,20212,picker-2,485
1210,14760,19581,20219,picker-1,638
1643,19740,19917,20244,picker-2,327
1547,18660,19702,20257,picker-3,555
1428,17340,19602,20289,picker-1,687
1661,20040,20100,20300,picker-1,200
1630,19680,20143,20317,picker-1,174
1631,19680,19880,20323,picker-1,443
1624,19560,19870,20327,picker-3,457
1668,20040,20075,20343,picker-1,268
1548,18660,19681,20360,picker-3,679
1557,18780,19669,20418,picker-3,749
1677,20160,20194,20459,picker-2,265
1568,18960,20197,20460,picker-1,263
960,11940,19685,20476,picker-2,791
1637,19740,19747,20479,picker-3,732
1671,20100,20213,20490,picker-2,277
1379,16740,19598,20499,picker-3,901
1678,20160,20290,20502,picker-1,212
1598,19200,20328,20509,picker-3,181
1652,19920,20138,20519,picker-2,381
1688,20220,20245,20519,picker-2,274
643,8280,19764,20556,picker-3,792
1604,19320,20150,20583,picker-2,433
1695,20340,20361,20584,picker-3,223
1356,16500,20111,20590,picker-2,479
1511,18240,20258,20597,picker-3,339
1476,17880,19967,20605,picker-2,638
1647,19800,20301,20615,picker-1,314
1608,19320,20477,20619,picker-2,142
1691,20280,20500,20669,picker-3,169
1705,20460,20460,20674,picker-2,214
1683,20220,20480,20683,picker-3,203
1670,20100,20174,20718,picker-1,544
1675,20160,20318,20749,picker-1,431
1648,19800,20491,20758,picker-2,267
1676,20160,20510,20774,picker-3,264
1639,19740,20520,20785,picker-2,265
1666,20040,20598,20796,picker-3,198
1563,18840,20520,20876,picker-2,356
1719,20640,20750,20897,picker-1,147
1618,19500,20419,20901,picker-3,482
1685,20220,20670,20930,picker-3,260
1482,17880,20591,20935,picker-2,344
1708,20520,20616,20936,picker-1,320
1599,19260,20324,20961,picker-1,637
1703,20460,20461,20961,picker-1,500
456,5760,20503,20999,picker-1,496
1292,15660,20719,21033,picker-1,314
1412,17160,20786,21049,picker-2,263
1718,20640,20898,21053,picker-1,155
1572,18960,20344,21056,picker-1,712
1731,20700,20937,21106,picker-1,169
1756,20880,20936,21126,picker-2,190
1587,19080,19100,21128,picker-3,2028
1741,20820,20902,21128,picker-3,226
1632,19680,20775,21137,picker-3,362
1644,19800,20962,21150,picker-1,188
1273,15540,20797,21153,picker-3,356
1467,17700,20584,21157,picker-2,573
1699,20400,20962,21158,picker-1,196
1067,13260,20759,21167,picker-2,408
819,10140,20877,21175,picker-2,298
1716,20640,20675,21186,picker-2,511
1709,20580,20585,21193,picker-3,608
1698,20400,20931,21193,picker-3,262
1600,19260,20606,21199,picker-2,593
1728,20700,21000,21206,picker-1,206
1597,19200,20620,21211,picker-2,591
1759,20940,21050,21249,picker-2,199
1581,19020,20684,21267,picker-3,583
1772,21000,21057,21276,picker-1,219
1781,21120,21129,21284,picker-3,155
1764,20940,21158,21304,picker-2,146
1663,20040,21168,21352,picker-2,184
1786,21180,21194,21385,picker-3,191
1758,20940,21194,21385,picker-3,191
1465,17700,21034,21385,picker-1,351
1617,19500,21127,21436,picker-2,309
1789,21240,21250,21447,picker-2,197
1768,20940,21154,21456,picker-3,302
1790,21240,21277,21468,picker-1,191
1545,18600,21129,21468,picker-3,339
1746,20820,21054,21478,picker-1,424
1787,21240,21285,21518,picker-3,233
1736,20760,21159,21541,picker-1,382
1577,19020,21138,21594,picker-3,456
1784,21120,21207,21594,picker-1,387
1797,21300,21353,21597,picker-2,244
1806,21360,21386,21620,picker-1,234
946,11700,21107,21627,picker-1,520
1771,21000,21176,21652,picker-2,476
1812,21420,21457,21663,picker-3,206
115,1560,20557,21670,picker-3,1113
1809,21420,21437,21674,picker-2,237
1752,20880,21448,21683,picker-2,235
1704,20460,21200,21692,picker-2,492
1765,20940,21212,21733,picker-2,521
1490,18000,21305,21769,picker-2,464
1729,20700,21387,21784,picker-3,397
1727,20700,21187,21789,picker-2,602
1735,20760,21469,21795,picker-1,326
1811,21420,21470,21798,picker-3,328
1820,21540,21595,21809,picker-1,214
1796,21300,21387,21854,picker-3,467
1807,21420,21621,21876,picker-1,255
1681,20220,21542,21900,picker-1,358
1646,19800,21519,21907,picker-3,388
1710,20580,21151,21924,picker-1,773
1723,20640,21671,21930,picker-3,259
1826,21600,21628,21948,picker-1,320
1835,21720,21734,21960,picker-2,226
1818,21540,21596,21964,picker-3,368
1825,21600,21684,21991,picker-2,307
1778,21120,21479,21992,picker-1,513
1799,21300,21785,22000,picker-3,215
1810,21420,21796,22014,picker-1,218
1843,21780,21810,22022,picker-1,212
1745,20820,21693,22029,picker-2,336
1793,21300,21799,22030,picker-3,231
1769,21000,21664,22044,picker-3,380
1839,21780,21790,22060,picker-2,270
1854,21900,21901,22060,picker-1,159
1833,21660,21675,22069,picker-2,394
1660,20040,21770,22078,picker-2,308
1838,21780,21877,22079,picker-1,202
1673,20160,21855,22087,picker-3,232
1751,20880,21653,22117,picker-2,464
1749,20820,21598,22140,picker-2,542
1837,21780,21992,22158,picker-2,166
1855,21960,21993,22169,picker-1,176
1852,21900,21949,22185,picker-1,236
1829,21660,22023,22195,picker-1,172
1750,20880,22062,22198,picker-2,136
1832,21660,22061,22227,picker-1,166
701,8940,21268,22291,picker-3,1023
1636,19680,22079,22300,picker-2,221
1869,22140,22141,22319,picker-2,178
1842,21780,22080,22322,picker-1,242
1409,17160,21961,22357,picker-2,396
1856,21960,22088,22360,picker-3,272
1287,15600,22015,22368,picker-1,353
1783,21120,22196,22384,picker-1,188
1701,20460,22170,22403,picker-1,233
1763,20940,21965,22432,picker-3,467
1860,22020,22186,22438,picker-1,252
1874,22140,22228,22438,picker-1,210
1066,13200,21931,22448,picker-3,517
1754,20880,22030,22463,picker-2,433
1543,18600,22001,22484,picker-3,483
1853,21900,21925,22487,picker-1,562
1885,22320,22323,22506,picker-1,183
505,6360,21908,22533,picker-3,625
1861,22080,22358,22536,picker-2,178
1887,22320,22369,22553,picker-1,184
1470,17760,22301,22554,picker-2,253
1884,22260,22385,22566,picker-1,181
1684,20220,22118,22570,picker-2,452
1654,19920,22199,22597,picker-2,398
1816,21480,22292,22652,picker-3,360
1747,20820,22439,22666,picker-1,227
1840,21780,22439,22675,picker-1,236
1766,20940,22159,22681,picker-2,522
1420,17220,22031,22687,picker-3,656
1886,22320,22320,22688,picker-2,368
1892,22380,22488,22689,picker-1,201
1526,18420,22070,22698,picker-2,628
1805,21360,22404,22701,picker-1,297
1897,22440,22537,22710,picker-2,173
1901,22440,22464,22718,picker-2,254
1879,22200,22534,22748,picker-3,214
1743,20820,22554,22758,picker-1,204
1794,21300,22571,22759,picker-2,188
1773,21000,22433,22789,picker-3,356
1882,22260,22598,22794,picker-2,196
1777,21060,22485,22800,picker-3,315
1912,22620,22667,22803,picker-1,136
1845,21840,22555,22805,picker-2,250
1788,21240,22676,22815,picker-1,139
1866,22140,22688,22823,picker-3,135
1916,22680,22682,22825,picker-2,143
1913,22620,22689,22838,picker-2,149
1406,17100,22567,22845,picker-1,278
1800,21360,22690,22880,picker-1,190
1775,21060,22702,22918,picker-1,216
1459,17640,22749,22930,picker-3,181
1919,22740,22759,22931,picker-1,172
1690,20280,22045,22948,picker-3,903
1918,22740,22760,22956,picker-2,196
1697,20400,22361,22986,picker-3,625
1925,22800,22801,23004,picker-3,203
1923,22800,22804,23024,picker-1,220
1928,22800,22839,23112,picker-2,273
1614,19440,22846,23115,picker-1,269
1571,18960,22881,23120,picker-1,239
1894,22380,22711,23123,picker-2,412
1871,22140,22931,23142,picker-3,211
1933,22860,22932,23167,picker-1,235
1830,21660,22653,23170,picker-3,517
1844,21780,22790,23205,picker-3,415
1931,22860,22957,23210,picker-2,253
1613,19440,22449,23216,picker-3,767
1945,22980,23005,23232,picker-3,227
1824,21600,22719,23248,picker-2,529
1941,22980,22987,23252,picker-3,265
1876,22140,22795,23259,picker-2,464
1899,22440,22806,23275,picker-2,469
1907,22560,23143,23305,picker-3,162
1848,21840,23124,23318,picker-2,194
1761,20940,22816,23323,picker-1,507
1948,23040,23116,23332,picker-1,216
1725,20700,22507,23348,picker-1,841
1739,20820,22699,23358,picker-2,659
1921,22740,23025,23363,picker-1,338
1570,18960,23171,23368,picker-3,197
1748,20820,23233,23386,picker-3,153
1959,23160,23168,23390,picker-1,222
1867,22140,23217,23394,picker-3,177
1956,23100,23211,23395,picker-2,184
1880,22260,22949,23411,picker-3,462
1770,21000,23206,23422,picker-3,216
1890,22320,22919,23431,picker-1,512
1190,14520,22824,23440,picker-3,616
1494,18060,23121,23441,picker-1,320
1963,23220,23333,23493,picker-1,160
1791,21240,23113,23495,picker-2,382
1966,23280,23324,23505,picker-1,181
1859,22020,23319,23506,picker-2,187
1960,23220,23249,23519,picker-2,270
1961,23220,23359,23528,picker-2,169
1827,21600,23306,23576,picker-3,270
1711,20580,23396,23608,picker-2,212
1915,22680,22826,23632,picker-2,806
1605,19320,23260,23647,picker-2,387
1780,21120,23276,23647,picker-2,371
1969,23280,23496,23658,picker-2,162
1979,23460,23494,23667,picker-1,173
1985,23520,23520,23699,picker-2,179
1850,21840,23364,23720,picker-1,356
247,3180,23391,23720,picker-1,329
1917,22740,23506,23733,picker-1,227
1828,21660,23507,23744,picker-2,237
1929,22800,23529,23744,picker-2,215
1973,23340,23349,23746,picker-1,397
1814,21480,23442,23763,picker-1,321
1972,23340,23609,23784,picker-2,175
1998,23640,23648,23811,picker-2,163
1911,22620,23668,23853,picker-1,185
1936,22860,23441,23871,picker-3,430
1997,23640,23648,23882,picker-2,234
1740,20820,23423,23915,picker-3,492
1686,20220,23577,23915,picker-3,338
1347,16440,23659,23927,picker-2,268
1904,22500,23721,23936,picker-1,215
1437,17400,23412,23966,picker-3,554
2003,23700,23734,23973,picker-1,239
2011,23760,23764,23973,picker-1,209
1451,17520,23369,23975,picker-3,606
985,12300,23253,23986,picker-3,733
1906,22560,23745,24005,picker-2,260
2007,23760,23785,24014,picker-2,229
1815,21480,23395,24018,picker-3,623
1413,17160,23387,24032,picker-3,645
1994,23580,23854,24047,picker-1,193
1353,16500,23747,24061,picker-1,314
1940,22920,23745,24066,picker-2,321
1296,15660,23633,24073,picker-2,440
2013,23820,23872,24076,picker-3,204
1891,22320,23916,24084,picker-3,168
1694,20340,23700,24084,picker-2,384
2020,23880,23883,24084,picker-2,201
1872,22140,23721,24086,picker-1,365
2009,23760,23916,24101,picker-3,185
2022,23880,23928,24128,picker-2,200
2027,23940,23967,24160,picker-3,193
2019,23880,24015,24171,picker-2,156
1991,23580,23987,24199,picker-3,212
1696,20340,23812,24203,picker-2,391
1847,21840,23974,24205,picker-1,231
1776,21060,24006,24225,picker-2,219
2000,23700,24048,24238,picker-1,190
2017,23820,24067,24239,picker-2,172
1987,23580,24033,24246,picker-3,213
2042,24120,24129,24289,picker-2,160
1937,22920,24062,24307,picker-1,245
1895,22380,23976,24309,picker-3,333
2026,23940,23974,24352,picker-1,378
1993,23580,24019,24359,picker-3,340
1744,20820,23937,24363,picker-1,426
2043,24120,24172,24373,picker-2,201
1407,17100,24161,24383,picker-3,222
2044,24120,24206,24384,picker-1,178
1982,23520,24085,24396,picker-2,311
1785,21180,24102,24413,picker-3,311
2049,24180,24204,24429,picker-2,225
1801,21360,24239,24442,picker-1,203
1893,22380,24077,24450,picker-3,373
1804,21360,24074,24457,picker-2,383
2040,24120,24226,24470,picker-2,244
2058,24240,24247,24471,picker-3,224
1989,23580,24087,24472,picker-1,385
2030,24000,24085,24488,picker-2,403
2010,23760,24240,24506,picker-2,266
2061,24300,24374,24606,picker-2,232
2039,24060,24451,24652,picker-3,201
1390,16860,24364,24681,picker-1,317
2006,23700,24310,24691,picker-3,381
1358,16500,24360,24691,picker-3,331
2033,24000,24384,24691,picker-3,307
1935,22860,24200,24751,picker-3,551
1865,22140,24353,24758,picker-1,405
1883,22260,24414,24786,picker-3,372
1862,22080,24507,24802,picker-2,295
2083,24600,24607,24802,picker-2,195
1792,21240,24308,24809,picker-1,501
1594,19200,24458,24830,picker-2,372
1538,18600,24473,24847,picker-1,374
2025,23880,24086,24855,picker-3,769
2075,24480,24653,24855,picker-3,202
1910,22560,24397,24889,picker-2,492
2071,24420,24443,24891,picker-1,448
2097,24720,24759,24913,picker-1,154
2012,23820,24692,24919,picker-3,227
2038,24060,24290,24926,picker-2,636
2031,24000,24692,24933,picker-3,241
2051,24180,24489,24938,picker-2,449
2047,24120,24752,24943,picker-3,191
1692,20280,24471,24944,picker-2,473
1823,21600,24803,24958,picker-2,155
1682,20220,24430,24963,picker-2,533
2076,24480,24787,24979,picker-3,192
2087,24660,24692,24987,picker-3,295
1858,22020,24682,24990,picker-1,308
2102,24780,24810,24999,picker-1,189
2095,24720,24803,25008,picker-2,205
2113,24840,24848,25055,picker-1,207
2085,24600,24892,25072,picker-1,180
1967,23280,24914,25081,picker-1,167
1857,22020,24385,25092,picker-1,707
1971,23340,24831,25112,picker-2,281
2064,24300,24856,25151,picker-3,295
1782,21120,24890,25175,picker-2,285
2035,24060,24988,25181,picker-3,193
2104,24780,24980,25213,picker-3,233
2120,24960,25009,25230,picker-2,221
1408,17100,24927,25260,picker-2,333
2118,24960,24964,25260,picker-2,296
2089,24660,24959,25321,picker-2,362
1551,18660,24920,25330,picker-3,410
1970,23340,24991,25336,picker-1,345
2117,24960,25176,25343,picker-2,167
2080,24540,25152,25344,picker-3,192
2056,24240,25182,25361,picker-3,179
2129,25140,25214,25375,picker-3,161
2108,24840,25113,25377,picker-2,264
991,12360,24945,25394,picker-2,449
2079,24540,24856,25397,picker-3,541
2073,24420,24472,25412,picker-3,940
2074,24480,25073,25437,picker-1,364
2144,25320,25322,25498,picker-2,176
2004,23700,24934,25507,picker-3,573
928,11460,25082,25520,picker-1,438
1951,23040,25261,25524,picker-2,263
1939,22920,25331,25565,picker-3,234
310,3780,25056,25591,picker-1,535
2065,24360,25395,25612,picker-2,217
1395,16980,25000,25624,picker-1,624
2057,24240,25337,25646,picker-1,309
1808,21420,25261,25647,picker-2,386
2105,24840,25093,25656,picker-1,563
1914,22680,25438,25656,picker-1,218
1221,14940,25378,25673,picker-2,295
2145,25320,25521,25677,picker-1,156
2154,25380,25525,25704,picker-2,179
2081,24600,25231,25713,picker-2,482
2162,25560,25592,25721,picker-1,129
2119,24960,25344,25722,picker-2,378
1726,20700,24939,25735,picker-2,796
2124,25020,25362,25742,picker-3,380
2171,25620,25625,25755,picker-1,130
2166,25560,25566,25756,picker-3,190
2046,24120,25508,25772,picker-3,264
2161,25500,25613,25823,picker-2,210
2054,24180,25648,25833,picker-2,185
1822,21600,25647,25842,picker-1,195
2084,24600,25398,25859,picker-3,461
2059,24240,25413,25859,picker-3,446
2128,25140,25657,25862,picker-1,205
2156,25380,25657,25862,picker-1,205
2153,25380,25678,25874,picker-1,196
2082,24600,25499,25880,picker-2,381
1802,21360,25376,25892,picker-3,516
2100,24720,25743,25902,picker-3,159
2131,25140,25674,25959,picker-2,285
2130,25140,25705,25971,picker-2,266
2103,24780,25714,25983,picker-2,269
2115,24900,25736,25994,picker-2,258
1932,22860,24944,26005,picker-3,1061
2184,25800,25843,26019,picker-1,176
2165,25560,25824,26025,picker-2,201
2179,25680,25757,26030,picker-3,273
1942,22980,25723,26056,picker-2,333
2186,25860,25881,26074,picker-2,193
2141,25260,25834,26094,picker-2,260
1949,23040,25863,26102,picker-1,239
2169,25620,25875,26114,picker-1,239
2187,25860,25863,26121,picker-1,258
1738,20760,25984,26172,picker-2,188
2072,24420,25972,26193,picker-2,221
2096,24720,25960,26207,picker-2,247
2133,25200,26020,26222,picker-1,202
2015,23820,25722,26233,picker-1,511
2189,25860,26103,26275,picker-1,172
2140,25260,25756,26279,picker-1,523
2193,25920,26031,26285,picker-3,254
2208,26100,26122,26292,picker-1,170
2147,25320,25903,26344,picker-3,441
2005,23700,25345,26369,picker-3,1024
2199,25980,26006,26383,picker-3,377
2220,26220,26223,26399,picker-1,176
1813,21480,25860,26421,picker-3,561
2041,24120,26276,26421,picker-1,145
2227,26280,26280,26442,picker-1,162
2226,26220,26293,26461,picker-1,168
1418,17220,25893,26469,picker-3,576
1742,20820,25995,26474,picker-2,479
2063,24300,26115,26478,picker-1,363
1944,22980,26026,26495,picker-2,469
2217,26160,26345,26515,picker-3,170
2090,24660,26194,26541,picker-2,347
2221,26220,26384,26554,picker-3,170
1553,18720,26075,26566,picker-2,491
2211,26100,26370,26570,picker-3,200
1965,23220,26057,26575,picker-2,518
669,8640,25860,26578,picker-3,718
2164,25560,26286,26590,picker-3,304
1633,19680,26173,26593,picker-2,420
2194,25920,26443,26616,picker-1,173
2183,25740,26475,26631,picker-2,156
2172,25680,26422,26636,picker-1,214
2159,25440,26095,26637,picker-2,542
1755,20880,26234,26643,picker-1,409
2241,26460,26470,26656,picker-3,186
2235,26400,26423,26674,picker-3,251
2191,25920,26542,26686,picker-2,144
2244,26520,26555,26700,picker-3,145
2234,26340,26400,26703,picker-1,303
1984,23520,25773,26706,picker-3,933
1968,23280,26479,26711,picker-1,232
2212,26160,26496,26726,picker-2,230
2243,26520,26571,26740,picker-3,169
2242,26460,26462,26758,picker-1,296
2143,25260,26594,26766,picker-2,172
2223,26220,26576,26776,picker-2,200
2233,26340,26617,26781,picker-1,164
2200,26040,26637,26825,picker-1,188
2231,26340,26632,26848,picker-2,216
2216,26160,26704,26854,picker-1,150
2219,26220,26687,26868,picker-2,181
1641,19740,26567,26891,picker-2,324
2178,25680,26777,26909,picker-2,132
2255,26700,26727,26923,picker-2,196
2207,26100,26767,26932,picker-2,165
2139,25260,26516,26962,picker-3,446
2175,25680,26782,26967,picker-1,185
880,10920,26638,26970,picker-2,332
1555,18780,26644,27014,picker-1,370
1947,22980,26579,27018,picker-3,439
2114,24840,26208,27034,picker-2,826
2253,26700,26707,27035,picker-3,328
2008,23760,26759,27045,picker-1,286
2158,25440,26855,27059,picker-1,204
2149,25320,26712,27070,picker-1,358
2116,24960,26933,27094,picker-2,161
2045,24120,26657,27129,picker-3,472
2210,26100,26924,27143,picker-2,219
2266,26940,26968,27158,picker-1,190
2182,25740,26826,27165,picker-1,339
2225,26220,26869,27184,picker-2,315
2136,25200,27015,27199,picker-1,184
2036,24060,27046,27240,picker-1,194
2122,24960,27060,27255,picker-1,195
2265,26880,27036,27272,picker-3,236
2002,23700,26892,27274,picker-2,382
2279,27000,27095,27298,picker-2,203
2240,26460,26741,27309,picker-3,568
2291,27120,27166,27321,picker-1,155
2294,27120,27144,27335,picker-2,191
2251,26640,27159,27353,picker-1,194
2062,24300,27019,27362,picker-3,343
2264,26880,26963,27378,picker-3,415
834,10260,26971,27383,picker-2,412
2258,26700,27185,27383,picker-2,198
1308,15840,27035,27393,picker-2,358
2299,27240,27241,27414,picker-1,173
2284,27060,27130,27448,picker-3,318
2301,27300,27310,27474,picker-3,164
1658,19980,26675,27483,picker-3,808
2111,24840,26591,27489,picker-3,898
2288,27120,27299,27509,picker-2,210
2305,27360,27415,27565,picker-1,150
2254,26700,27384,27572,picker-2,188
2155,25380,26849,27610,picker-2,761
2271,26940,27449,27616,picker-3,167
2315,27420,27475,27639,picker-3,164
990,12360,26701,27651,picker-3,950
2099,24720,27275,27658,picker-2,383
2286,27060,27484,27662,picker-3,178
1898,22440,27336,27665,picker-2,329
2203,26040,27071,27679,picker-1,608
2267,26940,27322,27709,picker-1,387
2260,26760,27573,27720,picker-2,147
1889,22320,26910,27727,picker-2,817
1527,18420,27363,27728,picker-3,365
1128,13860,27379,27733,picker-3,354
2321,27480,27566,27737,picker-1,171
2283,27060,27256,27744,picker-1,488
1541,18600,27354,27748,picker-1,394
2272,26940,27510,27760,picker-2,250
2229,26280,27200,27767,picker-1,567
2334,27600,27611,27770,picker-2,159
2313,27420,27659,27822,picker-2,163
2320,27480,27640,27831,picker-3,191
2335,27660,27680,27831,picker-1,151
2329,27540,27710,27835,picker-1,125
2333,27600,27617,27843,picker-3,226
2247,26580,27490,27858,picker-3,368
1669,20100,27738,27870,picker-1,132
2259,26760,27273,27872,picker-3,599
2339,27720,27761,27955,picker-2,194
2311,27420,27745,27960,picker-1,215
2206,26100,27663,27985,picker-3,322
2273,26940,27844,28006,picker-3,162
2337,27660,27873,28046,picker-3,173
2314,27420,27832,28064,picker-1,232
2346,27780,27859,28081,picker-3,222
2280,27060,27956,28085,picker-2,129
2050,24180,27833,28098,picker-3,265
2345,27780,27836,28111,picker-1,275
1672,20160,27729,28116,picker-3,387
2246,26580,27734,28123,picker-3,389
2150,25320,27749,28124,picker-1,375
2300,27300,27986,28136,picker-3,150
2295,27180,27652,28154,picker-3,502
2303,27300,28082,28202,picker-3,120
1059,13140,27771,28247,picker-2,476
2352,27840,28086,28261,picker-2,175
2106,24840,28047,28293,picker-3,246
2285,27060,27871,28316,picker-1,445
1486,17940,27721,28337,picker-2,616
1990,23580,27666,28346,picker-2,680
1930,22860,28248,28377,picker-2,129
2214,26160,27961,28413,picker-1,452
1438,17400,27768,28421,picker-1,653
2332,27600,28155,28425,picker-3,270
2245,26520,28317,28451,picker-1,134
2328,27540,27728,28454,picker-2,726
1702,20460,28124,28470,picker-3,346
2351,27840,28137,28470,picker-3,333
2201,26040,28112,28474,picker-1,362
1222,14940,28125,28524,picker-1,399
1836,21780,28347,28535,picker-2,188
2353,27840,28294,28542,picker-3,248
1327,16080,28117,28554,picker-3,437
1026,12720,28065,28559,picker-1,494
1819,21540,28378,28578,picker-2,200
2312,27420,28414,28578,picker-1,164
2269,26940,28099,28599,picker-3,500
2197,25980,28422,28617,picker-1,195
2261,26760,28262,28675,picker-2,413
1664,20040,28536,28750,picker-2,214
