pod_id,item_id,qty,order_id,processed_time,task_type,trigger
119,163,8,-83,40,1,
43,388,5,-89,44,1,
112,274,4,-83,47,1,
98,343,8,-91,59,1,
14,566,8,-83,60,1,
14,281,1,-73,60,1,
1,281,1,-83,63,1,
130,286,2,-83,68,1,
78,180,10,-89,73,1,
131,673,4,-83,82,1,
185,62,9,-94,86,1,
90,255,4,-79,88,1,
90,255,4,-70,88,1,
90,255,10,-62,88,1,
10,136,8,-83,94,1,
95,434,3,-83,99,1,
103,59,10,-97,100,1,
55,26,2,-83,104,1,
12,423,6,-94,112,1,
94,546,3,-93,120,1,
111,242,10,-73,127,1,
111,258,6,-66,127,1,
199,176,10,-94,136,1,
160,223,6,-73,137,1,
160,281,1,-38,137,1,
49,252,7,-73,148,1,
165,53,7,-91,149,1,
30,332,2,-81,156,1,
104,241,7,-70,157,1,
5,6,6,-73,157,1,
50,37,6,-77,167,1,
86,187,7,-69,182,1,
86,19,7,-66,182,1,
86,187,5,-38,182,1,
32,519,5,-63,190,1,
172,12,10,-61,194,1,
237,109,10,-73,196,1,
184,273,5,-70,204,1,
35,387,10,-69,210,1,
120,38,8,-61,220,1,
120,38,8,-51,220,1,
120,38,4,-8,220,1,
74,296,10,-66,224,1,
20,389,4,-69,231,1,
194,183,2,-63,238,1,
51,557,4,-66,238,1,
82,374,4,-8,247,1,
126,258,6,-38,247,1,
72,339,5,-8,255,1,
134,504,7,-99,257,1,
15,371,1,-100,261,1,
67,231,10,-8,269,1,
27,8,4,-99,273,1,
6,239,4,-8,276,1,
45,238,4,-99,280,1,
40,230,2,-8,286,1,
63,610,8,-99,296,1,
13,261,5,-96,306,1,
88,318,8,-96,318,1,
156,401,7,-99,330,1,
195,317,8,-98,332,1,
171,256,5,-95,337,1,
75,339,6,-96,341,1,
56,517,8,-96,353,1,
127,242,4,-96,368,1,
135,10,10,-92,371,1,
155,475,4,-96,377,1,
73,362,6,-90,388,1,
238,57,11,-95,389,1,
233,373,8,-96,391,1,
108,49,5,-92,397,1,
205,377,5,-90,398,1,
38,305,4,-96,400,1,
54,77,4,-95,404,1,
59,1,4,-90,407,1,
132,100,3,-96,408,1,
3,337,6,-92,416,1,
158,11,10,-92,432,1,
9,652,6,-90,442,1,
91,130,6,-88,448,1,
22,254,4,-90,458,1,
157,100,6,-85,459,1,
109,278,5,-82,462,1,
129,68,2,-86,479,1,
110,555,6,-80,483,1,
4,281,1,-83,485,1,
57,489,3,-78,487,1,
2,281,1,-73,489,1,
133,439,6,-86,499,1,
105,422,12,-84,500,1,
37,56,1,-82,503,1,
80,245,6,-78,511,1,
28,293,4,-78,520,1,
224,674,6,-78,538,1,
16,281,1,-38,544,1,
112,49,3,-74,545,1,
140,260,5,-78,548,1,
11,661,10,-82,555,1,
71,1,12,-75,561,1,
17,378,9,-78,563,1,
70,177,3,-72,567,1,
186,258,5,-66,574,1,
136,72,6,-76,575,1,
0,28,2,-78,582,1,
111,242,7,-87,584,1,
215,263,9,-71,591,1,
14,237,5,-76,592,1,
76,247,11,-71,607,1,
102,636,10,-76,608,1,
130,3,8,-68,618,1,
31,8,6,-76,620,1,
65,500,6,-71,627,1,
115,272,4,-67,634,1,
79,39,6,-68,643,1,
89,351,2,-65,651,1,
93,503,6,-67,661,1,
43,307,7,-60,661,1,
103,241,4,-59,675,1,
162,415,10,-64,675,1,
152,385,6,-67,684,1,
18,371,1,-64,685,1,
179,586,8,-65,687,1,
47,42,6,-60,696,1,
95,411,6,-59,705,1,
208,10,1,-67,708,1,
146,389,4,-69,708,1,
148,533,10,-60,711,1,
61,90,3,-64,719,1,
33,371,1,-100,725,1,
153,315,8,-64,733,1,
20,409,8,-90,738,1,
151,622,2,-60,739,1,
40,317,6,-65,744,1,
87,19,7,-60,752,1,
44,243,3,-58,760,1,
184,273,8,-57,767,1,
173,481,4,-56,769,1,
127,258,2,-38,775,1,
195,357,11,-59,778,1,
225,179,7,-58,782,1,
156,401,12,-85,785,1,
48,85,8,-55,796,1,
172,87,10,-56,798,1,
233,373,6,-84,810,1,
135,626,10,-65,810,1,
23,337,4,-92,817,1,
38,123,10,-67,823,1,
189,16,3,-53,826,1,
132,2,5,-52,831,1,
150,379,5,-54,831,1,
54,278,3,-82,839,1,
161,389,1,-52,844,1,
78,307,8,-53,847,1,
123,52,10,-50,861,1,
160,297,9,-52,866,1,
3,281,1,-73,870,1,
131,148,6,-52,875,1,
147,81,7,-52,886,1,
124,45,2,-49,892,1,
42,428,6,-52,895,1,
74,0,4,-49,899,1,
188,70,4,-50,899,1,
178,639,8,-52,906,1,
178,-1,-1,-999,907,2,global
60,29,9,-49,912,1,
166,115,6,-52,916,1,
12,261,6,-49,923,1,
6,239,2,-49,928,1,
15,293,4,-49,934,1,
24,281,1,-38,938,1,
19,449,6,-48,940,1,
175,321,4,-49,942,1,
133,439,8,-52,952,1,
55,248,6,-49,954,1,
39,235,1,-48,956,1,
232,464,11,-49,971,1,
119,367,4,-48,975,1,
158,11,5,-48,983,1,
192,612,5,-48,991,1,
100,230,2,-48,995,1,
86,19,8,-48,1007,1,
88,319,10,-48,1021,1,
26,304,8,-45,1030,1,
134,169,8,-48,1035,1,
129,110,10,-45,1044,1,
104,647,5,-46,1046,1,
85,358,9,-44,1053,1,
5,60,6,-45,1053,1,
90,244,10,-46,1062,1,
1,233,10,-45,1067,1,
64,300,2,-46,1069,1,
149,430,5,-45,1075,1,
4,433,6,-43,1076,1,
75,0,9,-47,1084,1,
210,13,8,-43,1088,1,
209,13,4,-47,1093,1,
59,1,5,-42,1096,1,
27,371,1,-64,1116,1,
157,106,12,-41,1118,1,
111,171,2,-52,1125,1,
162,415,9,-39,1130,1,
101,320,6,-41,1136,1,
79,588,7,-48,1149,1,
117,27,10,-39,1151,1,
159,291,4,-35,1158,1,
109,555,4,-41,1158,1,
114,368,2,-37,1163,1,
118,371,1,-100,1166,1,
14,511,10,-36,1174,1,
229,323,10,-41,1175,1,
216,487,8,-39,1180,1,
96,209,6,-40,1186,1,
32,251,8,-36,1191,1,
7,406,9,-35,1202,1,
205,17,4,-32,1202,1,
0,295,8,-34,1205,1,
57,338,4,-34,1215,1,
56,468,10,-33,1217,1,
102,66,8,-33,1235,1,
16,107,11,-32,1237,1,
206,392,5,-34,1249,1,
71,1,12,-32,1254,1,
121,313,5,-31,1262,1,
120,1,7,-30,1266,1,
144,29,10,-32,1276,1,
18,334,6,-32,1286,1,
28,58,9,-30,1288,1,
63,114,6,-31,1297,1,
17,302,6,-31,1309,1,
127,155,10,-28,1315,1,
146,48,2,-31,1315,1,
239,349,1,-31,1321,1,
20,346,7,-31,1333,1,
219,257,4,-32,1342,1,
185,394,4,-31,1352,1,
33,105,5,-26,1354,1,
108,641,4,-26,1361,1,
40,230,8,-29,1366,1,
91,36,6,-29,1377,1,
2,157,8,-26,1388,1,
136,54,8,-29,1391,1,
99,76,6,-26,1397,1,
142,1,6,-26,1407,1,
25,92,11,-27,1408,1,
73,250,9,-25,1410,1,
126,242,7,-26,1417,1,
173,87,6,-27,1420,1,
13,6,7,-24,1420,1,
49,252,2,-25,1425,1,
36,237,6,-26,1427,1,
87,275,2,-24,1434,1,
48,614,9,-27,1435,1,
196,639,7,-27,1448,1,
196,-1,-1,-999,1448,2,global
58,583,6,-23,1459,1,
234,4,9,-24,1473,1,
45,235,5,-23,1479,1,
54,188,4,-40,1487,1,
23,281,1,-73,1493,1,
41,86,11,-23,1497,1,
233,4,12,-22,1511,1,
191,424,8,-23,1511,1,
232,449,4,-48,1513,1,
6,6,4,-21,1520,1,
208,724,8,-22,1522,1,
62,304,4,-45,1530,1,
93,503,3,-20,1531,1,
30,281,1,-38,1533,1,
167,236,9,-23,1536,1,
24,511,9,-29,1551,1,
161,234,4,-20,1555,1,
60,248,1,-49,1557,1,
29,261,6,-49,1568,1,
22,404,4,-21,1577,1,
158,306,3,-32,1585,1,
100,432,4,-19,1589,1,
39,235,5,-18,1595,1,
143,197,8,-21,1599,1,
52,460,6,-18,1604,1,
43,56,6,-18,1613,1,
123,761,2,-18,1618,1,
37,123,2,-18,1622,1,
90,93,8,-27,1627,1,
55,371,1,-64,1628,1,
226,458,6,-18,1632,1,
26,393,8,-15,1635,1,
42,32,6,-18,1651,1,
64,525,10,-15,1660,1,
119,18,10,-16,1668,1,
195,166,7,-15,1670,1,
80,39,8,-15,1684,1,
223,5,10,-18,1684,1,
210,77,3,-35,1690,1,
178,360,4,-18,1693,1,
215,263,3,-15,1695,1,
111,242,7,-16,1706,1,
72,542,11,-15,1711,1,
59,371,1,-100,1715,1,
1,193,2,-15,1723,1,
110,278,5,-14,1726,1,
174,361,12,-12,1738,1,
81,322,6,-15,1743,1,
19,346,4,-12,1745,1,
114,368,7,-16,1752,1,
160,25,10,-13,1758,1,
21,34,2,-12,1759,1,
50,98,9,-10,1765,1,
67,285,7,-13,1768,1,
159,313,10,-29,1770,1,
229,310,7,-10,1775,1,
205,242,11,-12,1781,1,
109,50,5,-10,1783,1,
57,338,7,-11,1794,1,
105,250,7,-10,1802,1,
71,167,5,-27,1802,1,
186,54,8,-9,1805,1,
88,402,6,-7,1815,1,
137,280,5,-7,1823,1,
70,678,6,-6,1827,1,
9,249,6,-7,1832,1,
61,350,4,-6,1836,1,
192,426,4,-5,1839,1,
239,397,9,-26,1840,1,
115,345,6,-6,1847,1,
152,476,6,-3,1849,1,
235,43,9,-9,1852,1,
213,284,6,-4,1861,1,
87,611,4,-17,1864,1,
129,490,8,-3,1870,1,
118,1,6,-1,1879,1,
44,624,11,-2,1885,1,
28,281,1,-73,1890,1,
23,113,3,-18,1891,1,
7,303,4,-1,1897,1,
25,283,4,-3,1898,1,
10,136,4,-1,1906,1,
227,320,6,-3,1914,1,
190,297,9,-1,1919,1,
35,1752,4,0,1926,1,
230,232,8,-1,1938,1,
148,533,2,0,1944,1,
116,78,4,2,1951,1,
134,807,8,0,1956,1,
84,133,4,0,1962,1,
63,41,8,-1,1975,1,
56,1301,6,4,1976,1,
2,289,7,4,1989,1,
189,1138,9,0,1990,1,
34,281,1,-38,1995,1,
48,172,5,4,1999,1,
5,6,10,2,2001,1,
172,12,4,3,2008,1,
209,249,6,3,2020,1,
33,813,5,4,2030,1,
45,235,1,-18,2035,1,
237,527,9,4,2045,1,
158,306,4,-13,2052,1,
108,50,7,4,2058,1,
73,250,3,6,2058,1,
167,432,4,-19,2061,1,
54,278,2,-14,2066,1,
92,342,9,4,2073,1,
126,242,4,-16,2073,1,
60,371,1,-64,2084,1,
224,5,9,7,2085,1,
68,512,8,4,2087,1,
151,896,4,7,2091,1,
121,371,1,-100,2095,1,
153,369,5,4,2097,1,
130,3,8,5,2111,1,
95,954,6,7,2114,1,
223,297,4,1,2120,1,
132,7,3,7,2123,1,
114,368,2,-10,2128,1,
65,96,6,7,2133,1,
103,231,4,9,2138,1,
59,1,2,9,2143,1,
43,1258,7,9,2155,1,
11,268,10,10,2173,1,
203,709,2,10,2180,1,
88,425,10,-1,2181,1,
143,1792,4,10,2189,1,
93,1701,6,14,2196,1,
205,153,9,12,2203,1,
159,313,2,10,2208,1,
133,2,4,14,2210,1,
85,350,4,-6,2213,1,
94,238,12,12,2227,1,
193,946,8,11,2227,1,
156,466,4,14,2235,1,
55,46,4,14,2242,1,
112,246,10,10,2243,1,
131,3,8,14,2253,1,
146,376,4,14,2260,1,
220,124,12,10,2262,1,
30,150,1,13,2267,1,
71,167,7,-1,2271,1,
3,433,8,14,2272,1,
51,1014,5,13,2278,1,
200,47,2,14,2278,1,
62,65,5,13,2288,1,
240,1419,4,15,2304,1,
105,277,8,16,2318,1,
90,36,10,18,2323,1,
117,27,4,16,2327,1,
104,241,2,17,2332,1,
144,29,9,18,2336,1,
74,0,4,16,2336,1,
31,1910,6,19,2343,1,
40,317,9,17,2347,1,
176,917,5,19,2351,1,
76,1630,12,18,2353,1,
115,78,6,3,2358,1,
232,43,6,18,2362,1,
8,792,6,17,2370,1,
79,341,4,19,2374,1,
152,745,3,14,2375,1,
6,303,2,-1,2379,1,
183,381,8,18,2398,1,
64,283,4,-3,2405,1,
129,68,6,20,2410,1,
123,320,4,-3,2412,1,
123,-1,-1,-999,2412,2,global
57,21,3,20,2416,1,
118,821,12,20,2433,1,
111,171,4,23,2438,1,
225,5,12,20,2449,1,
9,268,8,22,2450,1,
194,35,6,20,2459,1,
124,52,6,22,2460,1,
97,813,5,4,2470,1,
12,959,7,23,2470,1,
197,465,10,20,2473,1,
187,806,6,20,2482,1,
15,107,8,23,2485,1,
127,242,8,24,2494,1,
44,1006,8,23,2497,1,
208,13,11,25,2510,1,
168,244,9,22,2512,1,
186,943,5,23,2522,1,
171,256,7,26,2535,1,
243,298,4,22,2544,1,
99,250,7,6,2549,1,
134,3,2,26,2551,1,
75,0,3,26,2559,1,
191,269,3,26,2566,1,
70,19,2,26,2573,1,
16,23,4,26,2582,1,
190,816,8,26,2596,1,
147,1354,6,26,2607,1,
145,371,1,-64,2613,1,
145,-1,-1,-999,2613,2,global
135,169,4,27,2617,1,
158,306,8,28,2622,1,
47,64,4,27,2626,1,
148,371,1,-100,2637,1,
148,-1,-1,-999,2638,2,global
54,188,2,8,2638,1,
0,157,8,27,2640,1,
169,1137,8,26,2653,1,
215,137,5,31,2655,1,
233,4,8,29,2658,1,
100,76,2,27,2660,1,
1,193,10,31,2670,1,
154,145,6,27,2672,1,
120,372,3,27,2680,1,
206,392,6,31,2695,1,
182,68,10,27,2696,1,
45,238,1,31,2702,1,
77,22,2,32,2711,1,
48,152,10,27,2712,1,
139,996,6,30,2724,1,
184,609,11,32,2732,1,
86,350,2,-6,2741,1,
63,235,6,32,2748,1,
103,467,5,22,2754,1,
217,413,7,32,2759,1,
52,1003,1,33,2761,1,
188,33,10,32,2775,1,
114,74,4,33,2777,1,
59,1212,5,10,2785,1,
73,240,5,33,2786,1,
121,313,2,10,2792,1,
121,-1,-1,-999,2792,2,global
80,0,6,33,2796,1,
228,200,3,33,2801,1,
201,1167,6,34,2814,1,
87,19,10,33,2815,1,
32,251,4,34,2823,1,
125,45,6,34,2835,1,
207,361,6,33,2835,1,
207,-1,-1,-999,2835,2,global
159,1349,7,32,2847,1,
150,376,3,14,2848,1,
131,1543,4,33,2858,1,
2,147,7,34,2860,1,
55,925,8,33,2870,1,
195,35,8,35,2874,1,
237,804,4,39,2878,1,
82,374,6,38,2879,1,
230,436,11,37,2892,1,
29,302,6,40,2895,1,
78,1558,2,41,2899,1,
4,1386,5,37,2902,1,
51,792,6,17,2913,1,
229,64,6,36,2913,1,
39,1866,4,36,2923,1,
234,43,6,42,2924,1,
232,1323,5,21,2934,1,
49,621,6,41,2938,1,
209,1319,6,42,2948,1,
111,1297,8,33,2951,1,
57,450,3,23,2956,1,
118,1,4,45,2960,1,
90,432,4,43,2963,1,
79,341,1,44,2964,1,
64,271,4,45,2971,1,
97,1058,4,33,2974,1,
81,754,7,45,2982,1,
242,1856,9,42,2991,1,
13,261,1,46,3001,1,
74,0,4,46,3014,1,
177,267,1,46,3020,1,
40,230,4,46,3029,1,
163,1365,9,46,3044,1,
3,233,4,46,3053,1,
220,845,10,47,3061,1,
187,496,7,37,3066,1,
42,314,2,46,3072,1,
20,449,6,47,3073,1,
69,391,3,46,3085,1,
33,105,8,47,3087,1,
183,381,8,47,3101,1,
94,238,3,47,3109,1,
93,0,2,26,3116,1,
142,398,4,47,3118,1,
28,693,7,47,3130,1,
143,371,1,-64,3137,1,
129,259,9,47,3145,1,
205,377,2,47,3152,1,
24,1251,4,47,3161,1,
67,897,6,48,3173,1,
65,31,7,47,3174,1,
101,240,5,48,3181,1,
130,41,5,47,3184,1,
54,13,5,51,3187,1,
241,658,5,47,3195,1,
134,1826,10,33,3195,1,
30,372,3,27,3204,1,
168,1101,8,47,3208,1,
239,1577,11,49,3215,1,
124,14,8,51,3216,1,
199,325,6,50,3220,1,
135,626,5,33,3223,1,
200,47,5,51,3224,1,
144,371,1,-100,3225,1,
233,4,7,51,3235,1,
133,829,10,52,3240,1,
89,235,2,32,3250,1,
153,1112,10,52,3254,1,
153,-1,-1,-999,3254,2,global
48,459,11,28,3269,1,
48,-1,-1,-999,3269,2,global
47,64,8,53,3273,1,
19,266,3,56,3275,1,
91,251,4,34,3282,1,
206,121,2,58,3287,1,
182,1567,9,55,3291,1,
56,131,7,58,3301,1,
66,31,9,57,3308,1,
131,256,1,26,3317,1,
172,12,9,58,3318,1,
175,1386,6,58,3330,1,
161,909,9,58,3345,1,
178,360,12,57,3347,1,
210,355,8,58,3359,1,
167,302,2,40,3363,1,
192,857,8,60,3370,1,
59,125,8,59,3373,1,
92,308,2,60,3375,1,
83,151,4,58,3382,1,
122,1404,8,60,3387,1,
145,73,8,58,3396,1,
46,279,8,60,3398,1,
80,0,6,59,3408,1,
87,676,12,60,3415,1,
78,980,2,54,3419,1,
102,234,8,59,3421,1,
236,4,6,58,3433,1,
151,725,10,60,3433,1,
10,1561,4,61,3452,1,
160,564,11,62,3468,1,
158,25,11,61,3470,1,
113,246,6,61,3481,1,
208,301,10,63,3483,1,
38,132,2,61,3488,1,
194,35,4,62,3490,1,
72,245,8,61,3502,1,
75,112,6,63,3502,1,
84,1871,8,63,3514,1,
27,58,8,61,3516,1,
234,4,8,66,3526,1,
105,149,11,61,3533,1,
25,679,7,63,3537,1,
232,1203,2,63,3541,1,
71,18,3,66,3546,1,
235,432,4,43,3548,1,
235,-1,-1,-999,3548,2,global
76,247,2,66,3551,1,
70,177,6,64,3558,1,
207,324,8,46,3568,1,
173,292,7,66,3568,1,
118,856,9,64,3574,1,
79,0,1,46,3574,1,
188,1085,4,66,3575,1,
4,237,2,66,3580,1,
17,261,6,46,3584,1,
44,144,7,64,3591,1,
64,1489,11,47,3609,1,
64,-1,-1,-999,3609,2,global
97,1058,6,67,3611,1,
1,421,7,67,3622,1,
45,238,3,47,3634,1,
147,266,9,67,3635,1,
125,45,6,67,3644,1,
40,874,10,59,3654,1,
220,755,7,60,3654,1,
155,416,7,68,3665,1,
142,197,11,65,3671,1,
129,68,6,66,3672,1,
224,179,7,67,3676,1,
0,9,4,69,3679,1,
93,1701,10,58,3679,1,
119,1,6,68,3685,1,
42,1504,9,62,3692,1,
112,240,2,48,3702,1,
74,283,4,70,3711,1,
29,378,6,70,3729,1,
2,196,3,70,3737,1,
85,1040,7,71,3738,1,
137,990,6,70,3748,1,
201,47,5,71,3749,1,
43,847,3,71,3756,1,
242,1046,11,70,3766,1,
95,344,10,73,3773,1,
81,270,7,70,3778,1,
88,1033,4,73,3782,1,
134,72,4,72,3787,1,
52,326,4,71,3791,1,
61,90,12,74,3798,1,
198,617,8,73,3805,1,
82,1201,6,74,3808,1,
164,718,4,74,3815,1,
53,156,10,73,3821,1,
120,18,10,74,3829,1,
152,385,6,73,3840,1,
195,949,11,75,3843,1,
49,98,9,74,3851,1,
73,128,4,75,3854,1,
174,87,5,74,3861,1,
14,511,8,74,3875,1,
205,377,5,74,3885,1,
51,845,11,77,3896,1,
51,-1,-1,-999,3896,2,global
123,127,6,75,3900,1,
239,449,2,47,3903,1,
239,-1,-1,-999,3904,2,global
237,57,12,74,3904,1,
121,38,8,75,3911,1,
39,132,4,77,3914,1,
3,1772,6,78,3915,1,
197,578,6,80,3922,1,
62,304,4,76,3924,1,
62,-1,-1,-999,3924,2,global
15,328,6,75,3932,1,
9,249,4,80,3942,1,
108,49,5,75,3952,1,
114,74,9,81,3956,1,
133,803,6,80,3963,1,
169,184,6,82,3970,1,
86,79,4,80,3972,1,
19,1568,11,61,3978,1,
65,897,11,80,3990,1,
28,193,9,82,3994,1,
54,10,2,83,3998,1,
172,87,4,81,4006,1,
5,9,10,80,4006,1,
163,270,6,84,4015,1,
159,11,1,85,4017,1,
196,44,8,82,4028,1,
153,1313,7,61,4047,1,
89,318,9,85,4049,1,
94,0,4,59,4054,1,
228,64,3,85,4065,1,
48,1352,1,80,4077,1,
116,839,4,84,4083,1,
83,151,10,86,4087,1,
233,4,8,86,4099,1,
107,1220,6,85,4100,1,
38,1614,10,86,4113,1,
78,170,7,74,4124,1,
25,1868,4,79,4127,1,
18,261,1,46,4131,1,
189,33,4,86,4131,1,
87,275,6,86,4140,1,
150,266,4,86,4147,1,
6,6,10,88,4149,1,
77,247,2,66,4151,1,
176,15,8,89,4162,1,
17,1238,8,78,4170,1,
207,324,6,81,4187,1,
207,1044,4,82,4187,1,
200,47,5,88,4191,1,
231,1391,6,89,4192,1,
231,-1,-1,-999,4192,2,global
11,661,6,92,4200,1,
185,91,9,90,4202,1,
35,1534,5,91,4203,1,
188,33,5,89,4204,1,
56,234,1,93,4210,1,
50,37,8,93,4226,1,
155,416,12,84,4230,1,
149,1485,5,93,4237,1,
10,847,3,71,4247,1,
109,384,6,93,4248,1,
235,432,1,43,4254,1,
235,-1,-1,-999,4254,2,global
130,110,9,93,4269,1,
93,408,2,66,4271,1,
42,314,10,92,4272,1,
0,1971,2,73,4273,1,
43,156,2,73,4281,1,
213,377,5,74,4285,1,
124,14,12,94,4293,1,
75,283,4,70,4303,1,
129,2,8,95,4306,1,
100,1033,2,73,4313,1,
66,31,11,94,4320,1,
55,46,10,95,4330,1,
208,165,8,95,4344,1,
209,249,1,80,4347,1,
232,4,12,96,4349,1,
27,328,2,75,4354,1,
34,632,4,96,4358,1,
187,304,7,76,4371,1,
187,-1,-1,-999,4371,2,global
39,888,7,87,4375,1,
237,1557,8,87,4389,1,
15,1078,4,93,4398,1,
108,913,12,80,4398,1,
144,881,5,97,4399,1,
19,266,1,67,4402,1,
65,403,3,97,4410,1,
239,397,10,62,4412,1,
28,1654,5,89,4420,1,
192,1427,6,99,4427,1,
80,119,9,97,4435,1,
133,635,2,98,4442,1,
137,472,10,100,4446,1,
2,839,4,84,4451,1,
234,4,6,99,4452,1,
73,1312,5,100,4456,1,
229,64,4,100,4462,1,
70,472,7,99,4470,1,
90,890,10,100,4477,1,
163,1021,10,100,4491,1,
72,63,4,100,4498,1,
103,793,6,100,4507,1,
21,1001,6,101,4516,1,
205,17,11,103,4522,1,
152,275,1,86,4525,1,
201,47,6,102,4525,1,
68,1068,2,103,4530,1,
145,73,8,102,4537,1,
131,3,6,103,4539,1,
48,152,6,101,4546,1,
88,318,6,104,4549,1,
233,43,3,103,4554,1,
195,1341,8,105,4566,1,
20,1122,5,106,4584,1,
132,3,8,104,4586,1,
5,6,4,105,4595,1,
31,336,9,106,4606,1,
18,262,1,106,4610,1,
92,831,10,104,4611,1,
107,613,6,105,4623,1,
236,4,8,106,4635,1,
29,58,9,105,4638,1,
99,76,8,108,4641,1,
135,278,5,106,4643,1,
17,847,3,71,4647,1,
53,1118,7,105,4651,1,
22,1377,5,106,4651,1,
228,330,3,109,4668,1,
4,1602,12,107,4669,1,
49,252,2,109,4674,1,
127,258,2,111,4682,1,
127,-1,-1,-999,4682,2,global
168,244,8,110,4683,1,
50,249,8,108,4690,1,
30,58,6,110,4695,1,
67,96,10,110,4711,1,
134,579,5,110,4721,1,
63,41,2,113,4725,1,
173,1258,7,111,4728,1,
173,-1,-1,-999,4728,2,global
32,263,4,112,4731,1,
56,21,4,114,4740,1,
93,1055,9,100,4743,1,
188,33,7,112,4743,1,
16,983,1,114,4753,1,
146,881,12,115,4753,1,
136,931,6,112,4755,1,
124,943,6,116,4762,1,
0,444,4,115,4762,1,
64,283,2,70,4770,1,
231,1391,4,89,4787,1,
231,-1,-1,-999,4787,2,global
150,379,4,116,4792,1,
44,144,9,116,4804,1,
81,754,12,116,4830,1,
111,272,8,118,4837,1,
125,14,4,119,4845,1,
189,16,9,116,4846,1,
216,833,4,118,4846,1,
6,6,3,116,4854,1,
98,824,2,117,4857,1,
86,19,4,116,4863,1,
155,1207,8,119,4866,1,
143,1018,2,119,4873,1,
208,502,6,100,4874,1,
211,390,6,116,4886,1,
172,12,10,119,4889,1,
69,605,9,117,4893,1,
76,283,4,120,4895,1,
10,1573,4,120,4912,1,
230,64,3,119,4916,1,
91,1197,2,120,4937,1,
37,805,5,120,4948,1,
23,88,7,122,4963,1,
147,48,9,121,4963,1,
27,293,8,109,4972,1,
105,240,5,121,4973,1,
39,86,6,123,4978,1,
239,956,9,93,4988,1,
185,394,10,121,4990,1,
185,-1,-1,-999,4990,2,global
19,1166,4,123,4992,1,
96,463,4,123,5001,1,
140,260,11,121,5007,1,
106,20,9,123,5017,1,
74,968,6,121,5018,1,
55,84,2,125,5023,1,
130,7,10,121,5035,1,
165,827,8,123,5037,1,
51,792,5,123,5047,1,
12,1398,1,125,5053,1,
80,294,8,110,5054,1,
139,570,8,126,5064,1,
84,1224,9,124,5068,1,
33,24,4,127,5068,1,
181,181,2,126,5071,1,
166,53,5,125,5078,1,
190,372,3,126,5079,1,
215,481,7,127,5086,1,
71,389,4,127,5093,1,
71,-1,-1,-999,5093,2,global
7,6,10,128,5121,1,
156,278,1,128,5127,1,
47,200,4,130,5134,1,
116,345,6,128,5138,1,
104,793,3,100,5146,1,
157,106,4,131,5152,1,
90,93,2,129,5153,1,
72,294,7,116,5165,1,
58,444,9,130,5165,1,
200,47,8,130,5177,1,
137,280,7,129,5178,1,
13,6,2,129,5185,1,
177,1945,9,130,5192,1,
88,947,6,106,5196,1,
237,57,3,130,5198,1,
145,328,6,127,5211,1,
77,247,11,129,5214,1,
57,26,6,131,5222,1,
226,898,8,131,5236,1,
126,847,3,71,5239,1,
233,1261,2,105,5243,1,
28,8,7,131,5256,1,
132,250,9,130,5271,1,
83,299,6,132,5282,1,
131,256,2,133,5289,1,
135,72,3,130,5290,1,
59,1,8,133,5303,1,
107,756,10,110,5306,1,
5,1276,2,132,5313,1,
97,300,11,133,5320,1,
123,1719,8,132,5327,1,
184,453,4,133,5330,1,
162,1002,2,136,5333,1,
35,387,8,132,5341,1,
60,21,7,134,5347,1,
121,1105,11,133,5347,1,
121,-1,-1,-999,5347,2,global
29,118,2,133,5354,1,
17,6,8,132,5355,1,
42,507,6,136,5359,1,
191,424,7,132,5367,1,
196,350,4,132,5377,1,
196,-1,-1,-999,5377,2,global
73,362,6,132,5388,1,
108,405,10,137,5398,1,
65,1372,8,138,5404,1,
133,7,2,137,5405,1,
95,954,2,138,5409,1,
94,63,2,137,5412,1,
40,230,6,138,5423,1,
93,927,10,112,5424,1,
134,581,10,137,5428,1,
62,585,10,138,5437,1,
144,29,5,138,5445,1,
194,183,5,138,5453,1,
217,799,10,140,5461,1,
64,283,2,120,5470,1,
155,1237,8,123,5479,1,
155,-1,-1,-999,5479,2,global
189,16,12,126,5481,1,
173,1258,1,111,5483,1,
173,1258,6,128,5483,1,
173,-1,-1,-999,5483,2,global
172,12,5,139,5492,1,
31,1266,3,140,5500,1,
208,1620,7,131,5507,1,
223,823,10,141,5520,1,
232,43,4,143,5531,1,
46,904,8,142,5534,1,
136,72,5,144,5542,1,
50,37,7,142,5547,1,
210,301,2,143,5549,1,
37,805,5,143,5561,1,
76,40,8,142,5561,1,
231,370,2,131,5568,1,
149,529,4,146,5572,1,
198,827,2,123,5580,1,
39,888,8,130,5582,1,
39,-1,-1,-999,5582,2,global
129,3,2,147,5584,1,
54,188,8,147,5596,1,
241,1923,10,142,5598,1,
63,848,10,145,5605,1,
91,36,9,147,5609,1,
24,829,1,147,5617,1,
207,372,3,126,5625,1,
207,-1,-1,-999,5625,2,global
160,297,3,147,5630,1,
160,-1,-1,-999,5630,2,global
12,423,7,131,5641,1,
33,1083,5,136,5645,1,
137,990,2,138,5650,1,
190,16,7,142,5659,1,
19,346,10,149,5675,1,
111,345,2,128,5682,1,
96,411,7,148,5695,1,
185,903,12,132,5695,1,
27,328,4,127,5704,1,
169,793,6,148,5706,1,
169,-1,-1,-999,5706,2,global
58,212,10,138,5708,1,
234,4,6,151,5717,1,
218,1585,10,150,5722,1,
132,1134,6,133,5729,1,
243,161,7,149,5737,1,
78,170,10,152,5739,1,
86,350,2,152,5748,1,
86,-1,-1,-999,5748,2,global
5,599,8,151,5752,1,
82,247,1,129,5760,1,
83,1030,6,135,5766,1,
23,882,1,154,5770,1,
29,378,6,153,5790,1,
29,-1,-1,-999,5791,2,global
28,58,4,156,5794,1,
214,350,4,132,5799,1,
214,-1,-1,-999,5800,2,global
193,946,8,154,5800,1,
60,29,1,138,5804,1,
72,339,8,156,5808,1,
107,756,2,156,5815,1,
77,283,2,120,5819,1,
118,821,8,155,5826,1,
130,2,4,155,5835,1,
105,362,3,132,5843,1,
134,1345,10,138,5847,1,
45,505,4,158,5851,1,
115,78,7,157,5863,1,
205,17,2,159,5870,1,
73,128,9,159,5886,1,
35,1604,7,159,5899,1,
144,495,7,159,5911,1,
172,12,6,143,5923,1,
1,501,4,159,5932,1,
59,198,4,161,5941,1,
129,1444,8,160,5954,1,
129,-1,-1,-999,5954,2,global
223,5,10,161,5957,1,
26,809,4,162,5965,1,
103,241,7,161,5970,1,
116,1255,4,159,5979,1,
46,437,8,153,5981,1,
3,233,4,161,5988,1,
228,64,2,161,5995,1,
40,331,9,163,5997,1,
76,1387,6,146,5998,1,
92,308,11,161,6012,1,
80,119,6,164,6024,1,
240,737,6,165,6030,1,
9,268,2,164,6031,1,
126,202,4,165,6037,1,
13,423,5,131,6047,1,
157,990,6,138,6050,1,
157,-1,-1,-999,6050,2,global
191,424,6,167,6076,1,
54,1113,2,168,6080,1,
190,297,3,147,6081,1,
155,1237,1,123,6085,1,
173,1258,1,128,6085,1,
31,8,6,167,6091,1,
10,249,5,167,6105,1,
165,53,2,168,6111,1,
2,410,12,167,6124,1,
186,284,7,170,6140,1,
163,789,4,170,6147,1,
175,94,12,168,6155,1,
184,273,11,170,6166,1,
184,-1,-1,-999,6166,2,global
41,86,8,168,6169,1,
152,275,6,170,6175,1,
24,113,4,170,6182,1,
232,43,10,169,6185,1,
114,155,5,168,6195,1,
70,19,9,168,6210,1,
39,1296,10,159,6217,1,
124,14,4,171,6219,1,
5,994,7,159,6228,1,
125,45,6,173,6231,1,
196,350,4,152,6238,1,
196,-1,-1,-999,6238,2,global
21,418,8,171,6245,1,
109,384,3,174,6251,1,
234,1053,4,168,6254,1,
221,935,5,174,6266,1,
218,794,10,168,6270,1,
123,320,6,177,6275,1,
123,-1,-1,-999,6275,2,global
51,836,6,173,6282,1,
74,1213,8,175,6283,1,
74,-1,-1,-999,6283,2,global
75,339,2,156,6283,1,
52,505,4,158,6292,1,
188,1085,8,176,6295,1,
188,-1,-1,-999,6296,2,global
91,449,6,176,6307,1,
91,-1,-1,-999,6307,2,global
48,98,6,177,6314,1,
145,73,4,177,6323,1,
96,463,8,177,6337,1,
77,22,7,166,6350,1,
35,387,2,180,6353,1,
60,232,4,178,6355,1,
82,364,4,177,6359,1,
19,953,12,178,6373,1,
6,1340,9,179,6388,1,
207,1124,3,165,6389,1,
207,324,7,172,6389,1,
37,809,4,162,6394,1,
30,501,2,159,6395,1,
105,362,6,173,6395,1,
88,1569,8,179,6406,1,
130,286,6,178,6414,1,
237,330,10,181,6428,1,
103,467,6,162,6446,1,
164,868,3,182,6449,1,
18,419,6,182,6463,1,
11,239,3,183,6464,1,
86,350,4,132,6464,1,
86,-1,-1,-999,6464,2,global
65,823,10,184,6472,1,
153,1313,5,182,6473,1,
153,-1,-1,-999,6473,2,global
1,1622,2,184,6477,1,
168,1101,5,183,6481,1,
168,-1,-1,-999,6482,2,global
43,56,8,184,6490,1,
156,106,9,184,6503,1,
117,27,6,184,6522,1,
179,915,9,186,6525,1,
140,986,7,184,6532,1,
235,315,6,186,6537,1,
215,137,2,187,6540,1,
72,539,7,185,6543,1,
23,88,1,188,6543,1,
69,391,10,186,6553,1,
56,234,6,188,6568,1,
160,297,2,147,6575,1,
204,1402,6,188,6587,1,
191,424,6,185,6587,1,
191,-1,-1,-999,6587,2,global
203,273,12,189,6595,1,
162,1002,6,190,6597,1,
27,906,7,189,6611,1,
47,42,1,192,6643,1,
114,368,4,181,6645,1,
114,-1,-1,-999,6645,2,global
167,30,7,191,6655,1,
31,1266,6,192,6657,1,
137,418,3,171,6662,1,
137,-1,-1,-999,6663,2,global
55,21,5,192,6665,1,
214,350,4,152,6671,1,
10,136,5,189,6673,1,
186,509,2,194,6679,1,
36,1511,8,191,6686,1,
226,320,2,177,6690,1,
172,12,10,194,6696,1,
189,1102,2,194,6701,1,
223,5,11,193,6704,1,
66,46,6,195,6710,1,
79,39,9,194,6723,1,
232,449,2,176,6748,1,
232,-1,-1,-999,6748,2,global
118,429,11,194,6750,1,
83,364,4,177,6761,1,
158,387,3,180,6767,1,
124,52,6,196,6780,1,
75,438,2,191,6783,1,
102,234,4,199,6784,1,
184,273,1,170,6788,1,
48,98,4,199,6804,1,
205,17,11,198,6809,1,
108,918,4,197,6819,1,
34,233,6,199,6820,1,
136,749,2,199,6824,1,
3,1072,5,197,6829,1,
81,1249,10,199,6839,1,
142,398,2,200,6843,1,
141,1329,4,200,6850,1,
207,1393,9,173,6871,1,
80,119,4,202,6875,1,
190,16,5,204,6888,1,
74,1213,2,175,6896,1,
12,959,5,204,6896,1,
239,1182,5,203,6898,1,
120,332,8,201,6899,1,
59,1,2,204,6901,1,
125,52,10,203,6914,1,
32,105,4,206,6934,1,
51,256,9,205,6936,1,
51,-1,-1,-999,6937,2,global
54,13,6,207,6948,1,
159,1958,3,206,6953,1,
65,96,1,207,6953,1,
98,343,5,207,6964,1,
127,155,9,207,6979,1,
84,133,4,207,6988,1,
28,118,3,208,6992,1,
101,322,4,207,6997,1,
44,144,8,207,7011,1,
93,0,5,208,7012,1,
203,273,4,200,7019,1,
227,870,4,207,7020,1,
0,159,2,207,7027,1,
179,1402,1,188,7032,1,
47,42,5,211,7048,1,
4,1057,6,212,7050,1,
151,725,4,209,7056,1,
194,441,10,212,7067,1,
188,1085,1,176,7072,1,
90,244,6,210,7081,1,
31,1178,8,214,7091,1,
196,350,2,152,7092,1,
196,-1,-1,-999,7093,2,global
19,282,7,214,7103,1,
164,1863,6,215,7107,1,
79,573,3,194,7112,1,
36,1316,6,213,7119,1,
189,16,4,208,7119,1,
129,3,2,215,7124,1,
123,127,11,214,7137,1,
138,364,2,177,7142,1,
243,161,6,216,7151,1,
153,1313,5,182,7152,1,
16,516,6,216,7162,1,
126,45,4,216,7172,1,
70,678,12,217,7173,1,
5,276,11,218,7186,1,
117,27,12,217,7192,1,
60,125,5,217,7202,1,
56,234,4,199,7206,1,
66,31,6,218,7211,1,
9,1098,8,219,7218,1,
6,55,4,219,7225,1,
52,1228,8,218,7226,1,
216,833,6,219,7234,1,
92,342,1,219,7238,1,
71,1160,8,218,7240,1,
85,838,6,219,7247,1,
49,98,3,218,7248,1,
118,27,7,220,7257,1,
199,325,8,219,7259,1,
100,889,6,219,7277,1,
87,676,8,219,7291,1,
23,882,7,220,7292,1,
88,318,8,220,7306,1,
119,1,3,221,7314,1,
113,246,4,222,7316,1,
115,1768,10,221,7331,1,
134,10,7,222,7332,1,
72,63,5,222,7343,1,
122,916,9,220,7346,1,
186,509,10,222,7359,1,
130,110,10,220,7362,1,
168,1101,1,183,7367,1,
133,803,5,222,7369,1,
124,14,6,222,7381,1,
233,43,11,221,7385,1,
26,393,2,222,7388,1,
39,815,4,222,7397,1,
35,446,5,223,7398,1,
205,153,5,222,7407,1,
76,454,10,223,7418,1,
158,25,6,222,7418,1,
121,371,1,222,7424,1,
121,-1,-1,-999,7424,2,global
235,432,2,222,7430,1,
235,-1,-1,-999,7431,2,global
136,959,5,204,7433,1,
176,1156,6,225,7442,1,
30,150,7,224,7444,1,
73,40,2,227,7451,1,
7,734,9,226,7453,1,
200,889,6,225,7454,1,
207,361,6,206,7465,1,
207,-1,-1,-999,7465,2,global
160,223,10,226,7484,1,
91,36,3,228,7485,1,
55,478,7,229,7489,1,
68,512,4,226,7493,1,
114,368,6,212,7497,1,
161,909,6,229,7501,1,
131,3,2,230,7511,1,
239,956,5,209,7514,1,
45,238,7,230,7524,1,
45,-1,-1,-999,7525,2,global
162,923,8,229,7538,1,
109,1434,9,230,7553,1,
109,-1,-1,-999,7553,2,global
44,1346,8,219,7564,1,
59,232,3,231,7567,1,
40,86,12,230,7572,1,
159,25,6,230,7583,1,
98,1151,6,230,7595,1,
135,581,3,232,7596,1,
93,957,8,229,7609,1,
139,570,3,233,7611,1,
54,10,8,231,7615,1,
145,535,6,230,7620,1,
99,962,8,232,7629,1,
240,1125,2,232,7636,1,
86,928,2,232,7643,1,
141,260,5,232,7653,1,
1,421,7,233,7660,1,
89,456,4,232,7662,1,
64,271,4,233,7670,1,
195,35,11,233,7687,1,
190,16,5,233,7697,1,
181,138,6,236,7712,1,
143,1792,9,233,7712,1,
151,725,11,219,7714,1,
94,36,4,236,7723,1,
27,8,2,237,7724,1,
103,241,1,236,7733,1,
90,255,12,230,7735,1,
223,5,6,237,7736,1,
234,4,2,234,7739,1,
120,1,2,239,7739,1,
146,48,4,238,7748,1,
13,1351,1,238,7752,1,
237,57,9,236,7755,1,
31,562,5,218,7773,1,
74,112,8,241,7787,1,
209,545,10,240,7790,1,
171,11,6,242,7802,1,
147,598,7,241,7808,1,
170,11,4,241,7817,1,
172,87,8,243,7819,1,
11,900,5,243,7827,1,
132,2,7,241,7830,1,
12,71,6,243,7840,1,
50,1299,6,241,7841,1,
138,889,1,219,7844,1,
204,243,3,241,7849,1,
127,826,6,242,7850,1,
48,98,1,218,7855,1,
16,1530,10,219,7858,1,
137,766,12,242,7869,1,
110,342,9,219,7871,1,
85,1043,5,232,7876,1,
53,1572,4,245,7886,1,
116,246,2,222,7899,1,
116,-1,-1,-999,7899,2,global
165,803,4,222,7908,1,
208,301,6,244,7910,1,
168,452,6,241,7921,1,
105,182,6,245,7921,1,
173,12,4,248,7926,1,
56,26,6,247,7932,1,
174,287,7,246,7934,1,
133,439,5,228,7934,1,
186,943,1,247,7937,1,
149,1059,9,245,7949,1,
166,115,7,251,7964,1,
24,1608,10,250,7976,1,
30,914,10,233,7980,1,
148,371,1,222,7982,1,
148,-1,-1,-999,7982,2,global
122,61,4,251,7989,1,
51,473,8,252,7999,1,
71,18,8,251,8003,1,
63,238,5,230,8004,1,
131,256,5,252,8007,1,
131,-1,-1,-999,8008,2,global
236,512,8,226,8017,1,
236,-1,-1,-999,8017,2,global
114,368,8,243,8019,1,
114,-1,-1,-999,8019,2,global
67,1165,10,254,8020,1,
67,-1,-1,-999,8020,2,global
96,1248,6,254,8032,1,
29,1107,4,252,8032,1,
61,65,11,253,8035,1,
162,905,10,249,8048,1,
152,869,9,254,8063,1,
8,126,2,254,8070,1,
130,1355,6,255,8077,1,
79,271,4,233,8084,1,
55,1672,7,255,8089,1,
78,180,4,255,8099,1,
207,324,5,216,8108,1,
240,1194,5,238,8109,1,
104,241,3,236,8111,1,
1,143,8,235,8121,1,
235,1111,6,255,8135,1,
32,263,8,256,8141,1,
141,260,11,245,8142,1,
6,6,3,256,8150,1,
178,239,7,256,8163,1,
206,792,2,256,8170,1,
160,297,4,256,8179,1,
93,0,5,257,8189,1,
81,0,12,256,8198,1,
37,805,10,257,8206,1,
175,94,7,256,8210,1,
59,232,6,258,8214,1,
4,237,8,257,8221,1,
72,294,6,256,8222,1,
158,387,10,258,8231,1,
158,-1,-1,-999,8231,2,global
75,112,5,258,8245,1,
0,9,3,258,8253,1,
90,93,10,233,8264,1,
151,944,6,241,8276,1,
91,292,8,259,8278,1,
97,1351,1,238,8282,1,
31,150,2,258,8289,1,
118,1,5,259,8298,1,
33,587,6,259,8310,1,
172,12,4,256,8318,1,
119,38,8,259,8324,1,
54,2,1,241,8330,1,
103,1605,10,259,8340,1,
232,4,6,259,8352,1,
177,499,9,260,8357,1,
128,155,2,259,8359,1,
2,157,2,260,8364,1,
94,826,2,242,8365,1,
170,844,1,255,8369,1,
229,1565,10,261,8369,1,
204,1641,6,253,8377,1,
80,117,4,261,8379,1,
73,164,7,261,8405,1,
233,4,6,261,8417,1,
48,858,2,259,8417,1,
76,1043,5,232,8424,1,
76,-1,-1,-999,8424,2,global
132,7,7,262,8429,1,
161,234,8,261,8431,1,
138,889,1,225,8438,1,
42,32,6,263,8442,1,
210,697,7,263,8455,1,
11,303,4,264,8464,1,
26,380,4,263,8473,1,
165,535,2,230,8474,1,
34,24,4,263,8483,1,
234,943,4,247,8487,1,
234,-1,-1,-999,8487,2,global
147,873,8,265,8489,1,
115,78,2,264,8489,1,
215,287,5,246,8500,1,
121,371,1,222,8504,1,
121,-1,-1,-999,8504,2,global
173,849,6,265,8512,1,
199,176,9,266,8514,1,
17,375,6,263,8522,1,
57,26,6,265,8523,1,
56,1301,1,262,8529,1,
98,457,2,267,8545,1,
23,1838,9,266,8560,1,
58,295,4,270,8567,1,
112,834,6,267,8572,1,
21,280,1,267,8577,1,
159,468,12,269,8583,1,
40,56,3,267,8585,1,
5,276,1,270,8591,1,
71,167,5,257,8595,1,
133,100,10,268,8599,1,
79,588,6,258,8608,1,
92,36,9,271,8619,1,
152,1257,10,269,8619,1,
116,229,4,270,8628,1,
13,97,12,272,8647,1,
240,1125,5,256,8654,1,
16,516,5,271,8657,1,
134,241,5,236,8661,1,
61,1572,1,245,8662,1,
239,449,4,272,8671,1,
6,559,10,261,8677,1,
47,413,7,272,8684,1,
74,0,3,257,8684,1,
200,1704,5,273,8685,1,
72,189,2,258,8686,1,
7,6,7,256,8695,1,
14,237,1,257,8700,1,
18,419,6,275,8707,1,
143,1351,1,238,8709,1,
51,239,6,274,8714,1,
31,1176,2,263,8724,1,
24,237,10,276,8733,1,
176,15,8,276,8745,1,
0,157,2,260,8746,1,
118,856,2,276,8749,1,
90,1079,6,276,8758,1,
206,392,6,276,8768,1,
22,727,6,277,8777,1,
27,8,8,276,8780,1,
223,553,3,276,8793,1,
229,1565,4,269,8801,1,
75,112,12,277,8804,1,
183,108,9,276,8809,1,
19,303,4,264,8809,1,
69,605,4,279,8818,1,
131,1294,4,280,8822,1,
52,1484,1,281,8824,1,
80,294,2,276,8824,1,
29,95,2,283,8835,1,
129,162,10,279,8840,1,
59,1,3,283,8843,1,
12,71,8,282,8854,1,
228,330,4,282,8863,1,
25,88,4,283,8867,1,
42,1725,7,278,8876,1,
145,371,1,222,8879,1,
145,-1,-1,-999,8879,2,global
34,337,4,279,8885,1,
34,-1,-1,-999,8885,2,global
114,375,2,263,8888,1,
55,26,2,265,8897,1,
119,38,10,284,8901,1,
163,834,4,267,8912,1,
76,1043,2,232,8924,1,
58,444,7,282,8924,1,
70,19,11,285,8926,1,
211,276,8,270,8929,1,
71,167,6,261,8935,1,
46,279,4,285,8942,1,
188,33,5,286,8943,1,
48,985,8,285,8954,1,
136,931,2,287,8959,1,
171,1531,12,285,8970,1,
130,148,6,287,8971,1,
195,317,5,285,8978,1,
56,21,8,287,8991,1,
166,771,6,288,8992,1,
218,1066,4,288,8999,1,
88,1234,5,287,9001,1,
57,212,4,287,9010,1,
209,428,9,288,9012,1,
44,144,7,289,9023,1,
89,318,12,290,9028,1,
28,1760,10,289,9037,1,
122,61,10,290,9044,1,
3,233,2,290,9049,1,
125,710,7,288,9053,1,
113,264,9,290,9065,1,
77,283,2,290,9072,1,
128,261,6,290,9083,1,
157,837,4,291,9085,1,
182,1765,8,293,9092,1,
217,173,4,290,9092,1,
230,323,6,290,9104,1,
33,328,5,293,9106,1,
240,1419,12,287,9107,1,
54,257,12,290,9123,1,
168,901,6,293,9125,1,
62,90,3,292,9131,1,
20,346,2,293,9132,1,
73,103,8,292,9145,1,
133,447,11,293,9150,1,
165,1351,1,238,9156,1,
124,14,8,293,9164,1,
200,319,4,290,9171,1,
79,457,3,294,9172,1,
36,419,1,275,9173,1,
91,449,2,295,9176,1,
91,-1,-1,-999,9176,2,global
160,282,6,294,9184,1,
14,237,1,276,9189,1,
232,4,11,295,9191,1,
1,157,8,260,9196,1,
93,63,7,294,9202,1,
226,102,9,295,9204,1,
81,270,4,295,9211,1,
134,581,6,294,9214,1,
134,-1,-1,-999,9214,2,global
220,168,8,295,9226,1,
21,129,4,295,9233,1,
85,838,3,296,9257,1,
103,467,4,295,9259,1,
137,178,10,296,9274,1,
7,406,3,296,9282,1,
175,1154,12,297,9295,1,
43,156,8,296,9296,1,
32,1133,9,299,9296,1,
75,438,3,288,9302,1,
47,329,8,296,9310,1,
183,1626,2,293,9310,1,
118,1,7,283,9312,1,
156,106,8,296,9324,1,
18,262,8,302,9335,1,
189,33,6,296,9336,1,
86,1383,4,300,9340,1,
0,147,10,296,9352,1,
26,380,7,301,9359,1,
2,9,11,298,9370,1,
59,26,10,300,9377,1,
30,332,6,303,9383,1,
30,-1,-1,-999,9383,2,global
45,238,9,296,9385,1,
45,-1,-1,-999,9385,2,global
121,371,1,222,9390,1,
121,-1,-1,-999,9391,2,global
49,172,7,303,9393,1,
105,1158,5,304,9403,1,
63,41,3,303,9409,1,
41,1570,5,303,9417,1,
80,457,7,302,9418,1,
65,96,10,303,9431,1,
201,556,12,302,9434,1,
109,936,4,303,9438,1,
194,35,2,304,9447,1,
78,130,7,304,9460,1,
87,19,7,304,9472,1,
60,232,6,305,9484,1,
66,31,4,307,9485,1,
132,7,7,307,9499,1,
235,1513,10,304,9500,1,
202,47,10,309,9500,1,
69,970,4,309,9508,1,
148,1144,7,304,9513,1,
142,279,7,285,9522,1,
82,40,6,308,9522,1,
72,1855,4,306,9522,1,
71,167,4,262,9529,1,
151,944,6,309,9531,1,
228,330,6,306,9534,1,
209,1327,6,295,9540,1,
58,798,9,304,9549,1,
119,38,2,311,9582,1,
40,331,4,311,9589,1,
44,144,10,303,9603,1,
74,112,1,311,9606,1,
176,901,1,293,9607,1,
76,283,4,290,9617,1,
67,1011,8,311,9622,1,
34,851,2,310,9626,1,
23,233,4,290,9627,1,
159,395,6,312,9639,1,
230,1586,5,295,9641,1,
17,893,4,313,9648,1,
241,1525,6,314,9657,1,
173,292,8,312,9662,1,
215,961,3,314,9662,1,
222,1638,6,312,9674,1,
129,3,12,314,9679,1,
168,452,4,299,9683,1,
89,351,2,314,9684,1,
182,1233,9,296,9689,1,
157,106,6,314,9693,1,
205,1351,1,238,9696,1,
205,-1,-1,-999,9696,2,global
162,1268,10,316,9719,1,
200,543,2,308,9725,1,
108,69,6,317,9726,1,
55,478,5,317,9736,1,
61,26,6,318,9737,1,
56,234,1,318,9745,1,
56,-1,-1,-999,9745,2,global
54,2,8,317,9750,1,
135,581,4,294,9758,1,
37,56,8,315,9764,1,
158,960,4,318,9773,1,
220,124,10,312,9781,1,
38,1260,8,318,9785,1,
150,1840,4,317,9790,1,
147,998,9,320,9802,1,
163,958,10,317,9806,1,
19,1166,10,318,9809,1,
144,73,6,320,9811,1,
112,406,5,296,9817,1,
112,-1,-1,-999,9817,2,global
32,875,4,303,9818,1,
52,156,2,296,9823,1,
192,426,8,320,9832,1,
136,1357,6,318,9834,1,
123,127,10,320,9846,1,
242,699,6,321,9855,1,
177,15,11,320,9861,1,
156,401,6,319,9871,1,
93,461,6,321,9871,1,
193,1155,8,322,9879,1,
187,853,7,321,9887,1,
15,1666,8,323,9901,1,
134,579,4,323,9910,1,
103,1158,1,304,9915,1,
70,19,1,304,9928,1,
210,355,11,324,9928,1,
145,371,1,222,9936,1,
145,-1,-1,-999,9936,2,global
59,232,1,305,9937,1,
223,1169,2,327,9940,1,
51,836,6,324,9940,1,
233,373,8,324,9954,1,
42,1725,2,325,9959,1,
66,1446,2,318,9960,1,
226,320,4,327,9961,1,
226,-1,-1,-999,9961,2,global
149,430,2,327,9965,1,
64,300,8,326,9974,1,
190,816,1,326,9980,1,
130,148,3,328,9998,1,
13,97,4,329,10000,1,
3,1371,6,329,10009,1,
99,740,5,326,10010,1,
119,1635,4,321,10016,1,
58,405,11,321,10031,1,
62,861,8,332,10033,1,
142,279,5,330,10040,1,
142,-1,-1,-999,10040,2,global
71,606,4,327,10042,1,
14,92,7,331,10061,1,
0,28,7,333,10061,1,
98,824,8,334,10066,1,
94,283,4,290,10071,1,
113,240,5,335,10072,1,
167,382,4,335,10079,1,
80,119,8,334,10082,1,
159,291,1,335,10087,1,
121,313,10,330,10088,1,
121,-1,-1,-999,10088,2,global
175,139,3,336,10089,1,
34,632,8,318,10103,1,
74,0,8,336,10127,1,
165,53,7,337,10135,1,
4,693,7,338,10138,1,
95,283,4,337,10142,1,
50,37,8,336,10153,1,
72,1351,1,238,10159,1,
72,-1,-1,-999,10159,2,global
5,60,3,339,10166,1,
185,62,2,340,10177,1,
157,837,12,324,10183,1,
220,755,10,331,10186,1,
218,352,7,340,10193,1,
162,234,9,318,10198,1,
217,173,7,340,10206,1,
44,479,4,341,10215,1,
168,492,6,340,10226,1,
118,1,2,340,10233,1,
183,108,6,341,10244,1,
170,844,8,342,10244,1,
154,1183,4,341,10253,1,
203,1582,4,343,10262,1,
96,1908,5,343,10273,1,
6,239,4,346,10282,1,
178,360,5,344,10282,1,
127,934,6,343,10284,1,
12,71,3,344,10292,1,
60,198,7,346,10293,1,
186,1357,3,318,10294,1,
199,426,2,320,10297,1,
1,28,4,345,10304,1,
115,246,10,344,10311,1,
19,282,3,346,10319,1,
47,80,4,347,10326,1,
90,255,6,344,10333,1,
139,141,7,347,10337,1,
230,1586,8,348,10348,1,
177,1499,3,348,10361,1,
148,371,1,222,10363,1,
148,-1,-1,-999,10363,2,global
123,320,2,327,10372,1,
187,91,8,351,10372,1,
206,1246,4,350,10382,1,
79,0,5,349,10386,1,
51,256,8,351,10395,1,
51,-1,-1,-999,10395,2,global
149,359,11,350,10400,1,
66,279,2,330,10402,1,
108,1635,4,321,10411,1,
198,827,6,350,10412,1,
181,29,7,353,10413,1,
233,478,3,317,10423,1,
122,329,5,353,10424,1,
40,230,7,352,10425,1,
158,25,6,350,10436,1,
141,824,3,334,10443,1,
194,35,5,354,10447,1,
171,11,9,354,10462,1,
166,291,3,335,10465,1,
54,77,8,354,10476,1,
128,283,4,337,10482,1,
97,283,2,290,10482,1,
94,1703,8,340,10500,1,
112,240,3,335,10506,1,
124,14,7,356,10507,1,
221,201,10,356,10523,1,
228,64,7,356,10536,1,
232,4,5,356,10546,1,
81,754,6,356,10558,1,
4,1602,5,340,10565,1,
117,27,4,357,10567,1,
156,466,4,357,10576,1,
95,1247,8,340,10579,1,
189,1102,4,358,10582,1,
27,1367,6,357,10587,1,
64,551,4,357,10596,1,
63,41,10,358,10597,1,
146,81,8,361,10605,1,
48,858,8,359,10610,1,
74,0,1,360,10611,1,
197,921,4,361,10620,1,
71,1,2,340,10624,1,
89,908,9,359,10625,1,
142,812,2,335,10627,1,
164,75,10,357,10642,1,
26,1082,10,361,10643,1,
125,14,4,361,10652,1,
98,0,11,363,10656,1,
11,239,7,346,10658,1,
80,117,8,362,10670,1,
85,690,6,364,10676,1,
118,951,8,358,10682,1,
83,967,5,363,10686,1,
34,932,8,364,10696,1,
44,616,8,358,10700,1,
119,222,2,364,10702,1,
14,237,3,366,10722,1,
8,126,8,364,10728,1,
129,68,8,365,10731,1,
192,1029,6,366,10734,1,
62,629,7,364,10741,1,
134,1826,4,366,10743,1,
153,255,2,344,10754,1,
215,1499,3,348,10758,1,
215,-1,-1,-999,10758,2,global
103,59,6,366,10759,1,
32,1636,7,364,10760,1,
105,20,8,366,10773,1,
130,1920,9,367,10775,1,
203,589,6,361,10782,1,
47,653,10,367,10789,1,
143,1018,7,372,10801,1,
69,970,2,371,10806,1,
205,17,4,369,10807,1,
160,282,1,346,10810,1,
126,83,10,370,10813,1,
159,1635,4,321,10835,1,
159,-1,-1,-999,10835,2,global
88,318,8,373,10835,1,
88,-1,-1,-999,10836,2,global
72,827,1,350,10847,1,
35,628,6,373,10864,1,
169,241,6,374,10873,1,
7,510,11,375,10877,1,
108,913,3,355,10879,1,
66,1446,10,370,10880,1,
91,251,6,374,10888,1,
59,810,6,375,10888,1,
172,87,8,375,10902,1,
199,400,4,375,10911,1,
0,9,7,377,10924,1,
45,695,6,378,10935,1,
100,39,3,379,10938,1,
242,1046,8,378,10949,1,
161,25,8,379,10958,1,
79,0,6,377,10960,1,
16,290,6,378,10972,1,
135,918,6,379,10976,1,
229,64,2,356,10978,1,
95,271,4,380,10982,1,
51,557,6,374,10989,1,
86,111,5,378,10989,1,
156,401,2,359,10996,1,
94,0,5,360,10997,1,
81,1547,1,368,10998,1,
224,865,8,379,11007,1,
136,54,8,380,11028,1,
163,270,6,381,11030,1,
228,42,4,381,11039,1,
182,1639,3,382,11039,1,
93,408,6,380,11042,1,
49,85,8,382,11056,1,
84,839,4,382,11065,1,
148,1783,9,384,11077,1,
170,648,10,382,11083,1,
90,239,1,346,11086,1,
55,26,6,382,11095,1,
117,27,11,384,11105,1,
168,492,7,382,11108,1,
211,276,4,384,11115,1,
211,-1,-1,-999,11115,2,global
38,412,9,383,11130,1,
22,254,4,385,11138,1,
74,339,5,384,11140,1,
92,142,6,384,11151,1,
233,373,7,385,11152,1,
102,66,8,384,11165,1,
132,110,11,385,11169,1,
142,972,6,376,11177,1,
70,671,8,385,11183,1,
42,932,6,384,11188,1,
46,1724,11,385,11201,1,
99,76,8,384,11202,1,
239,956,3,385,11209,1,
239,-1,-1,-999,11209,2,global
18,92,4,384,11211,1,
39,235,6,386,11220,1,
76,247,6,384,11223,1,
65,403,8,385,11223,1,
65,-1,-1,-999,11223,2,global
36,237,1,366,11228,1,
36,-1,-1,-999,11228,2,global
96,271,4,385,11232,1,
85,1040,10,368,11244,1,
118,821,6,384,11256,1,
200,47,2,388,11264,1,
2,820,6,386,11265,1,
221,1499,1,348,11267,1,
167,236,8,388,11278,1,
196,867,11,386,11280,1,
78,130,3,387,11286,1,
146,1437,6,389,11295,1,
195,357,7,388,11302,1,
43,807,5,389,11303,1,
52,156,8,389,11316,1,
19,346,10,388,11318,1,
109,555,6,390,11333,1,
97,63,6,391,11345,1,
103,66,1,393,11345,1,
71,1132,6,393,11356,1,
207,1124,6,392,11356,1,
131,239,2,395,11365,1,
98,0,1,393,11367,1,
115,1768,6,390,11368,1,
23,88,4,392,11377,1,
107,154,4,394,11386,1,
158,11,8,395,11395,1,
238,1318,6,394,11398,1,
5,694,10,395,11411,1,
82,374,4,395,11420,1,
50,37,6,397,11431,1,
236,1322,6,395,11432,1,
112,246,4,396,11436,1,
112,-1,-1,-999,11436,2,global
232,1152,7,395,11444,1,
27,866,6,396,11451,1,
28,8,8,399,11458,1,
129,110,5,396,11465,1,
9,268,5,398,11476,1,
7,1064,12,395,11477,1,
7,-1,-1,-999,11477,2,global
91,142,12,395,11496,1,
164,75,3,399,11503,1,
172,858,1,359,11509,1,
29,261,6,400,11520,1,
29,-1,-1,-999,11521,2,global
130,162,2,399,11527,1,
100,76,4,393,11531,1,
208,301,1,399,11532,1,
208,-1,-1,-999,11533,2,global
75,140,8,399,11546,1,
114,271,2,380,11549,1,
45,498,8,399,11560,1,
56,26,5,399,11570,1,
66,31,6,400,11582,1,
119,38,2,402,11585,1,
171,239,10,400,11598,1,
41,237,8,402,11599,1,
13,97,4,402,11606,1,
72,245,5,401,11608,1,
150,1120,1,401,11614,1,
186,931,8,401,11628,1,
186,-1,-1,-999,11628,2,global
149,359,4,403,11629,1,
147,48,4,403,11636,1,
243,1015,5,401,11638,1,
0,444,5,401,11648,1,
64,992,3,403,11652,1,
230,64,1,356,11654,1,
79,792,6,403,11673,1,
86,396,5,393,11681,1,
121,61,2,403,11686,1,
31,919,10,404,11691,1,
178,239,3,404,11699,1,
133,447,6,405,11703,1,
229,1363,9,398,11707,1,
44,32,4,404,11708,1,
219,470,4,405,11710,1,
95,411,11,395,11715,1,
212,44,12,405,11727,1,
32,8,9,405,11740,1,
194,35,10,405,11754,1,
51,256,6,404,11756,1,
108,50,6,405,11763,1,
62,1660,1,407,11774,1,
49,621,9,401,11781,1,
48,254,2,385,11781,1,
84,1067,7,407,11788,1,
116,839,1,382,11790,1,
30,372,3,406,11795,1,
74,296,1,408,11802,1,
234,492,1,382,11805,1,
89,235,2,386,11818,1,
94,826,4,407,11818,1,
183,265,3,408,11826,1,
38,305,2,400,11827,1,
144,1330,3,408,11834,1,
70,177,9,394,11838,1,
17,995,5,408,11844,1,
139,271,4,385,11847,1,
120,38,6,409,11856,1,
170,826,6,411,11874,1,
197,35,6,412,11878,1,
161,1131,3,411,11882,1,
125,879,7,410,11882,1,
160,802,4,411,11891,1,
110,50,6,410,11894,1,
211,276,5,384,11904,1,
196,819,6,395,11919,1,
217,1382,7,415,11930,1,
40,331,8,413,11931,1,
105,362,1,414,11935,1,
55,1028,2,416,11936,1,
96,0,4,393,11938,1,
162,349,4,415,11946,1,
26,393,2,414,11955,1,
97,0,6,417,11957,1,
126,1596,7,417,11970,1,
122,163,4,417,11979,1,
103,467,3,405,11981,1,
201,366,5,417,11989,1,
98,343,6,403,11992,1,
98,-1,-1,-999,11992,2,global
59,866,4,396,11996,1,
210,301,6,417,12001,1,
181,181,10,421,12005,1,
5,268,1,398,12005,1,
226,102,8,417,12015,1,
131,3,6,418,12024,1,
232,43,3,420,12031,1,
123,38,4,421,12034,1,
37,123,6,421,12046,1,
137,364,4,419,12055,1,
137,-1,-1,-999,12055,2,global
14,97,8,421,12069,1,
75,438,4,421,12078,1,
25,679,2,421,12084,1,
166,340,8,422,12092,1,
168,239,5,404,12093,1,
138,860,4,421,12094,1,
118,856,1,421,12099,1,
112,246,5,412,12100,1,
112,-1,-1,-999,12100,2,global
90,239,2,400,12106,1,
134,241,3,421,12113,1,
134,-1,-1,-999,12114,2,global
31,372,3,406,12122,1,
31,-1,-1,-999,12122,2,global
41,51,6,425,12125,1,
12,71,7,423,12126,1,
79,1091,10,414,12142,1,
79,-1,-1,-999,12142,2,global
169,241,6,425,12145,1,
169,-1,-1,-999,12146,2,global
140,986,6,424,12154,1,
27,58,8,425,12157,1,
44,1514,7,418,12168,1,
104,59,7,427,12190,1,
109,353,8,425,12201,1,
39,815,2,428,12203,1,
188,70,2,428,12211,1,
233,43,7,425,12218,1,
71,1,8,426,12225,1,
43,807,3,428,12233,1,
114,368,9,425,12234,1,
192,849,2,428,12240,1,
72,245,5,428,12250,1,
146,801,8,428,12264,1,
66,288,7,428,12276,1,
223,5,5,428,12287,1,
47,1388,9,429,12294,1,
214,774,6,430,12298,1,
62,861,4,430,12308,1,
199,400,8,431,12325,1,
78,257,6,430,12337,1,
45,238,2,430,12344,1,
194,35,6,430,12355,1,
56,21,5,430,12365,1,
17,995,3,433,12371,1,
212,390,3,430,12373,1,
170,1015,5,401,12385,1,
170,-1,-1,-999,12385,2,global
234,260,10,420,12389,1,
234,-1,-1,-999,12390,2,global
1,421,6,432,12401,1,
52,842,8,434,12406,1,
102,66,8,435,12410,1,
115,78,9,430,12416,1,
86,160,8,434,12420,1,
54,2,3,431,12424,1,
132,1153,3,437,12428,1,
183,108,5,436,12434,1,
7,6,4,435,12437,1,
121,517,8,432,12438,1,
196,826,2,411,12445,1,
175,910,5,432,12448,1,
119,38,7,436,12451,1,
129,110,7,436,12464,1,
154,1139,11,436,12482,1,
195,35,10,437,12485,1,
167,30,6,438,12530,1,
87,111,4,441,12531,1,
172,12,3,439,12538,1,
32,336,8,440,12545,1,
33,587,4,438,12549,1,
50,976,6,441,12557,1,
182,181,2,421,12558,1,
36,938,6,440,12568,1,
0,925,9,442,12577,1,
211,390,6,440,12580,1,
159,310,5,442,12585,1,
94,0,3,442,12590,1,
108,49,7,441,12592,1,
111,272,4,442,12597,1,
60,29,6,440,12604,1,
4,290,8,442,12609,1,
3,1455,3,440,12612,1,
226,320,6,442,12618,1,
226,-1,-1,-999,12618,2,global
51,37,6,441,12623,1,
53,494,5,443,12630,1,
216,487,10,442,12632,1,
133,2,1,444,12641,1,
5,157,6,444,12653,1,
95,954,8,443,12653,1,
158,306,7,444,12663,1,
84,364,2,419,12667,1,
130,7,5,443,12671,1,
40,230,2,444,12679,1,
232,856,3,421,12689,1,
26,860,4,421,12698,1,
100,884,4,444,12700,1,
131,239,6,445,12717,1,
120,1,7,446,12718,1,
55,26,2,445,12724,1,
207,372,3,406,12732,1,
207,-1,-1,-999,12732,2,global
35,1752,5,445,12735,1,
157,936,9,446,12737,1,
155,331,8,446,12752,1,
141,1329,3,446,12760,1,
98,1190,1,421,12765,1,
126,202,4,446,12774,1,
34,1977,8,448,12788,1,
217,173,4,446,12797,1,
156,815,4,428,12804,1,
92,308,4,447,12806,1,
147,873,2,449,12809,1,
200,120,6,448,12818,1,
205,17,5,450,12826,1,
173,12,10,449,12827,1,
76,247,7,448,12830,1,
202,986,1,424,12836,1,
6,157,6,449,12839,1,
135,1,2,449,12845,1,
204,730,10,451,12846,1,
145,328,6,448,12847,1,
145,-1,-1,-999,12847,2,global
191,807,5,428,12860,1,
105,801,2,428,12867,1,
215,263,10,452,12897,1,
134,241,6,425,12904,1,
39,420,6,442,12906,1,
140,995,5,433,12916,1,
177,861,2,430,12919,1,
78,1280,7,442,12921,1,
112,834,6,452,12930,1,
223,823,2,456,12945,1,
74,112,9,453,12946,1,
63,41,1,454,12953,1,
124,14,6,453,12958,1,
144,495,12,453,12976,1,
210,257,11,454,12982,1,
208,2,3,453,12984,1,
233,43,5,458,12985,1,
149,1376,3,454,12990,1,
56,517,6,446,12996,1,
103,66,4,456,12999,1,
90,1441,6,455,13001,1,
65,403,2,453,13002,1,
2,9,8,456,13013,1,
21,974,4,456,13022,1,
1,1476,2,458,13031,1,
102,1491,5,449,13048,1,
125,14,6,456,13054,1,
86,350,4,442,13064,1,
86,1038,2,444,13064,1,
86,-1,-1,-999,13064,2,global
165,328,6,459,13065,1,
165,-1,-1,-999,13065,2,global
42,32,7,459,13078,1,
52,494,7,460,13081,1,
44,144,6,459,13089,1,
15,293,6,460,13091,1,
15,-1,-1,-999,13091,2,global
23,337,2,456,13096,1,
7,1064,7,456,13108,1,
66,279,8,460,13108,1,
66,-1,-1,-999,13109,2,global
196,819,6,436,13110,1,
113,1373,4,460,13115,1,
81,270,1,462,13116,1,
81,-1,-1,-999,13116,2,global
212,213,10,462,13132,1,
96,0,8,460,13134,1,
72,1351,1,460,13139,1,
129,68,11,459,13142,1,
153,315,8,462,13146,1,
30,150,5,461,13156,1,
195,2,5,462,13167,1,
47,413,11,461,13184,1,
167,236,2,457,13187,1,
197,976,3,441,13189,1,
57,938,4,440,13198,1,
139,141,8,462,13198,1,
59,810,2,462,13205,1,
172,1467,8,446,13209,1,
50,386,8,462,13221,1,
79,0,4,462,13230,1,
73,277,8,463,13232,1,
123,320,2,442,13243,1,
123,-1,-1,-999,13243,2,global
115,272,2,442,13250,1,
58,99,6,463,13265,1,
10,852,3,463,13273,1,
27,8,4,463,13283,1,
71,1,4,464,13289,1,
12,6,12,463,13302,1,
232,430,4,460,13316,1,
64,300,10,463,13319,1,
64,-1,-1,-999,13319,2,global
60,26,6,445,13323,1,
5,1718,7,453,13331,1,
158,233,10,459,13337,1,
37,51,2,463,13338,1,
157,837,1,462,13347,1,
136,1458,5,465,13348,1,
31,372,3,406,13353,1,
31,-1,-1,-999,13353,2,global
159,11,2,465,13355,1,
51,256,6,465,13366,1,
51,-1,-1,-999,13366,2,global
69,288,1,466,13372,1,
155,1858,10,460,13379,1,
131,1781,10,466,13388,1,
130,3,7,466,13401,1,
38,265,4,467,13418,1,
17,893,10,466,13437,1,
104,1618,2,466,13444,1,
67,231,6,466,13455,1,
33,328,1,448,13461,1,
194,873,10,449,13462,1,
194,-1,-1,-999,13462,2,global
82,247,2,448,13468,1,
107,1460,4,469,13470,1,
54,10,2,466,13474,1,
147,1192,8,454,13484,1,
142,279,7,468,13487,1,
48,254,6,470,13495,1,
156,106,4,463,13507,1,
156,401,9,468,13507,1,
156,-1,-1,-999,13507,2,global
237,109,6,470,13507,1,
207,1393,3,453,13514,1,
132,3,10,472,13531,1,
6,417,6,465,13542,1,
173,12,7,471,13552,1,
166,53,4,472,13565,1,
126,127,6,472,13577,1,
95,0,4,473,13588,1,
184,1441,1,455,13597,1,
160,25,6,473,13600,1,
163,834,1,452,13601,1,
127,974,3,456,13608,1,
78,355,8,466,13613,1,
93,270,8,474,13629,1,
93,-1,-1,-999,13630,2,global
133,41,9,454,13634,1,
109,1214,6,474,13641,1,
217,823,7,456,13644,1,
145,221,4,460,13650,1,
34,337,2,456,13657,1,
63,848,2,474,13657,1,
34,-1,-1,-999,13657,2,global
65,448,6,474,13668,1,
117,269,2,476,13672,1,
128,1361,1,475,13674,1,
215,961,1,476,13678,1,
105,801,5,476,13693,1,
30,1390,4,472,13706,1,
202,1351,1,460,13712,1,
202,-1,-1,-999,13712,2,global
99,250,5,477,13721,1,
99,-1,-1,-999,13721,2,global
196,350,4,442,13721,1,
196,-1,-1,-999,13721,2,global
119,1373,1,460,13727,1,
52,1003,8,479,13741,1,
229,1363,4,479,13748,1,
83,180,4,480,13755,1,
87,111,8,478,13765,1,
32,833,8,479,13771,1,
80,852,6,478,13777,1,
7,1551,8,480,13783,1,
238,1453,4,479,13789,1,
76,22,7,480,13800,1,
151,810,8,462,13802,1,
185,54,4,481,13802,1,
57,1465,5,476,13834,1,
98,254,7,483,13849,1,
172,12,8,478,13855,1,
205,153,7,482,13866,1,
189,854,3,482,13874,1,
23,233,2,459,13880,1,
0,9,9,484,13880,1,
23,-1,-1,-999,13880,2,global
108,1092,4,483,13883,1,
86,350,4,478,13889,1,
86,-1,-1,-999,13889,2,global
28,419,7,484,13902,1,
55,21,12,484,13921,1,
210,257,1,484,13927,1,
155,416,7,478,13939,1,
186,62,4,483,13945,1,
67,1012,10,469,13953,1,
50,265,3,467,13953,1,
81,270,10,462,13963,1,
15,328,1,448,13964,1,
71,1,3,485,13971,1,
90,1079,7,487,13981,1,
112,406,12,486,13993,1,
150,963,8,488,14003,1,
79,0,4,488,14013,1,
129,2,6,488,14024,1,
54,10,9,489,14039,1,
102,66,5,489,14050,1,
159,395,9,491,14063,1,
120,38,8,489,14064,1,
115,1544,8,493,14066,1,
193,1155,7,492,14076,1,
69,1289,12,489,14083,1,
207,324,6,482,14087,1,
38,305,12,493,14089,1,
132,1153,7,482,14100,1,
221,1140,7,493,14103,1,
114,1520,4,493,14110,1,
47,894,5,494,14116,1,
45,238,7,493,14120,1,
45,-1,-1,-999,14120,2,global
116,1016,7,494,14132,1,
42,80,2,494,14139,1,
190,16,11,493,14139,1,
40,331,7,494,14157,1,
60,29,8,494,14171,1,
166,1217,7,478,14184,1,
77,22,8,495,14195,1,
134,241,6,494,14196,1,
134,-1,-1,-999,14196,2,global
43,79,6,497,14199,1,
154,1214,4,474,14204,1,
154,-1,-1,-999,14205,2,global
183,848,2,474,14211,1,
243,1011,11,496,14217,1,
66,96,7,495,14219,1,
29,302,2,496,14224,1,
123,484,7,494,14224,1,
169,1425,4,496,14233,1,
84,1025,4,498,14245,1,
198,414,12,497,14252,1,
117,1576,8,494,14274,1,
31,919,8,493,14281,1,
109,384,7,476,14284,1,
217,823,5,474,14296,1,
215,263,2,494,14303,1,
35,24,6,500,14314,1,
73,40,7,499,14316,1,
5,811,2,499,14323,1,
191,510,4,501,14331,1,
33,1208,8,499,14337,1,
105,250,5,477,14345,1,
18,34,8,499,14351,1,
103,231,2,501,14353,1,
165,1351,1,460,14354,1,
165,-1,-1,-999,14354,2,global
58,295,8,501,14367,1,
2,410,10,502,14384,1,
2,-1,-1,-999,14384,2,global
17,378,4,502,14392,1,
118,429,1,502,14398,1,
208,1620,2,503,14404,1,
124,14,6,502,14409,1,
131,265,4,503,14413,1,
161,389,3,502,14417,1,
27,58,2,504,14424,1,
176,810,1,462,14426,1,
160,223,4,504,14433,1,
78,257,1,484,14439,1,
214,1077,6,504,14445,1,
144,73,10,505,14446,1,
173,481,2,504,14456,1,
189,16,2,500,14461,1,
122,916,4,505,14470,1,
185,91,9,506,14478,1,
145,29,2,506,14505,1,
1,480,4,509,14507,1,
63,238,2,507,14514,1,
171,536,4,506,14515,1,
46,1389,7,508,14521,1,
121,61,4,510,14524,1,
184,1079,1,487,14527,1,
152,275,1,508,14532,1,
192,82,6,506,14536,1,
50,841,5,490,14542,1,
104,59,6,506,14547,1,
143,232,3,510,14555,1,
227,1303,9,511,14557,1,
112,240,5,512,14566,1,
48,80,5,512,14576,1,
205,121,6,514,14578,1,
138,872,8,513,14590,1,
38,412,8,512,14615,1,
39,498,12,514,14620,1,
147,894,5,494,14624,1,
37,1914,7,515,14627,1,
85,1040,2,516,14630,1,
181,29,3,494,14632,1,
190,16,6,513,14639,1,
153,1313,7,518,14647,1,
153,-1,-1,-999,14647,2,global
52,37,4,517,14648,1,
91,130,10,518,14663,1,
51,845,6,516,14667,1,
196,350,4,478,14672,1,
196,-1,-1,-999,14673,2,global
79,0,4,516,14677,1,
223,5,9,519,14681,1,
74,112,6,518,14684,1,
207,1044,3,521,14690,1,
125,45,4,521,14706,1,
93,101,11,520,14709,1,
40,811,1,499,14713,1,
23,281,1,519,14715,1,
56,234,4,521,14715,1,
56,-1,-1,-999,14715,2,global
169,241,1,494,14717,1,
169,241,9,507,14717,1,
169,-1,-1,-999,14717,2,global
65,823,2,474,14723,1,
186,524,5,522,14725,1,
117,27,4,514,14729,1,
221,263,5,494,14741,1,
221,-1,-1,-999,14741,2,global
61,871,2,522,14751,1,
67,1317,4,522,14761,1,
194,183,4,522,14775,1,
231,429,4,502,14775,1,
71,389,3,502,14781,1,
71,-1,-1,-999,14781,2,global
183,265,1,503,14783,1,
0,295,3,501,14788,1,
191,82,10,523,14791,1,
202,1351,1,460,14796,1,
202,-1,-1,-999,14797,2,global
172,87,1,523,14800,1,
195,317,2,524,14803,1,
3,9,5,523,14813,1,
203,589,9,524,14844,1,
218,352,7,524,14859,1,
109,1077,6,504,14860,1,
109,-1,-1,-999,14860,2,global
42,132,3,525,14867,1,
129,2,2,525,14874,1,
95,344,2,526,14884,1,
177,15,7,524,14888,1,
167,30,7,526,14897,1,
210,911,2,526,14904,1,
176,1519,10,524,14904,1,
28,838,6,526,14915,1,
179,1263,10,526,14931,1,
142,1094,10,526,14948,1,
54,10,8,526,14961,1,
135,1549,12,528,14969,1,
168,452,8,527,14975,1,
121,981,2,522,14982,1,
124,14,8,529,14983,1,
164,521,5,530,14990,1,
66,1264,5,528,14994,1,
16,983,6,530,15000,1,
209,544,9,529,15009,1,
43,307,10,530,15014,1,
113,264,6,529,15020,1,
204,275,8,508,15034,1,
204,-1,-1,-999,15034,2,global
64,600,4,529,15043,1,
72,339,8,530,15055,1,
105,149,4,532,15067,1,
130,7,8,531,15072,1,
159,894,2,494,15077,1,
152,1257,10,526,15078,1,
152,-1,-1,-999,15078,2,global
133,2,5,533,15096,1,
112,246,7,533,15109,1,
112,-1,-1,-999,15109,2,global
145,1262,8,533,15123,1,
30,332,8,533,15136,1,
30,-1,-1,-999,15137,2,global
115,240,3,512,15144,1,
2,410,4,515,15153,1,
73,103,2,533,15160,1,
17,23,6,533,15171,1,
224,5,2,533,15178,1,
136,54,5,533,15188,1,
106,20,7,533,15201,1,
185,394,6,533,15212,1,
118,951,10,533,15229,1,
27,906,4,533,15238,1,
161,554,7,533,15250,1,
187,62,4,533,15259,1,
68,897,8,535,15272,1,
32,24,10,533,15276,1,
158,25,8,534,15284,1,
243,298,7,533,15288,1,
132,7,6,533,15300,1,
205,153,5,536,15314,1,
193,426,9,533,15315,1,
81,0,4,516,15316,1,
76,40,3,533,15323,1,
85,567,9,533,15338,1,
217,1385,3,536,15347,1,
154,208,12,533,15357,1,
223,1922,4,526,15366,1,
86,928,2,538,15373,1,
199,400,4,538,15382,1,
107,551,8,537,15384,1,
6,559,4,538,15391,1,
34,281,1,519,15397,1,
79,1968,12,539,15404,1,
182,181,10,538,15407,1,
134,241,4,538,15418,1,
134,-1,-1,-999,15419,2,global
108,49,10,541,15419,1,
51,239,10,539,15421,1,
98,815,6,542,15421,1,
50,265,1,503,15425,1,
36,688,2,541,15433,1,
117,27,10,540,15443,1,
100,254,2,543,15449,1,
48,326,4,544,15454,1,
10,136,2,543,15463,1,
67,719,6,526,15479,1,
165,1351,1,460,15488,1,
165,-1,-1,-999,15488,2,global
153,1313,3,518,15506,1,
129,68,2,541,15519,1,
90,239,7,544,15520,1,
1,143,8,545,15522,1,
3,1081,6,525,15528,1,
179,915,4,533,15530,1,
116,246,4,545,15531,1,
116,-1,-1,-999,15531,2,global
96,344,4,526,15539,1,
142,623,9,534,15546,1,
160,1508,2,545,15553,1,
191,82,8,547,15561,1,
196,819,6,536,15564,1,
45,498,1,546,15566,1,
42,32,6,547,15578,1,
80,457,5,547,15590,1,
138,872,6,548,15597,1,
78,355,8,547,15605,1,
119,18,9,548,15612,1,
69,309,6,547,15616,1,
22,1650,4,548,15621,1,
137,1770,3,548,15629,1,
18,34,7,548,15642,1,
131,256,7,548,15654,1,
131,-1,-1,-999,15655,2,global
60,248,4,548,15663,1,
225,275,3,508,15671,1,
124,14,10,549,15687,1,
84,133,6,549,15699,1,
65,31,9,550,15710,1,
103,1413,8,548,15713,1,
195,2,7,553,15728,1,
24,814,11,549,15730,1,
175,94,6,552,15736,1,
120,18,8,549,15744,1,
207,1044,6,549,15755,1,
105,20,8,547,15763,1,
121,61,8,553,15764,1,
54,10,6,549,15767,1,
64,1378,8,536,15770,1,
55,21,5,549,15777,1,
53,326,4,549,15786,1,
72,542,6,554,15792,1,
7,406,8,551,15800,1,
91,142,4,554,15801,1,
147,998,6,551,15812,1,
147,-1,-1,-999,15812,2,global
39,1457,4,554,15812,1,
2,410,12,524,15815,1,
135,3,2,551,15818,1,
73,422,6,550,15823,1,
159,1146,6,554,15840,1,
185,825,10,541,15853,1,
169,241,11,554,15859,1,
169,-1,-1,-999,15859,2,global
118,27,11,551,15870,1,
88,319,7,555,15872,1,
187,853,3,551,15878,1,
203,589,9,557,15893,1,
68,1407,4,539,15899,1,
243,1010,8,536,15907,1,
93,0,8,557,15908,1,
122,163,5,556,15911,1,
71,1,8,557,15922,1,
201,181,2,538,15929,1,
136,672,6,557,15933,1,
218,794,5,558,15943,1,
35,281,1,519,15944,1,
141,815,2,542,15950,1,
211,276,5,557,15954,1,
211,-1,-1,-999,15954,2,global
168,239,1,539,15958,1,
164,285,8,558,15967,1,
204,1402,2,558,15974,1,
206,1899,7,559,15978,1,
50,841,8,545,15978,1,
199,887,2,560,15991,1,
154,1139,12,558,15993,1,
171,265,2,503,15999,1,
59,125,6,560,16002,1,
144,73,4,560,16012,1,
51,836,3,560,16017,1,
77,1128,6,560,16027,1,
87,676,4,560,16034,1,
114,982,2,560,16038,1,
40,230,8,560,16050,1,
237,57,10,560,16064,1,
186,62,4,560,16071,1,
117,269,5,560,16079,1,
10,249,4,561,16091,1,
10,-1,-1,-999,16091,2,global
202,1351,1,460,16096,1,
202,-1,-1,-999,16097,2,global
4,1069,6,560,16104,1,
99,250,4,562,16105,1,
99,-1,-1,-999,16105,2,global
180,239,1,544,16112,1,
158,25,6,562,16117,1,
6,303,2,563,16124,1,
149,839,4,562,16126,1,
16,237,3,561,16134,1,
14,884,4,563,16137,1,
145,73,10,561,16150,1,
21,34,9,563,16152,1,
36,1316,9,563,16167,1,
61,90,2,565,16174,1,
43,445,6,564,16179,1,
153,1786,4,519,16187,1,
176,15,3,563,16187,1,
90,1500,4,558,16192,1,
92,142,10,563,16203,1,
12,383,2,564,16210,1,
81,270,2,566,16217,1,
81,-1,-1,-999,16217,2,global
79,457,1,547,16222,1,
63,1273,5,567,16233,1,
142,812,11,554,16243,1,
142,-1,-1,-999,16243,2,global
69,1403,6,548,16245,1,
213,493,8,565,16250,1,
172,356,5,567,16255,1,
70,19,1,568,16255,1,
130,443,9,567,16278,1,
196,1184,8,569,16288,1,
119,1,8,570,16292,1,
24,290,10,570,16308,1,
107,551,8,571,16313,1,
129,1339,6,572,16318,1,
134,807,8,570,16322,1,
146,73,4,571,16322,1,
121,1105,4,569,16332,1,
9,1052,9,570,16337,1,
177,15,9,572,16338,1,
64,1179,10,566,16338,1,
64,-1,-1,-999,16338,2,global
95,0,2,570,16344,1,
54,10,8,572,16356,1,
82,247,6,573,16365,1,
166,1150,8,572,16368,1,
155,1237,4,573,16375,1,
30,51,7,572,16386,1,
86,19,10,575,16412,1,
123,127,8,574,16414,1,
48,152,6,575,16424,1,
133,2,2,576,16429,1,
207,324,8,575,16438,1,
118,27,4,563,16445,1,
238,57,3,575,16446,1,
22,727,5,575,16456,1,
23,748,8,578,16460,1,
223,5,4,579,16461,1,
150,376,1,575,16462,1,
150,-1,-1,-999,16462,2,global
157,837,12,577,16462,1,
203,135,5,563,16473,1,
170,844,11,577,16480,1,
175,115,6,582,16495,1,
2,281,1,519,16499,1,
124,14,10,580,16499,1,
212,213,10,581,16504,1,
67,285,2,558,16505,1,
236,512,7,582,16511,1,
236,-1,-1,-999,16512,2,global
18,261,5,583,16520,1,
18,-1,-1,-999,16520,2,global
181,1300,6,579,16521,1,
113,1291,2,583,16528,1,
199,325,6,563,16542,1,
218,352,12,583,16553,1,
85,1128,1,560,16561,1,
164,933,6,585,16569,1,
1,421,4,584,16572,1,
1,-1,-1,-999,16572,2,global
106,884,3,563,16585,1,
211,1259,10,570,16597,1,
211,-1,-1,-999,16597,2,global
208,2,9,587,16600,1,
125,83,8,586,16614,1,
205,17,12,587,16619,1,
165,1351,1,460,16620,1,
165,-1,-1,-999,16620,2,global
7,303,4,563,16628,1,
135,10,10,586,16636,1,
200,543,8,587,16642,1,
116,839,3,562,16644,1,
51,256,10,587,16658,1,
51,-1,-1,-999,16658,2,global
136,54,3,587,16666,1,
100,892,6,587,16678,1,
3,1072,2,587,16684,1,
37,421,12,587,16703,1,
117,27,6,587,16714,1,
4,157,1,587,16720,1,
17,893,6,587,16731,1,
93,270,7,566,16744,1,
10,312,4,579,16753,1,
35,446,9,587,16759,1,
209,77,4,587,16768,1,
43,1706,4,578,16777,1,
188,70,1,588,16783,1,
153,1720,10,547,16799,1,
103,231,4,590,16807,1,
42,314,11,588,16817,1,
88,19,1,568,16817,1,
12,207,10,570,16818,1,
219,286,5,588,16827,1,
220,124,6,591,16829,1,
215,1537,4,588,16836,1,
206,121,3,591,16845,1,
235,432,4,591,16854,1,
235,-1,-1,-999,16854,2,global
174,335,9,591,16869,1,
50,37,5,591,16879,1,
130,443,7,592,16886,1,
105,20,10,591,16896,1,
57,530,9,593,16908,1,
114,393,7,591,16908,1,
114,-1,-1,-999,16909,2,global
185,825,7,593,16921,1,
32,795,10,591,16924,1,
145,29,5,593,16931,1,
44,32,10,593,16947,1,
172,12,6,593,16959,1,
56,1301,9,593,16974,1,
14,540,8,593,16988,1,
186,62,12,594,16993,1,
19,92,10,593,17004,1,
139,404,6,594,17005,1,
139,-1,-1,-999,17005,2,global
49,85,10,593,17020,1,
63,114,10,594,17021,1,
131,440,6,594,17032,1,
161,554,8,593,17034,1,
65,1372,10,595,17038,1,
65,-1,-1,-999,17038,2,global
240,1194,2,594,17039,1,
73,567,4,593,17043,1,
5,268,4,595,17044,1,
5,-1,-1,-999,17045,2,global
60,880,6,594,17050,1,
189,33,5,595,17053,1,
31,1093,7,594,17063,1,
166,953,12,596,17083,1,
166,-1,-1,-999,17083,2,global
69,919,4,596,17092,1,
129,2,4,576,17093,1,
207,665,4,594,17105,1,
71,376,4,575,17116,1,
71,-1,-1,-999,17116,2,global
84,133,5,598,17126,1,
30,281,1,519,17138,1,
142,398,8,593,17140,1,
118,27,2,589,17145,1,
54,188,4,597,17149,1,
119,18,10,598,17161,1,
13,423,6,598,17173,1,
13,-1,-1,-999,17173,2,global
40,230,1,598,17178,1,
134,2,11,599,17182,1,
21,741,6,600,17190,1,
27,118,4,601,17196,1,
109,278,5,600,17200,1,
81,1249,4,600,17209,1,
201,47,4,601,17219,1,
94,101,12,598,17228,1,
76,40,10,601,17234,1,
2,211,4,579,17241,1,
210,2,6,602,17255,1,
196,44,6,603,17266,1,
64,283,4,602,17268,1,
29,261,5,583,17286,1,
138,872,12,603,17297,1,
232,379,9,602,17299,1,
11,268,5,603,17310,1,
216,2,1,587,17316,1,
158,11,4,603,17325,1,
205,121,8,594,17331,1,
78,180,12,604,17348,1,
20,303,1,563,17349,1,
202,1351,1,460,17354,1,
104,568,3,606,17372,1,
98,343,12,604,17373,1,
187,54,1,587,17377,1,
155,331,1,606,17383,1,
106,182,7,597,17386,1,
116,1108,4,587,17392,1,
225,1332,10,604,17402,1,
234,943,1,605,17407,1,
75,438,10,606,17414,1,
149,359,6,606,17425,1,
149,-1,-1,-999,17426,2,global
37,421,2,584,17437,1,
143,232,7,606,17438,1,
128,1430,9,607,17453,1,
93,593,2,600,17457,1,
121,61,2,608,17460,1,
67,231,3,590,17465,1,
62,582,2,606,17466,1,
120,18,10,607,17483,1,
167,30,7,609,17488,1,
153,369,5,601,17497,1,
200,47,9,608,17498,1,
199,857,4,610,17499,1,
79,457,4,609,17504,1,
228,1805,9,608,17513,1,
38,811,2,610,17514,1,
241,926,8,610,17528,1,
72,294,9,611,17528,1,
43,388,8,611,17542,1,
42,314,5,595,17545,1,
219,286,5,595,17553,1,
89,942,7,611,17555,1,
32,875,2,592,17567,1,
57,450,9,598,17583,1,
130,286,2,606,17585,1,
50,507,8,598,17597,1,
22,404,2,594,17604,1,
206,121,12,611,17604,1,
90,645,8,612,17606,1,
1,281,1,519,17613,1,
161,554,8,597,17620,1,
147,376,2,575,17620,1,
147,-1,-1,-999,17620,2,global
51,256,11,607,17621,1,
51,-1,-1,-999,17622,2,global
168,30,8,612,17634,1,
135,2,2,576,17636,1,
30,332,2,608,17646,1,
7,6,7,612,17646,1,
235,432,1,591,17647,1,
235,-1,-1,-999,17647,2,global
136,72,2,613,17656,1,
154,808,5,612,17657,1,
197,116,11,612,17674,1,
95,0,6,612,17686,1,
142,812,4,596,17688,1,
171,302,2,614,17693,1,
240,389,4,614,17702,1,
240,-1,-1,-999,17702,2,global
73,277,5,615,17703,1,
66,279,8,615,17714,1,
52,741,5,600,17719,1,
156,278,1,600,17725,1,
80,119,3,616,17732,1,
74,283,3,602,17734,1,
15,293,8,616,17748,1,
211,276,9,616,17763,1,
220,168,8,616,17777,1,
122,720,3,616,17785,1,
159,11,10,616,17801,1,
114,806,10,616,17817,1,
119,1,7,616,17830,1,
127,258,6,616,17842,1,
209,249,3,617,17851,1,
70,472,9,616,17857,1,
103,59,11,616,17874,1,
134,1,6,617,17878,1,
150,376,4,616,17883,1,
150,-1,-1,-999,17883,2,global
41,51,4,617,17890,1,
175,340,9,616,17898,1,
85,567,6,617,17906,1,
10,136,4,616,17907,1,
162,349,4,617,17918,1,
27,8,7,616,17920,1,
117,27,10,617,17934,1,
29,1417,10,616,17936,1,
5,1276,8,612,17950,1,
169,30,4,618,17953,1,
165,1351,1,460,17956,1,
165,-1,-1,-999,17956,2,global
12,6,8,619,17969,1,
191,424,3,620,17977,1,
185,62,4,620,17986,1,
82,151,5,619,17997,1,
109,353,10,619,18013,1,
33,24,8,621,18015,1,
46,1199,9,620,18028,1,
46,-1,-1,-999,18028,2,global
230,232,2,606,18029,1,
230,-1,-1,-999,18029,2,global
218,1585,8,620,18042,1,
71,1132,9,611,18044,1,
14,92,4,620,18051,1,
182,1639,7,622,18053,1,
121,981,9,611,18060,1,
102,154,7,620,18064,1,
62,629,5,611,18070,1,
28,952,7,620,18076,1,
129,3,10,623,18079,1,
225,547,6,620,18088,1,
40,811,1,610,18099,1,
155,416,6,616,18099,1,
172,87,9,623,18099,1,
13,423,2,621,18118,1,
153,255,7,616,18123,1,
233,1261,2,625,18137,1,
79,1091,10,616,18151,1,
79,-1,-1,-999,18151,2,global
181,686,8,625,18154,1,
72,863,6,616,18163,1,
205,121,7,625,18165,1,
232,1323,6,627,18171,1,
39,531,3,625,18173,1,
47,42,6,626,18180,1,
37,56,4,627,18181,1,
87,676,7,625,18185,1,
67,231,1,625,18190,1,
145,328,6,627,18202,1,
36,281,1,519,18203,1,
35,1604,4,627,18211,1,
35,-1,-1,-999,18211,2,global
231,232,4,627,18220,1,
65,403,2,628,18231,1,
23,88,6,627,18231,1,
217,1171,2,627,18238,1,
158,11,3,628,18239,1,
228,330,7,629,18251,1,
234,4,3,631,18262,1,
139,404,2,594,18264,1,
49,252,4,631,18272,1,
112,435,2,630,18276,1,
76,40,11,629,18282,1,
25,822,8,631,18283,1,
164,933,6,631,18293,1,
21,129,7,632,18306,1,
1,143,8,629,18308,1,
221,263,5,630,18316,1,
221,-1,-1,-999,18316,2,global
126,242,4,631,18327,1,
24,113,6,632,18332,1,
243,161,8,635,18347,1,
90,1500,2,633,18349,1,
38,305,2,636,18353,1,
188,33,5,634,18360,1,
151,252,8,632,18361,1,
45,238,7,633,18373,1,
45,-1,-1,-999,18373,2,global
22,129,9,636,18374,1,
42,80,7,638,18385,1,
163,354,7,633,18385,1,
68,281,1,633,18391,1,
142,398,6,616,18396,1,
2,410,2,633,18397,1,
2,-1,-1,-999,18398,2,global
81,0,10,636,18399,1,
160,297,6,638,18411,1,
160,-1,-1,-999,18411,2,global
132,100,10,637,18413,1,
93,0,3,638,18417,1,
206,392,5,638,18424,1,
206,-1,-1,-999,18424,2,global
114,368,8,616,18430,1,
55,21,4,638,18441,1,
136,258,5,616,18448,1,
136,-1,-1,-999,18448,2,global
119,431,6,624,18452,1,
50,249,1,617,18455,1,
137,472,2,616,18455,1,
51,1356,6,627,18468,1,
209,545,4,627,18477,1,
175,218,8,625,18500,1,
70,1307,12,620,18502,1,
147,376,4,616,18511,1,
147,-1,-1,-999,18512,2,global
94,995,6,639,18523,1,
239,349,2,617,18523,1,
94,-1,-1,-999,18523,2,global
177,861,6,639,18535,1,
7,6,2,619,18553,1,
240,389,4,614,18563,1,
240,-1,-1,-999,18563,2,global
48,835,12,640,18571,1,
0,9,6,641,18574,1,
103,1236,10,642,18578,1,
103,-1,-1,-999,18578,2,global
241,232,3,606,18579,1,
127,242,4,640,18588,1,
159,310,5,642,18592,1,
159,-1,-1,-999,18592,2,global
5,268,5,603,18598,1,
5,-1,-1,-999,18598,2,global
120,18,12,643,18617,1,
97,0,6,643,18628,1,
208,165,5,643,18638,1,
52,37,1,643,18644,1,
123,811,1,610,18644,1,
54,120,4,643,18672,1,
104,231,5,625,18674,1,
173,462,10,646,18675,1,
166,1880,10,644,18699,1,
41,281,1,519,18705,1,
150,379,1,645,18710,1,
15,328,2,627,18717,1,
15,-1,-1,-999,18717,2,global
105,801,1,648,18723,1,
102,508,12,647,18726,1,
199,887,5,648,18734,1,
130,7,2,648,18741,1,
88,318,5,648,18752,1,
83,967,10,648,18768,1,
133,829,2,648,18775,1,
228,933,2,631,18793,1,
189,33,9,648,18801,1,
79,1091,2,616,18821,1,
98,254,1,649,18824,1,
27,67,12,650,18827,1,
191,424,7,650,18840,1,
57,450,3,651,18841,1,
85,358,2,651,18848,1,
39,1296,6,650,18852,1,
32,795,2,650,18859,1,
242,699,9,651,18864,1,
187,618,9,651,18879,1,
3,9,4,650,18884,1,
106,20,1,651,18884,1,
149,814,2,651,18898,1,
91,36,12,651,18917,1,
210,991,7,652,18920,1,
170,1015,5,651,18927,1,
170,-1,-1,-999,18927,2,global
59,125,5,651,18937,1,
64,1034,4,652,18947,1,
237,57,7,651,18950,1,
124,45,4,652,18956,1,
135,626,3,653,18971,1,
125,14,9,652,18972,1,
35,281,1,633,18976,1,
121,310,8,652,18986,1,
12,316,6,653,18991,1,
6,60,9,652,19001,1,
23,88,5,652,19011,1,
122,38,12,653,19016,1,
196,44,12,653,19035,1,
192,1427,1,653,19041,1,
138,178,3,653,19048,1,
116,839,1,654,19057,1,
108,50,6,653,19060,1,
223,297,2,638,19067,1,
53,98,10,654,19073,1,
65,31,4,654,19082,1,
232,4,3,654,19090,1,
142,1094,4,616,19094,1,
89,195,8,654,19104,1,
190,16,3,654,19112,1,
42,507,7,656,19124,1,
68,708,8,651,19126,1,
43,32,3,656,19132,1,
19,346,4,655,19134,1,
51,1422,5,630,19148,1,
222,1505,4,656,19152,1,
115,1544,5,657,19162,1,
115,-1,-1,-999,19162,2,global
107,1882,8,655,19163,1,
13,97,8,658,19166,1,
71,376,1,616,19172,1,
78,259,10,659,19193,1,
235,602,1,656,19199,1,
144,495,4,658,19208,1,
45,235,6,661,19220,1,
47,80,7,660,19221,1,
139,404,4,661,19230,1,
139,-1,-1,-999,19230,2,global
164,75,9,659,19236,1,
207,361,6,661,19241,1,
207,-1,-1,-999,19241,2,global
86,19,2,662,19248,1,
2,410,5,638,19253,1,
74,1213,6,662,19259,1,
74,-1,-1,-999,19259,2,global
126,242,2,663,19260,1,
155,416,7,661,19272,1,
55,84,7,663,19273,1,
236,512,6,663,19285,1,
236,-1,-1,-999,19285,2,global
132,7,7,664,19288,1,
33,24,4,663,19294,1,
63,525,4,663,19303,1,
34,851,2,664,19308,1,
0,220,10,657,19324,1,
81,0,2,667,19326,1,
209,77,6,668,19331,1,
128,549,10,664,19341,1,
162,1268,5,666,19351,1,
217,1171,9,665,19353,1,
73,128,11,665,19371,1,
1,9,4,670,19380,1,
7,60,10,669,19384,1,
37,281,1,519,19389,1,
18,334,5,670,19398,1,
178,639,4,669,19398,1,
178,-1,-1,-999,19399,2,global
58,99,2,672,19406,1,
171,1229,11,672,19425,1,
171,-1,-1,-999,19425,2,global
150,379,9,670,19426,1,
150,-1,-1,-999,19426,2,global
48,459,1,672,19430,1,
62,1360,3,672,19438,1,
4,290,3,672,19446,1,
24,829,5,648,19452,1,
201,366,8,672,19460,1,
93,0,1,672,19465,1,
61,795,4,650,19473,1,
189,16,12,670,19479,1,
32,1133,1,672,19487,1,
105,277,5,671,19489,1,
242,801,3,648,19497,1,
64,1489,8,662,19501,1,
64,-1,-1,-999,19501,2,global
100,254,6,649,19509,1,
100,-1,-1,-999,19509,2,global
240,389,4,614,19527,1,
240,-1,-1,-999,19527,2,global
153,642,8,674,19548,1,
118,839,4,654,19549,1,
60,248,1,674,19554,1,
46,281,1,633,19555,1,
130,2,8,675,19560,1,
44,942,3,674,19563,1,
205,377,3,675,19570,1,
72,63,2,675,19580,1,
185,394,5,675,19597,1,
185,-1,-1,-999,19597,2,global
120,1,3,676,19608,1,
109,69,9,675,19612,1,
142,812,8,654,19615,1,
142,-1,-1,-999,19615,2,global
158,291,5,675,19623,1,
230,64,6,676,19624,1,
192,779,2,677,19635,1,
21,34,9,679,19670,1,
124,83,9,677,19672,1,
66,279,2,678,19677,1,
5,6,8,677,19686,1,
12,122,8,679,19691,1,
149,839,4,677,19695,1,
129,3,5,680,19701,1,
95,954,8,681,19717,1,
95,-1,-1,-999,19718,2,global
75,438,8,680,19731,1,
179,404,5,661,19738,1,
179,-1,-1,-999,19739,2,global
145,29,6,681,19743,1,
119,1056,8,683,19759,1,
199,325,11,681,19760,1,
141,1791,1,684,19764,1,
136,54,9,681,19776,1,
45,144,5,679,19786,1,
69,391,8,684,19795,1,
170,1015,3,651,19813,1,
170,-1,-1,-999,19813,2,global
55,1665,4,664,19819,1,
223,870,3,684,19833,1,
54,13,10,684,19862,1,
86,19,10,685,19863,1,
49,252,4,686,19867,1,
232,43,4,687,19873,1,
146,48,2,687,19880,1,
155,416,4,682,19881,1,
2,281,1,519,19884,1,
79,0,6,667,19896,1,
115,1544,4,657,19911,1,
196,639,5,669,19914,1,
196,-1,-1,-999,19915,2,global
16,23,10,688,19928,1,
94,0,5,672,19928,1,
90,168,10,688,19947,1,
106,277,4,671,19950,1,
106,-1,-1,-999,19950,2,global
88,19,2,688,19954,1,
183,381,8,689,19964,1,
183,-1,-1,-999,19964,2,global
237,109,7,689,19976,1,
202,254,1,649,19982,1,
65,281,1,633,19991,1,
210,839,3,654,19999,1,
210,-1,-1,-999,19999,2,global
143,248,3,674,20001,1,
58,405,7,690,20012,1,
74,1213,4,662,20018,1,
215,1163,12,691,20050,1,
131,120,6,691,20061,1,
13,122,3,692,20070,1,
30,51,8,691,20075,1,
93,112,2,692,20077,1,
159,291,5,675,20079,1,
164,1087,5,691,20086,1,
3,433,4,692,20086,1,
39,531,7,692,20099,1,
82,374,2,692,20106,1,
21,1088,6,688,20113,1,
5,994,7,690,20153,1,
150,379,3,670,20153,1,
121,313,4,693,20162,1,
42,32,5,693,20172,1,
78,257,4,693,20181,1,
51,239,4,693,20190,1,
234,1053,5,693,20201,1,
161,732,5,693,20211,1,
96,112,2,693,20218,1,
140,1578,6,693,20230,1,
165,225,8,695,20248,1,
26,716,12,693,20248,1,
243,890,10,694,20252,1,
243,-1,-1,-999,20253,2,global
84,1224,1,695,20254,1,
194,35,11,693,20266,1,
195,166,8,695,20268,1,
130,7,3,697,20275,1,
156,257,4,695,20280,1,
97,283,2,695,20287,1,
1,804,5,698,20297,1,
117,269,8,695,20301,1,
191,269,9,696,20304,1,
71,18,10,698,20336,1,
205,17,7,698,20349,1,
12,1126,6,698,20361,1,
129,259,11,698,20378,1,
134,267,6,699,20384,1,
98,0,6,698,20390,1,
91,36,7,698,20402,1,
57,489,6,699,20411,1,
197,35,12,700,20415,1,
201,830,11,698,20420,1,
80,119,6,698,20431,1,
64,1489,12,675,20436,1,
64,-1,-1,-999,20436,2,global
168,239,2,698,20438,1,
25,983,3,700,20443,1,
34,1599,4,700,20453,1,
56,234,10,701,20460,1,
56,-1,-1,-999,20460,2,global
135,2,3,701,20468,1,
112,240,5,702,20478,1,
81,270,8,701,20483,1,
81,-1,-1,-999,20483,2,global
206,792,6,700,20490,1,
241,1023,7,702,20490,1,
198,116,11,701,20500,1,
20,303,2,703,20501,1,
125,879,2,704,20507,1,
47,1388,6,703,20513,1,
182,68,11,705,20518,1,
173,292,4,704,20539,1,
23,446,7,705,20548,1,
59,451,3,705,20558,1,
116,299,4,706,20567,1,
22,129,4,707,20569,1,
118,623,6,705,20579,1,
232,839,4,677,20588,1,
66,31,11,707,20600,1,
167,236,10,710,20605,1,
110,1379,4,707,20611,1,
83,247,3,709,20616,1,
86,19,2,708,20618,1,
0,28,4,711,20625,1,
99,0,10,707,20634,1,
207,1124,6,710,20637,1,
137,418,7,711,20659,1,
137,-1,-1,-999,20659,2,global
158,11,12,712,20678,1,
53,883,3,711,20686,1,
67,281,1,633,20691,1,
67,-1,-1,-999,20691,2,global
74,1675,8,693,20700,1,
55,468,7,712,20704,1,
166,291,2,675,20706,1,
16,237,2,713,20708,1,
16,-1,-1,-999,20708,2,global
189,16,4,712,20713,1,
133,374,2,692,20715,1,
100,884,4,711,20722,1,
4,433,5,692,20725,1,
58,1161,8,703,20736,1,
122,61,12,716,20738,1,
120,1,2,716,20745,1,
13,1181,8,703,20750,1,
124,14,5,716,20759,1,
142,1094,4,673,20769,1,
131,3,8,716,20773,1,
231,370,10,718,20794,1,
94,283,4,695,20801,1,
36,237,10,716,20811,1,
36,-1,-1,-999,20811,2,global
103,231,7,717,20825,1,
144,739,1,719,20831,1,
71,1269,10,707,20832,1,
5,268,4,694,20841,1,
5,-1,-1,-999,20841,2,global
1,9,3,721,20855,1,
191,269,4,695,20857,1,
106,485,4,717,20859,1,
48,172,12,720,20859,1,
201,556,2,711,20862,1,
54,10,5,720,20870,1,
115,240,2,702,20881,1,
32,105,7,721,20884,1,
80,119,2,716,20888,1,
183,381,4,689,20893,1,
126,1596,8,722,20896,1,
91,292,2,704,20903,1,
87,664,12,722,20927,1,
172,87,3,723,20943,1,
111,171,11,722,20945,1,
46,1516,8,723,20957,1,
10,312,12,724,20976,1,
174,1061,11,724,20994,1,
123,52,2,723,21000,1,
134,2,1,723,21006,1,
49,1100,10,724,21022,1,
66,281,1,633,21033,1,
88,425,8,724,21036,1,
223,5,6,724,21047,1,
101,253,6,725,21047,1,
2,839,2,677,21054,1,
2,-1,-1,-999,21054,2,global
79,0,6,726,21057,1,
243,161,8,697,21061,1,
38,412,5,724,21064,1,
135,1549,8,727,21075,1,
135,-1,-1,-999,21075,2,global
64,992,11,700,21082,1,
89,19,4,708,21091,1,
108,69,4,727,21097,1,
203,1338,10,728,21107,1,
173,87,7,728,21120,1,
185,91,6,729,21124,1,
15,1168,1,730,21124,1,
110,342,1,730,21131,1,
152,146,7,729,21154,1,
162,905,10,730,21156,1,
125,127,6,731,21163,1,
53,940,3,715,21165,1,
65,31,9,730,21171,1,
57,21,8,731,21186,1,
184,14,3,716,21187,1,
63,114,12,732,21190,1,
213,640,4,731,21195,1,
232,4,10,732,21207,1,
74,0,10,731,21211,1,
42,80,4,733,21213,1,
13,423,9,716,21221,1,
13,-1,-1,-999,21221,2,global
163,354,5,734,21223,1,
156,1270,6,733,21224,1,
58,597,9,704,21227,1,
41,237,2,716,21234,1,
189,16,10,734,21239,1,
20,1122,8,734,21253,1,
44,144,4,734,21262,1,
161,1131,2,734,21269,1,
229,323,3,735,21277,1,
112,834,6,734,21280,1,
60,880,6,735,21289,1,
30,332,5,735,21299,1,
215,137,12,734,21299,1,
30,-1,-1,-999,21299,2,global
95,283,2,695,21301,1,
208,502,5,735,21309,1,
117,27,10,735,21339,1,
124,45,8,735,21354,1,
132,855,6,736,21365,1,
39,132,8,735,21379,1,
84,133,10,737,21379,1,
130,7,7,740,21387,1,
178,360,6,735,21390,1,
178,-1,-1,-999,21390,2,global
144,862,10,719,21396,1,
43,32,6,735,21402,1,
233,4,8,738,21413,1,
31,336,6,735,21413,1,
48,172,12,727,21415,1,
51,256,1,740,21418,1,
81,0,7,736,21426,1,
194,10,9,740,21434,1,
121,1175,6,736,21437,1,
129,3,5,736,21448,1,
99,76,8,741,21452,1,
73,103,6,739,21459,1,
59,125,6,741,21463,1,
136,10,1,720,21465,1,
201,556,4,714,21474,1,
216,137,5,741,21487,1,
172,12,9,736,21497,1,
149,660,10,741,21510,1,
45,144,8,742,21516,1,
71,389,4,741,21519,1,
71,-1,-1,-999,21519,2,global
209,2,4,723,21522,1,
139,1993,6,741,21530,1,
118,27,3,741,21538,1,
195,357,11,743,21543,1,
16,281,1,633,21544,1,
197,578,6,744,21547,1,
94,0,1,726,21551,1,
226,1707,4,745,21552,1,
77,40,2,744,21554,1,
90,168,9,747,21570,1,
175,321,4,744,21579,1,
93,101,6,746,21590,1,
80,119,5,746,21600,1,
115,272,6,746,21612,1,
37,805,2,747,21618,1,
0,886,3,747,21626,1,
54,13,3,747,21634,1,
79,1594,6,734,21635,1,
7,6,7,747,21647,1,
38,1260,4,735,21649,1,
38,-1,-1,-999,21649,2,global
18,34,8,747,21661,1,
214,633,9,747,21676,1,
122,916,2,747,21682,1,
47,42,6,750,21685,1,
185,825,8,741,21688,1,
66,31,5,747,21693,1,
55,131,6,748,21704,1,
157,342,9,730,21712,1,
157,-1,-1,-999,21712,2,global
1,1622,8,748,21718,1,
230,64,6,750,21721,1,
152,476,4,732,21734,1,
217,173,12,749,21737,1,
199,354,5,734,21745,1,
199,-1,-1,-999,21745,2,global
158,537,5,751,21749,1,
145,73,10,749,21753,1,
75,128,7,752,21760,1,
213,1198,6,755,21761,1,
163,834,1,734,21762,1,
234,43,4,753,21762,1,
117,855,2,741,21774,1,
56,468,4,754,21777,1,
231,323,5,735,21777,1,
41,1274,9,756,21778,1,
97,880,3,735,21789,1,
144,862,1,756,21804,1,
150,948,8,758,21820,1,
2,410,2,757,21824,1,
14,92,3,759,21832,1,
39,888,12,735,21835,1,
49,252,10,760,21842,1,
111,1277,4,761,21852,1,
191,82,3,762,21878,1,
78,259,2,761,21887,1,
78,-1,-1,-999,21887,2,global
30,1175,6,737,21890,1,
121,1175,11,747,21899,1,
208,13,10,762,21904,1,
29,864,2,762,21910,1,
102,508,4,761,21919,1,
137,1674,6,762,21931,1,
120,1113,2,765,21931,1,
137,-1,-1,-999,21931,2,global
125,14,3,762,21939,1,
84,299,4,766,21949,1,
83,1123,8,765,21952,1,
140,575,8,762,21952,1,
240,389,4,741,21957,1,
240,-1,-1,-999,21957,2,global
198,617,4,765,21959,1,
201,1483,12,762,21971,1,
5,975,4,762,21980,1,
36,281,1,633,21993,1,
156,1005,8,764,21994,1,
194,35,4,766,22002,1,
215,287,5,762,22004,1,
215,-1,-1,-999,22004,2,global
135,2,4,769,22011,1,
67,231,6,766,22015,1,
196,1746,4,767,22032,1,
65,96,3,768,22032,1,
108,49,12,769,22051,1,
42,507,10,769,22065,1,
58,26,8,769,22077,1,
185,1099,11,742,22084,1,
185,-1,-1,-999,22085,2,global
119,18,10,770,22092,1,
236,42,1,750,22096,1,
43,307,5,769,22102,1,
132,1134,7,770,22115,1,
132,-1,-1,-999,22115,2,global
206,392,4,771,22118,1,
93,920,10,770,22131,1,
149,287,7,770,22144,1,
228,916,3,747,22151,1,
209,13,1,747,22157,1,
18,261,5,774,22162,1,
10,136,4,770,22166,1,
237,64,4,750,22171,1,
12,207,4,772,22175,1,
122,61,12,773,22182,1,
129,490,12,772,22194,1,
13,6,1,747,22199,1,
51,845,5,772,22209,1,
69,281,1,772,22215,1,
15,71,5,776,22222,1,
21,1088,3,775,22223,1,
87,1877,10,775,22239,1,
227,1145,11,776,22242,1,
133,447,8,775,22253,1,
89,622,10,776,22256,1,
211,276,3,775,22261,1,
217,799,4,778,22270,1,
177,499,9,777,22272,1,
181,834,3,734,22277,1,
123,38,2,777,22279,1,
55,853,4,778,22280,1,
210,355,5,777,22298,1,
212,390,6,779,22301,1,
47,80,6,778,22301,1,
170,523,6,777,22309,1,
159,11,5,778,22312,1,
24,829,5,778,22322,1,
158,306,9,763,22340,1,
158,-1,-1,-999,22340,2,global
130,110,8,779,22341,1,
145,1787,2,759,22345,1,
11,975,4,781,22349,1,
38,1260,2,735,22360,1,
188,33,9,781,22364,1,
41,1468,11,769,22374,1,
68,388,6,781,22376,1,
213,1198,6,770,22386,1,
213,-1,-1,-999,22386,2,global
205,121,7,781,22388,1,
126,242,7,782,22388,1,
148,1144,2,781,22395,1,
48,80,10,780,22402,1,
109,49,5,784,22402,1,
32,24,3,781,22403,1,
243,329,5,783,22413,1,
131,3,8,783,22428,1,
16,237,3,784,22430,1,
16,-1,-1,-999,22430,2,global
157,342,2,759,22434,1,
157,-1,-1,-999,22434,2,global
207,324,4,784,22445,1,
2,911,8,778,22450,1,
172,858,2,784,22452,1,
238,330,6,783,22453,1,
191,269,2,777,22455,1,
191,-1,-1,-999,22455,2,global
82,151,4,785,22464,1,
197,921,10,785,22481,1,
232,4,8,785,22495,1,
199,354,2,777,22501,1,
45,864,1,762,22507,1,
166,1095,10,786,22516,1,
166,-1,-1,-999,22516,2,global
229,1423,8,785,22521,1,
71,929,5,785,22531,1,
167,236,7,787,22535,1,
113,264,4,785,22540,1,
26,380,7,787,22548,1,
39,975,3,762,22548,1,
88,947,6,787,22559,1,
91,1188,6,787,22571,1,
168,239,2,787,22577,1,
74,0,2,787,22584,1,
161,1131,4,787,22593,1,
114,74,10,787,22609,1,
27,118,10,788,22612,1,
120,1,3,788,22620,1,
175,1154,8,787,22624,1,
175,-1,-1,-999,22624,2,global
37,56,2,789,22625,1,
146,1818,3,788,22627,1,
201,269,7,789,22638,1,
40,331,6,789,22649,1,
134,3,4,789,22659,1,
94,546,6,789,22670,1,
235,503,8,789,22684,1,
184,1441,3,789,22692,1,
184,-1,-1,-999,22692,2,global
61,90,11,789,22709,1,
121,61,1,789,22715,1,
192,82,5,790,22722,1,
54,188,6,789,22726,1,
189,878,12,789,22745,1,
223,5,4,789,22754,1,
105,20,2,791,22761,1,
160,25,10,790,22763,1,
64,271,4,789,22770,1,
65,1196,5,775,22771,1,
234,260,10,789,22786,1,
234,-1,-1,-999,22786,2,global
240,389,2,741,22797,1,
33,105,6,791,22797,1,
240,-1,-1,-999,22797,2,global
137,1674,5,762,22804,1,
137,-1,-1,-999,22805,2,global
219,470,6,791,22809,1,
242,1046,2,793,22813,1,
242,-1,-1,-999,22813,2,global
56,84,3,792,22817,1,
78,130,8,792,22830,1,
81,0,5,796,22864,1,
52,1265,9,794,22864,1,
221,287,5,770,22868,1,
221,-1,-1,-999,22868,2,global
84,299,2,795,22872,1,
112,191,7,796,22877,1,
115,74,4,797,22877,1,
224,5,6,796,22888,1,
241,1525,8,797,22902,1,
171,11,11,796,22906,1,
49,252,1,797,22908,1,
155,1858,7,796,22919,1,
12,383,3,781,22926,1,
147,894,5,797,22932,1,
190,33,1,799,22946,1,
30,281,1,772,22957,1,
23,446,3,800,22960,1,
75,296,6,801,22963,1,
66,31,9,799,22967,1,
5,276,1,775,22969,1,
135,1,8,798,22977,1,
132,1134,1,770,22984,1,
122,353,10,801,22994,1,
177,267,6,801,23005,1,
159,310,4,789,23015,1,
159,-1,-1,-999,23015,2,global
152,146,8,801,23028,1,
89,19,5,802,23032,1,
153,1786,3,801,23036,1,
153,-1,-1,-999,23037,2,global
183,975,1,781,23047,1,
108,69,6,803,23058,1,
127,242,1,782,23060,1,
202,181,7,803,23071,1,
148,48,6,805,23071,1,
83,247,4,803,23080,1,
67,285,6,807,23087,1,
142,1,5,804,23090,1,
48,98,1,806,23096,1,
237,57,4,805,23096,1,
143,1,6,808,23097,1,
99,76,8,804,23110,1,
129,3,6,808,23124,1,
238,1705,3,800,23132,1,
1,233,10,808,23140,1,
44,144,10,809,23165,1,
18,1027,11,810,23180,1,
28,838,5,809,23184,1,
45,513,6,789,23190,1,
225,5,5,810,23190,1,
218,1585,2,809,23196,1,
50,98,3,810,23198,1,
167,382,6,792,23202,1,
109,1188,2,787,23204,1,
179,586,8,810,23212,1,
113,1291,8,806,23214,1,
71,1,4,788,23221,1,
51,239,6,787,23223,1,
95,0,4,787,23233,1,
91,1473,10,789,23240,1,
201,269,8,777,23270,1,
79,271,4,789,23277,1,
63,1174,8,811,23284,1,
101,253,6,813,23295,1,
74,296,8,811,23298,1,
0,886,5,814,23301,1,
39,86,2,814,23308,1,
134,1,7,813,23312,1,
189,878,8,812,23312,1,
53,37,7,814,23321,1,
105,1912,6,808,23324,1,
166,340,8,813,23329,1,
114,229,4,815,23333,1,
168,385,8,814,23335,1,
119,18,2,814,23341,1,
149,359,8,814,23355,1,
232,4,9,815,23370,1,
69,1403,12,814,23374,1,
133,447,7,816,23375,1,
212,276,4,816,23384,1,
151,253,8,815,23384,1,
94,0,3,796,23392,1,
144,1330,6,816,23401,1,
116,299,2,795,23406,1,
231,894,2,797,23421,1,
220,204,12,816,23422,1,
2,281,1,772,23431,1,
2,-1,-1,-999,23431,2,global
222,1726,9,816,23435,1,
207,1278,12,816,23452,1,
207,-1,-1,-999,23452,2,global
111,477,4,817,23461,1,
47,413,6,818,23472,1,
72,294,6,817,23473,1,
184,453,6,789,23475,1,
184,1031,9,801,23475,1,
65,31,3,818,23480,1,
240,1245,7,789,23488,1,
172,572,8,818,23494,1,
30,859,2,801,23495,1,
130,41,2,819,23502,1,
27,8,6,818,23505,1,
12,122,5,819,23512,1,
90,244,4,818,23514,1,
193,946,6,819,23524,1,
185,62,8,818,23528,1,
136,258,6,820,23540,1,
136,-1,-1,-999,23540,2,global
209,2,2,820,23546,1,
125,776,4,821,23547,1,
86,160,6,820,23558,1,
186,1420,4,820,23586,1,
169,30,1,822,23586,1,
173,12,4,821,23594,1,
35,387,3,822,23594,1,
15,328,6,822,23606,1,
15,-1,-1,-999,23606,2,global
121,313,8,823,23607,1,
33,262,6,821,23613,1,
106,277,12,822,23626,1,
106,-1,-1,-999,23626,2,global
98,0,2,822,23633,1,
174,1042,3,822,23648,1,
55,21,10,823,23650,1,
61,1449,6,822,23660,1,
110,50,10,823,23667,1,
16,23,3,823,23674,1,
58,798,3,823,23682,1,
37,421,5,823,23693,1,
43,309,10,824,23703,1,
43,-1,-1,-999,23703,2,global
131,256,6,823,23704,1,
215,287,5,823,23714,1,
215,-1,-1,-999,23715,2,global
52,98,7,806,23716,1,
152,146,10,823,23730,1,
84,1025,7,823,23743,1,
230,232,2,825,23750,1,
230,-1,-1,-999,23750,2,global
118,821,6,825,23761,1,
112,1406,2,826,23768,1,
17,1603,10,826,23784,1,
9,1400,6,826,23795,1,
89,235,2,827,23796,1,
38,265,4,826,23805,1,
157,837,12,828,23808,1,
148,959,7,820,23810,1,
73,1517,1,828,23811,1,
124,45,10,826,23821,1,
67,527,4,810,23821,1,
187,496,10,827,23826,1,
211,226,10,826,23837,1,
76,22,3,826,23845,1,
83,967,6,823,23856,1,
196,116,10,828,23859,1,
126,1469,10,828,23873,1,
23,233,1,808,23886,1,
29,926,11,829,23898,1,
143,1018,8,812,23900,1,
88,19,1,831,23907,1,
170,235,6,829,23915,1,
135,1,7,831,23919,1,
225,380,3,787,23924,1,
137,418,4,829,23925,1,
137,-1,-1,-999,23925,2,global
95,954,8,821,23930,1,
99,0,2,830,23931,1,
171,239,3,787,23932,1,
156,514,4,829,23934,1,
57,98,5,810,23947,1,
19,955,3,832,23955,1,
97,271,2,789,23956,1,
199,253,1,813,23961,1,
91,292,4,830,23965,1,
201,366,8,813,23974,1,
201,-1,-1,-999,23974,2,global
93,593,10,834,24008,1,
115,299,1,795,24012,1,
45,238,8,833,24022,1,
69,886,6,814,24030,1,
127,477,4,817,24031,1,
102,281,1,772,24031,1,
102,-1,-1,-999,24031,2,global
151,252,2,797,24039,1,
153,1148,6,810,24039,1,
153,1148,2,816,24039,1,
153,146,11,828,24039,1,
232,1323,7,826,24043,1,
119,1310,7,821,24052,1,
107,19,4,836,24054,1,
130,443,2,828,24059,1,
217,413,3,818,24063,1,
172,572,9,823,24070,1,
186,258,2,820,24070,1,
186,-1,-1,-999,24070,2,global
18,419,6,837,24074,1,
209,840,9,831,24075,1,
159,313,2,823,24091,1,
129,1464,4,839,24121,1,
165,1685,4,839,24130,1,
34,865,2,838,24137,1,
65,403,4,839,24147,1,
216,989,4,840,24152,1,
61,795,2,839,24154,1,
7,741,4,839,24163,1,
158,25,10,837,24170,1,
108,69,12,840,24171,1,
55,217,5,839,24173,1,
131,265,1,826,24177,1,
188,33,4,841,24179,1,
184,273,4,839,24182,1,
30,914,2,841,24189,1,
84,1496,6,827,24193,1,
51,235,4,827,24203,1,
147,349,8,842,24204,1,
147,-1,-1,-999,24204,2,global
9,1052,6,830,24218,1,
9,-1,-1,-999,24219,2,global
196,1684,8,830,24232,1,
197,235,2,829,24235,1,
94,0,3,830,24240,1,
88,947,8,837,24250,1,
72,542,5,844,24252,1,
110,1271,6,843,24261,1,
110,-1,-1,-999,24261,2,global
39,1250,12,844,24270,1,
44,243,5,844,24281,1,
70,177,12,845,24289,1,
16,516,6,844,24292,1,
56,955,1,832,24295,1,
171,1392,2,844,24299,1,
133,447,6,845,24306,1,
89,195,4,845,24315,1,
1,157,8,845,24329,1,
132,565,10,845,24345,1,
189,16,10,845,24361,1,
67,281,1,846,24371,1,
67,-1,-1,-999,24371,2,global
52,842,7,845,24374,1,
156,106,8,846,24386,1,
103,185,12,845,24393,1,
134,3,4,846,24395,1,
2,289,6,846,24406,1,
222,1450,11,845,24410,1,
146,48,9,846,24421,1,
198,116,8,845,24424,1,
168,452,5,846,24432,1,
237,804,7,847,24437,1,
21,958,8,848,24446,1,
109,69,6,847,24448,1,
78,257,8,848,24460,1,
92,308,10,847,24464,1,
204,243,9,848,24475,1,
160,223,5,848,24485,1,
135,1549,4,848,24494,1,
233,4,11,848,24511,1,
32,833,8,848,24525,1,
123,52,6,849,24534,1,
116,272,7,848,24538,1,
195,41,4,849,24543,1,
161,281,1,772,24544,1,
161,-1,-1,-999,24545,2,global
95,101,3,848,24546,1,
14,1008,6,850,24548,1,
234,4,2,849,24551,1,
177,267,1,848,24551,1,
90,168,1,850,24554,1,
120,281,1,848,24557,1,
120,-1,-1,-999,24557,2,global
126,477,1,817,24562,1,
144,1330,8,849,24565,1,
166,1095,3,850,24571,1,
26,199,7,850,24584,1,
136,54,3,850,24592,1,
97,880,8,850,24606,1,
11,900,10,850,24622,1,
215,287,4,851,24639,1,
215,-1,-1,-999,24639,2,global
37,860,4,852,24641,1,
191,424,10,850,24655,1,
99,76,3,852,24662,1,
91,142,2,850,24662,1,
121,517,7,852,24674,1,
192,70,7,854,24677,1,
125,1162,10,851,24678,1,
42,32,2,854,24684,1,
155,331,6,852,24686,1,
207,324,7,853,24691,1,
22,95,2,852,24693,1,
226,102,4,854,24693,1,
8,333,5,853,24701,1,
40,331,6,850,24712,1,
220,1643,11,854,24727,1,
220,-1,-1,-999,24727,2,global
240,922,9,854,24742,1,
43,79,6,854,24753,1,
157,342,8,855,24761,1,
104,1618,6,856,24763,1,
36,237,8,854,24767,1,
36,-1,-1,-999,24768,2,global
153,1112,9,846,24774,1,
153,-1,-1,-999,24774,2,global
194,10,4,857,24777,1,
105,1080,6,854,24779,1,
151,896,4,819,24796,1,
242,801,8,856,24804,1,
79,792,6,859,24808,1,
79,-1,-1,-999,24808,2,global
106,20,6,858,24811,1,
142,1094,4,860,24814,1,
58,26,4,861,24822,1,
119,1309,7,846,24823,1,
159,1635,4,854,24831,1,
159,-1,-1,-999,24831,2,global
172,858,7,835,24838,1,
172,-1,-1,-999,24838,2,global
175,115,7,860,24843,1,
209,2,1,865,24852,1,
239,349,3,842,24861,1,
84,1496,5,845,24878,1,
84,-1,-1,-999,24878,2,global
180,239,8,862,24880,1,
46,279,6,862,24891,1,
100,889,6,863,24891,1,
130,7,4,866,24902,1,
98,0,1,830,24910,1,
188,33,4,867,24914,1,
93,63,12,865,24921,1,
114,368,4,869,24941,1,
94,518,4,851,24942,1,
230,232,3,867,24953,1,
230,-1,-1,-999,24953,2,global
197,116,8,859,24955,1,
16,281,1,846,24963,1,
16,-1,-1,-999,24963,2,global
44,942,6,847,24967,1,
193,946,2,868,24975,1,
52,1506,2,845,24982,1,
222,292,11,851,25000,1,
222,-1,-1,-999,25000,2,global
167,842,3,845,25008,1,
2,1381,2,864,25011,1,
168,244,7,850,25021,1,
110,1271,1,843,25027,1,
160,281,1,848,25033,1,
160,-1,-1,-999,25033,2,global
134,267,2,848,25039,1,
233,373,10,851,25045,1,
67,631,3,847,25053,1,
102,281,1,772,25053,1,
102,-1,-1,-999,25053,2,global
183,108,8,870,25069,1,
234,1495,7,871,25087,1,
116,1051,4,863,25091,1,
126,1191,4,862,25101,1,
158,860,4,852,25114,1,
45,32,4,854,25115,1,
88,318,3,872,25133,1,
120,1474,4,850,25143,1,
154,757,8,872,25157,1,
63,227,4,873,25165,1,
38,333,5,853,25168,1,
10,1564,2,873,25171,1,
96,1293,6,873,25183,1,
55,46,8,873,25197,1,
74,236,10,873,25213,1,
56,21,4,873,25222,1,
78,980,3,873,25230,1,
72,63,2,873,25237,1,
111,1297,4,873,25246,1,
68,1407,9,874,25249,1,
68,-1,-1,-999,25250,2,global
65,528,2,875,25254,1,
39,86,1,874,25270,1,
83,1123,6,875,25274,1,
7,1115,2,875,25281,1,
138,872,7,874,25282,1,
51,792,4,859,25292,1,
144,801,2,856,25299,1,
144,-1,-1,-999,25300,2,global
95,0,8,876,25306,1,
1,501,2,876,25313,1,
206,1246,8,876,25327,1,
231,64,7,876,25340,1,
161,223,8,876,25354,1,
23,233,4,877,25360,1,
210,355,6,878,25363,1,
92,831,2,876,25369,1,
105,20,4,860,25373,1,
143,248,3,878,25380,1,
142,1094,8,878,25394,1,
174,1061,1,878,25400,1,
47,1348,2,878,25407,1,
20,885,3,878,25414,1,
127,242,5,878,25425,1,
165,803,5,879,25441,1,
48,85,4,879,25450,1,
3,1081,3,880,25461,1,
3,-1,-1,-999,25461,2,global
208,1017,7,881,25463,1,
188,33,6,882,25475,1,
162,281,1,846,25481,1,
162,-1,-1,-999,25481,2,global
57,1074,4,883,25483,1,
94,518,7,875,25497,1,
136,959,10,882,25497,1,
136,-1,-1,-999,25497,2,global
93,408,5,882,25507,1,
27,906,6,883,25508,1,
201,946,2,868,25515,1,
135,10,6,885,25519,1,
172,858,1,835,25524,1,
91,142,8,885,25538,1,
17,1238,5,885,25548,1,
2,911,11,885,25566,1,
216,267,1,848,25571,1,
189,281,1,772,25582,1,
189,-1,-1,-999,25583,2,global
36,281,1,848,25587,1,
36,-1,-1,-999,25587,2,global
106,485,11,886,25594,1,
209,975,2,887,25601,1,
151,944,8,886,25615,1,
139,996,10,886,25631,1,
21,1211,10,887,25648,1,
69,1289,10,887,25664,1,
124,83,7,887,25676,1,
167,30,3,888,25686,1,
113,264,9,887,25692,1,
176,407,12,887,25710,1,
71,1,10,888,25712,1,
232,4,10,889,25719,1,
223,705,5,887,25720,1,
90,890,2,887,25727,1,
29,1417,12,889,25738,1,
15,328,6,887,25739,1,
15,-1,-1,-999,25739,2,global
129,41,10,887,25755,1,
156,106,8,889,25766,1,
134,581,8,887,25769,1,
179,1141,6,889,25777,1,
233,373,7,887,25782,1,
233,-1,-1,-999,25782,2,global
194,10,10,889,25794,1,
81,1295,10,889,25810,1,
18,34,8,890,25824,1,
168,30,7,890,25836,1,
30,859,11,892,25836,1,
67,281,1,892,25842,1,
67,-1,-1,-999,25842,2,global
116,1016,4,882,25846,1,
173,12,10,890,25853,1,
49,172,7,890,25865,1,
66,84,4,890,25874,1,
197,235,4,893,25881,1,
45,1139,3,889,25882,1,
146,1,9,893,25896,1,
130,7,10,893,25913,1,
89,19,8,893,25927,1,
112,274,4,893,25936,1,
108,333,2,853,25943,1,
205,377,5,893,25953,1,
154,750,12,887,25972,1,
132,2,2,893,25978,1,
159,1635,3,854,25981,1,
159,-1,-1,-999,25981,2,global
72,827,7,891,25986,1,
38,1456,8,887,25992,1,
52,494,8,895,26005,1,
74,236,4,892,26016,1,
215,137,8,894,26016,1,
61,795,4,895,26016,1,
99,250,4,895,26025,1,
120,281,1,896,26032,1,
120,-1,-1,-999,26032,2,global
111,171,8,892,26039,1,
192,274,10,895,26043,1,
133,7,8,895,26060,1,
39,888,4,876,26069,1,
39,-1,-1,-999,26070,2,global
178,360,5,895,26080,1,
178,-1,-1,-999,26080,2,global
7,1551,12,887,26088,1,
28,293,3,896,26088,1,
138,889,4,863,26098,1,
138,-1,-1,-999,26098,2,global
148,248,3,878,26106,1,
117,214,7,899,26109,1,
16,1911,6,893,26113,1,
104,831,8,876,26123,1,
95,63,4,898,26131,1,
0,1005,1,901,26140,1,
80,542,6,900,26143,1,
103,793,6,900,26162,1,
121,371,1,900,26168,1,
213,1200,3,899,26171,1,
161,281,1,846,26192,1,
161,-1,-1,-999,26192,2,global
101,322,6,902,26200,1,
57,670,8,884,26206,1,
218,1066,6,903,26213,1,
114,368,8,904,26227,1,
114,-1,-1,-999,26227,2,global
199,176,5,904,26237,1,
70,104,10,904,26253,1,
1,193,8,904,26267,1,
12,316,2,903,26274,1,
32,833,4,905,26280,1,
43,32,4,903,26283,1,
208,1061,1,878,26294,1,
98,343,6,905,26296,1,
98,-1,-1,-999,26296,2,global
228,42,8,904,26297,1,
93,270,5,891,26305,1,
93,-1,-1,-999,26305,2,global
160,1353,11,904,26314,1,
4,28,9,905,26316,1,
94,518,8,901,26317,1,
196,44,7,904,26327,1,
150,379,7,906,26355,1,
150,-1,-1,-999,26356,2,global
54,259,1,906,26375,1,
54,-1,-1,-999,26375,2,global
201,920,8,904,26395,1,
186,931,7,906,26397,1,
102,281,1,772,26404,1,
102,-1,-1,-999,26404,2,global
135,169,11,903,26412,1,
2,281,1,848,26413,1,
2,-1,-1,-999,26413,2,global
243,890,6,887,26424,1,
243,-1,-1,-999,26424,2,global
165,328,6,887,26435,1,
165,-1,-1,-999,26435,2,global
68,1407,1,874,26443,1,
176,407,7,893,26448,1,
124,493,8,903,26462,1,
113,1384,2,887,26468,1,
156,1270,4,893,26503,1,
156,466,1,904,26503,1,
156,-1,-1,-999,26503,2,global
3,281,1,892,26508,1,
3,-1,-1,-999,26508,2,global
203,1141,4,889,26515,1,
129,1339,7,893,26521,1,
81,1249,7,897,26527,1,
31,336,9,908,26542,1,
110,342,3,908,26565,1,
115,74,6,908,26576,1,
62,1629,7,908,26589,1,
76,22,12,908,26608,1,
14,92,2,908,26638,1,
232,1152,6,908,26652,1,
239,956,7,909,26670,1,
78,259,10,908,26676,1,
183,975,3,909,26678,1,
155,935,2,908,26682,1,
71,367,8,910,26706,1,
173,996,2,886,26718,1,
56,26,12,910,26740,1,
136,1776,4,893,26749,1,
100,432,4,910,26758,1,
9,249,4,910,26775,1,
38,637,4,907,26775,1,
142,831,7,911,26791,1,
139,90,6,911,26803,1,
209,13,9,913,26818,1,
166,1095,5,912,26819,1,
36,281,1,896,26825,1,
36,-1,-1,-999,26825,2,global
123,52,9,913,26833,1,
202,135,7,913,26845,1,
220,124,3,913,26860,1,
109,1214,6,913,26871,1,
151,896,6,913,26883,1,
24,290,2,913,26889,1,
104,793,1,900,26895,1,
15,371,1,900,26901,1,
16,281,1,846,26915,1,
16,-1,-1,-999,26915,2,global
144,29,6,914,26920,1,
40,475,7,915,26945,1,
216,833,2,905,26955,1,
125,322,6,902,26956,1,
164,1087,7,916,26968,1,
164,-1,-1,-999,26968,2,global
0,1066,1,903,26970,1,
5,276,8,916,26987,1,
5,-1,-1,-999,26987,2,global
55,21,5,917,26988,1,
210,77,2,918,26997,1,
99,250,6,917,26999,1,
13,316,1,903,27000,1,
133,374,4,918,27015,1,
133,-1,-1,-999,27015,2,global
159,1635,4,905,27018,1,
159,-1,-1,-999,27018,2,global
207,361,7,918,27048,1,
207,-1,-1,-999,27048,2,global
49,152,12,918,27066,1,
158,11,12,918,27085,1,
67,281,1,772,27095,1,
67,-1,-1,-999,27095,2,global
167,842,10,918,27101,1,
167,-1,-1,-999,27102,2,global
225,1509,9,919,27116,1,
120,281,1,848,27116,1,
120,-1,-1,-999,27117,2,global
11,723,2,918,27123,1,
233,4,3,918,27131,1,
108,69,8,919,27147,1,
107,154,6,919,27166,1,
19,953,1,919,27171,1,
229,1363,4,919,27214,1,
223,5,4,919,27224,1,
131,120,7,919,27237,1,
127,155,4,919,27246,1,
117,1576,2,919,27260,1,
175,291,5,919,27271,1,
79,573,6,919,27305,1,
105,20,6,919,27316,1,
126,1596,2,920,27326,1,
22,1650,6,919,27328,1,
149,1059,9,920,27341,1,
234,260,5,920,27352,1,
234,-1,-1,-999,27352,2,global
169,1425,3,920,27360,1,
1,159,6,920,27371,1,
88,1522,10,920,27388,1,
213,134,4,920,27397,1,
58,597,6,920,27409,1,
177,94,3,920,27417,1,
47,200,2,921,27423,1,
176,1156,4,910,27432,1,
176,-1,-1,-999,27433,2,global
237,820,9,921,27448,1,
7,1115,3,921,27456,1,
146,1437,5,921,27466,1,
195,166,7,921,27492,1,
59,26,2,921,27498,1,
68,281,1,892,27504,1,
68,-1,-1,-999,27504,2,global
187,304,8,921,27518,1,
187,-1,-1,-999,27518,2,global
130,988,2,922,27526,1,
73,800,6,922,27538,1,
116,272,4,922,27550,1,
60,198,8,922,27564,1,
42,80,6,923,27565,1,
138,889,2,863,27567,1,
48,85,8,922,27586,1,
129,1339,7,896,27588,1,
129,-1,-1,-999,27589,2,global
81,270,1,891,27594,1,
114,368,6,908,27603,1,
232,379,1,906,27643,1,
135,918,8,924,27654,1,
95,271,4,925,27663,1,
39,975,2,909,27664,1,
208,1017,4,926,27691,1,
235,432,4,910,27691,1,
18,34,7,927,27704,1,
112,0,9,926,27706,1,
153,255,3,925,27708,1,
93,927,8,922,27718,1,
29,261,1,927,27725,1,
212,673,8,927,27757,1,
132,169,10,927,27780,1,
160,281,1,896,27781,1,
160,-1,-1,-999,27781,2,global
106,149,3,927,27788,1,
98,0,2,927,27798,1,
154,1214,2,913,27805,1,
220,124,8,917,27809,1,
145,371,1,900,27815,1,
76,22,3,928,27823,1,
161,281,1,846,27843,1,
161,-1,-1,-999,27843,2,global
54,1436,6,913,27845,1,
151,252,9,924,27858,1,
151,-1,-1,-999,27858,2,global
124,45,6,931,27870,1,
56,84,1,930,27875,1,
196,44,2,930,27882,1,
99,1152,6,908,27902,1,
78,1280,8,932,27903,1,
100,0,6,933,27924,1,
70,104,6,933,27935,1,
2,281,1,772,27937,1,
2,-1,-1,-999,27938,2,global
189,16,8,934,27957,1,
243,298,6,927,27970,1,
115,240,3,934,27978,1,
115,-1,-1,-999,27978,2,global
55,21,2,934,27985,1,
166,953,1,919,27997,1,
156,106,9,935,28011,1,
152,131,2,935,28018,1,
108,69,2,935,28025,1,
3,281,1,892,28053,1,
3,-1,-1,-999,28053,2,global
164,1087,1,916,28057,1,
61,26,5,921,28065,1,
37,805,7,936,28078,1,
77,22,6,936,28095,1,
6,60,5,938,28101,1,
177,15,3,938,28109,1,
134,526,4,938,28122,1,
79,39,6,937,28134,1,
5,268,9,937,28149,1,
201,556,8,938,28163,1,
30,914,1,938,28168,1,
233,4,8,938,28182,1,
31,150,4,938,28191,1,
21,34,3,938,28199,1,
174,1042,5,938,28210,1,
20,885,2,938,28216,1,
33,262,4,938,28226,1,
218,352,12,938,28244,1,
218,-1,-1,-999,28245,2,global
114,1416,6,913,28245,1,
71,1,6,938,28256,1,
90,244,9,939,28265,1,
27,8,8,939,28279,1,
47,200,12,939,28298,1,
159,1635,4,905,28307,1,
159,-1,-1,-999,28307,2,global
97,271,2,925,28312,1,
136,54,11,940,28321,1,
211,44,10,939,28323,1,
32,24,1,939,28328,1,
158,11,5,940,28332,1,
190,1209,8,939,28342,1,
142,398,9,940,28349,1,
35,1604,6,939,28354,1,
199,857,7,941,28367,1,
23,1070,5,941,28377,1,
125,45,2,941,28386,1,
194,35,6,941,28401,1,
122,950,8,941,28415,1,
185,590,3,941,28423,1,
235,315,4,929,28425,1,
117,1373,4,942,28437,1,
111,818,7,942,28455,1,
153,432,2,910,28458,1,
153,-1,-1,-999,28458,2,global
13,261,6,927,28466,1,
13,-1,-1,-999,28466,2,global
29,375,4,929,28473,1,
207,878,10,939,28480,1,
8,348,4,944,28500,1,
82,247,4,943,28509,1,
16,281,1,896,28514,1,
130,41,5,944,28525,1,
91,36,4,944,28534,1,
34,24,6,944,28545,1,
195,35,4,944,28554,1,
204,275,6,944,28566,1,
144,29,1,944,28571,1,
24,113,10,944,28587,1,
14,828,7,944,28600,1,
197,116,8,944,28614,1,
240,389,4,944,28623,1,
44,624,10,944,28639,1,
67,285,8,944,28653,1,
118,27,4,944,28662,1,
119,367,4,944,28671,1,
119,-1,-1,-999,28672,2,global
0,9,6,944,28683,1,
220,124,8,939,28684,1,
36,281,1,846,28690,1,
148,1144,4,946,28692,1,
155,385,7,944,28695,1,
98,271,4,946,28701,1,
63,603,6,945,28707,1,
182,1076,3,945,28715,1,
93,0,8,945,28728,1,
192,1427,5,946,28741,1,
9,268,8,946,28755,1,
175,321,7,946,28768,1,
121,61,4,948,28773,1,
54,259,11,946,28786,1,
54,-1,-1,-999,28786,2,global
7,60,2,947,28792,1,
