item_code,item_id,n_slots,s_total,rop_global,rop_per_pod
10021026001,0,29,348,104,4
14503003001,1,50,1200,360,8
14023056001,2,34,408,122,4
14804007001,3,18,1728,518,29
14010040001,4,17,340,102,6
14502009001,5,15,1350,405,27
14500000001,6,17,1530,459,27
10000011001,7,103,12360,3708,36
10033043001,8,22,1056,317,15
14020026001,9,5,240,72,15
14112013001,10,19,190,57,3
10002018001,11,14,1344,403,29
14831007001,12,5,960,288,58
14505013001,13,11,990,297,27
14000057001,14,13,130,39,3
14102249001,15,15,150,45,3
14821003001,16,3,432,130,44
10035035001,17,14,2352,706,51
14011003001,18,12,144,43,4
14502011001,19,17,816,245,15
14501010001,20,30,720,216,8
10031013001,21,13,1560,468,36
14840003001,22,6,864,259,44
14840006001,23,4,384,115,29
14611010001,24,19,114,34,2
10034042001,25,8,1536,461,58
10032006001,26,14,2688,806,58
10010002001,27,13,2184,655,51
10000002001,28,171,2052,616,4
14203017001,29,3,120,36,12
14102250001,30,11,110,33,3
14832021001,31,3,360,108,36
10033018001,32,38,1824,547,15
14505016001,33,24,576,173,8
14131033001,34,7,105,32,5
10031001001,35,11,1848,554,51
10032013001,36,10,1200,360,36
10021035001,37,11,352,106,10
10033004001,38,29,1392,418,15
10000998001,39,19,95,28,2
10032016001,40,10,1680,504,51
15020047001,41,13,2808,842,65
10033025001,42,7,1344,403,58
14131047001,43,9,108,32,4
10001006001,44,10,960,288,29
14501012001,45,8,192,58,8
10001009001,46,23,2760,828,36
14500013001,47,52,1248,374,8
14501045001,48,22,528,158,8
14021010001,49,3,108,32,11
14011053001,50,18,432,130,8
14133023001,51,8,96,29,4
10032047001,52,8,1344,403,51
14810006001,53,6,432,130,22
14510039001,54,10,130,39,4
10034019001,55,9,1512,454,51
14011052001,56,44,1056,317,8
14010011001,57,16,96,29,2
10033037001,58,11,1848,554,51
14501063001,59,14,504,151,11
10000005001,60,18,1728,518,29
14112014001,61,10,100,30,3
10000026001,62,7,840,252,36
14100003001,63,6,72,22,4
14501022001,64,5,240,72,15
14502077001,65,31,744,223,8
14121106001,66,4,120,36,9
14133003001,67,9,108,32,4
14131041001,68,11,88,26,3
14000039001,69,3,108,32,11
14505041001,70,6,960,288,48
14000197001,71,10,120,36,4
10030048001,72,13,624,187,15
10002021001,73,14,2016,605,44
14500037001,74,10,60,18,2
14820012001,75,3,288,86,29
14113066001,76,5,80,24,5
14011032001,77,18,108,32,2
14011028001,78,8,96,29,4
14001042001,79,6,72,22,4
14020053001,80,3,96,29,10
14505014001,81,22,528,158,8
10001004001,82,36,432,130,4
10033064001,83,8,960,288,36
10021006001,84,32,1536,461,15
10040039001,85,53,212,64,2
14121014001,86,4,96,29,8
14132015001,87,6,72,22,4
10002006001,88,22,264,79,4
10010035001,89,6,1152,346,58
14130007001,90,9,72,22,3
14121019001,91,7,84,25,4
10002008001,92,21,2520,756,36
14510050001,93,6,78,23,4
14505899001,94,7,840,252,36
10030023001,95,20,100,30,2
10034025001,96,7,1176,353,51
10002019001,97,11,1056,317,29
14503000001,98,6,540,162,27
12201105001,99,3,111,33,11
14501013001,100,32,768,230,8
14011034001,101,7,70,21,3
10040062001,102,33,792,238,8
10002005001,103,6,576,173,29
12220012001,104,40,160,48,2
14103009001,105,7,56,17,3
14003029001,106,5,90,27,6
10020007001,107,10,1200,360,36
14000017001,108,8,56,17,3
10033057001,109,14,672,202,15
14500010001,110,27,648,194,8
10002992001,111,12,60,18,2
10035034001,112,7,1344,403,58
14102258001,113,6,60,18,3
14502026001,114,5,120,36,8
14000196001,115,8,96,29,4
14104002001,116,5,60,18,4
10014090001,117,6,1008,302,51
14820014001,118,2,192,58,29
10033015001,119,10,480,144,15
10030013001,120,5,840,252,51
12201079001,121,67,2680,804,12
14820028001,122,3,432,130,44
10040063001,123,50,2400,720,15
14010034001,124,12,72,22,2
10040004001,125,31,124,37,2
14506087001,126,8,64,19,3
14502041001,127,6,540,162,27
10033041001,128,13,624,187,15
10034003001,129,5,960,288,58
14121020001,130,3,90,27,9
14502004001,131,51,612,184,4
10002001001,132,8,960,288,36
14370004001,133,3,120,36,12
14120012001,134,2,48,14,7
14011031001,135,6,72,22,4
10041067001,136,34,1632,490,15
14615017001,137,7,84,25,4
14820045001,138,2,80,24,12
10033013001,139,13,624,187,15
14805016001,140,5,480,144,29
10000007001,141,6,576,173,29
14132031001,142,4,48,14,4
14500042001,143,9,54,16,2
10034036001,144,5,840,252,51
14833010001,145,2,288,86,43
14110106001,146,13,130,39,3
14831020001,147,2,384,115,58
10040025001,148,26,104,31,2
14010031001,149,10,60,18,2
14505138001,150,7,252,76,11
14104067001,151,5,60,18,4
10031031001,152,6,864,259,44
10021016001,153,14,672,202,15
12201031001,154,54,2214,664,13
11103136001,155,9,108,32,4
14503013001,156,12,432,130,11
14505005001,157,4,360,108,27
14600005001,158,3,144,43,15
14830009001,159,2,288,86,43
10035015001,160,5,480,144,29
14510258001,161,6,78,23,4
14112041001,162,10,50,15,2
10033068001,163,6,1008,302,51
14001017001,164,5,50,15,3
10031033001,165,11,528,158,15
15021001001,166,5,1080,324,65
10030003001,167,8,384,115,15
10002045001,168,10,120,36,4
10040026001,169,18,108,32,2
12220002001,170,9,36,11,2
14001049001,171,8,64,19,3
10033050001,172,10,480,144,15
14200069001,173,4,48,14,4
10034999001,174,4,768,230,58
14502015001,175,8,192,58,8
14020031001,176,4,48,14,4
14500023001,177,8,192,58,8
10011003001,178,2,384,115,58
14001093001,179,6,72,22,4
14011024001,180,4,48,14,4
14850001001,181,70,70,21,1
14204059001,182,2,48,14,7
10034004001,183,4,768,230,58
10021027001,184,9,1080,324,36
14810001001,185,2,144,43,22
14501005001,186,2,120,36,18
14804012001,187,5,30,9,2
14501026001,188,5,80,24,5
15020050001,189,9,1944,583,65
10002010001,190,9,1080,324,36
14505115001,191,8,576,173,22
14620014001,192,7,84,25,4
10033030001,193,7,336,101,15
10033005001,194,3,504,151,51
10034011001,195,3,576,173,58
10032019001,196,5,840,252,51
14502010001,197,3,288,86,29
10040003001,198,37,888,266,8
14501004001,199,4,360,108,27
14500056001,200,9,144,43,5
10015007001,201,7,840,252,36
14023015001,202,3,60,18,6
10002907001,203,5,480,144,29
14010212001,204,12,48,14,2
15023012001,205,3,576,173,58
10015010001,206,4,672,202,51
14110084001,207,3,45,14,5
14204041001,208,2,60,18,9
14610002001,209,5,45,14,3
14612018002,210,2,48,14,7
14102238001,211,4,40,12,3
10034014001,212,4,576,173,44
14611022001,213,4,48,14,4
14111001001,214,8,48,14,2
14501016001,215,4,192,58,15
14121057001,216,3,60,18,6
10002017001,217,32,384,115,4
14505031001,218,6,144,43,8
14833024001,219,1,168,50,50
14000042001,220,2,72,22,11
12201024001,221,63,630,189,3
15022004001,222,7,1512,454,65
12200006001,223,197,1970,591,3
12200002001,224,188,1880,564,3
14014020001,225,5,60,18,4
14000071001,226,2,40,12,6
14130016001,227,3,36,11,4
14501053001,228,7,168,50,8
14504001001,229,2,180,54,27
10032049001,230,3,432,130,44
14001074001,231,6,72,22,4
14361106001,232,4,48,14,4
14010060001,233,5,60,18,4
10033070001,234,13,624,187,15
14620006001,235,3,36,11,4
15022026001,236,17,3672,1102,65
14831021001,237,1,192,58,58
10033011001,238,6,288,86,15
10021009001,239,37,444,133,4
14804010001,240,2,192,58,29
10033066001,241,6,288,86,15
10024007001,242,1,264,79,79
10040023001,243,11,440,132,12
14521158001,244,1,96,29,29
14804002001,245,4,288,86,22
14504027001,246,3,270,81,27
10002003001,247,6,288,86,15
14500014001,248,9,72,22,3
14244016001,249,4,48,14,4
14505021001,250,2,180,54,27
11103090001,251,10,60,18,2
10001014001,252,2,240,72,36
12221012001,253,5,75,22,5
10014033001,254,4,576,173,44
14020015001,255,4,48,14,4
10031016001,256,4,768,230,58
14010027001,257,3,216,65,22
10013005001,258,3,576,173,58
14130009001,259,4,32,10,3
14121062001,260,3,36,11,4
14506056001,261,2,24,7,4
14000040001,262,4,48,14,4
14003009001,263,2,40,12,6
12201898001,264,38,1444,433,12
14012019001,265,2,36,11,6
14020006001,266,4,24,7,2
14505020001,267,2,180,54,27
10032064001,268,3,576,173,58
14506001001,269,3,72,22,8
10000003001,270,3,288,86,29
14615070001,271,12,144,43,4
10034017001,272,3,432,130,44
14130042001,273,3,36,11,4
14353019001,274,12,72,22,2
10030011001,275,6,288,86,15
10002071001,276,3,144,43,15
12100039001,277,1,36,11,11
10012004001,278,15,360,108,8
10000004001,279,27,324,97,4
10033019001,280,12,144,43,4
14132052001,281,3,36,11,4
10002014001,282,3,288,86,29
10020041001,283,3,540,162,54
14502022001,284,4,192,58,15
10013012001,285,1,360,108,108
10012011001,286,5,720,216,44
10034027001,287,3,432,130,44
10040032001,288,11,792,238,22
12220013001,289,6,24,7,2
14511051001,290,4,52,16,4
14831022001,291,1,168,50,50
14121143001,292,2,40,12,6
12212033001,293,3,36,11,4
14101024001,294,3,36,11,4
12201001001,295,25,950,285,12
10001022001,296,3,144,43,15
14103018001,297,3,30,9,3
12201035001,298,20,760,228,12
14520068001,299,1,96,29,29
14833018001,300,2,48,14,7
10032055001,301,2,288,86,43
12201037001,302,22,836,251,12
10002944001,303,5,480,144,29
10040008001,304,20,240,72,4
14000033001,305,1,36,11,11
14010178001,306,2,40,12,6
14504008001,307,2,180,54,27
10014083001,308,2,72,22,11
14100012001,309,3,36,11,4
14023102001,310,1,36,11,11
10033044001,311,5,80,24,5
10033010001,312,10,240,72,8
14010094001,313,2,36,11,6
14500008001,314,39,936,281,8
10035028001,315,2,384,115,58
11103070001,316,4,48,14,4
10040019001,317,12,48,14,2
14200119001,318,2,24,7,4
12201065001,319,16,608,182,12
14500064001,320,2,180,54,27
14510041001,321,7,91,27,4
11061071001,322,1,20,6,6
14244014001,323,4,48,14,4
14501021001,324,4,384,115,29
10033016001,325,9,216,65,8
14840018001,326,1,144,43,43
14000010001,327,5,25,8,2
12000178001,328,2,48,14,7
10032020001,329,3,144,43,15
14503002001,330,1,90,27,27
15020046001,331,3,648,194,65
14001034001,332,2,40,12,6
10033014001,333,5,240,72,15
10034039001,334,2,288,86,43
12201123001,335,21,819,246,12
14110086001,336,2,30,9,5
11103050001,337,11,66,20,2
14020014001,338,3,30,9,3
10040048001,339,59,944,283,5
14131121001,340,2,24,7,4
15020920001,341,6,1296,389,65
14502023001,342,2,96,29,15
12201049001,343,17,629,189,12
14830002001,344,1,192,58,58
14204071001,345,1,24,7,7
14502029001,346,2,96,29,15
14001002001,347,2,36,11,6
14223094001,348,2,48,14,7
10002074001,349,2,48,14,7
14510175001,350,5,65,20,4
10033065001,351,8,192,58,8
14021054001,352,3,18,5,2
10030046001,353,5,240,72,15
11040010001,354,2,48,14,7
10034024001,355,3,288,86,29
10002025001,356,4,48,14,4
14615133001,357,31,372,112,4
14011078001,358,2,24,7,4
14100001001,359,2,24,7,4
14111134001,360,1,40,12,12
10002906001,361,3,144,43,15
14805017001,362,2,192,58,29
10022007001,363,3,288,86,29
10001005001,364,4,384,115,29
14620062001,365,2,48,14,7
12201120001,366,2,74,22,11
14010030001,367,2,40,12,6
14810012001,368,1,120,36,36
10040009001,369,17,204,61,4
12220010001,370,11,44,13,2
10021019001,371,2,336,101,51
14022029001,372,4,24,7,2
12201005001,373,19,703,211,12
10016015001,374,2,336,101,51
10014113001,375,2,192,58,29
12220005001,376,10,40,12,2
10033049001,377,6,96,29,5
10020011001,378,2,336,101,51
14311112001,379,6,48,14,3
14010150001,380,2,36,11,6
14244059001,381,1,60,18,18
10040042001,382,11,44,13,2
14510110001,383,3,39,12,4
10040041001,384,6,432,130,22
10021017001,385,5,240,72,15
14101004001,386,2,24,7,4
10024011001,387,4,192,58,15
14111002001,388,1,18,5,5
10031902001,389,7,168,50,8
10033006001,390,16,256,77,5
10033082001,391,4,192,58,15
14613019001,392,1,24,7,7
14111009001,393,2,24,7,4
10031011001,394,5,120,36,8
12210018001,395,6,222,67,12
10002040001,396,8,96,29,4
10040058001,397,9,432,130,15
10033027001,398,3,144,43,15
14804001001,399,1,120,36,36
14001009001,400,2,48,14,7
14011005001,401,1,12,4,4
14600013001,402,1,72,22,22
14504009001,403,2,180,54,27
14501037001,404,1,48,14,14
14010149001,405,1,16,5,5
10040010001,406,6,288,86,15
10030018001,407,6,96,29,5
14001138001,408,1,12,4,4
15022017001,409,2,384,115,58
14830005001,410,1,240,72,72
11103015001,411,2,24,7,4
14506898001,412,1,80,24,24
10040040001,413,8,32,10,2
14023295001,414,3,18,5,2
14104079001,415,2,48,14,7
14506067001,416,1,96,29,29
11103137001,417,9,108,32,4
14620042001,418,7,84,25,4
10033020001,419,5,80,24,5
14830001001,420,1,120,36,36
12201042001,421,20,740,222,12
14003054001,422,2,24,7,4
11103134001,423,7,28,8,2
14831009001,424,1,216,65,65
14500024001,425,6,144,43,8
14010097001,426,3,18,5,2
14105129001,427,1,18,5,5
14501058001,428,3,72,22,8
15023013001,429,1,192,58,58
14244918001,430,1,36,11,11
12011033001,431,3,36,11,4
10035006001,432,1,168,50,50
14510218001,433,3,39,12,4
14011042001,434,1,20,6,6
10031019001,435,3,144,43,15
14020009001,436,1,12,4,4
15021003001,437,2,384,115,58
14023164001,438,2,12,4,2
14121015001,439,1,20,6,6
10040066001,440,9,360,108,12
14502021001,441,1,48,14,14
11074015002,442,1,72,22,22
10052020001,443,1,24,7,7
14132074001,444,1,12,4,4
14505125001,445,1,90,27,27
14241042001,446,1,30,9,9
12201083001,447,51,1887,566,12
11070001001,448,2,48,14,7
14501928001,449,1,90,27,27
14810005001,450,1,72,22,22
14022167001,451,1,36,11,11
14101074001,452,2,20,6,3
14001092001,453,2,24,7,4
10002072001,454,3,36,11,4
31502006001,455,1,24,7,7
14502016001,456,1,90,27,27
14023014001,457,1,24,7,7
12212005001,458,2,48,14,7
10002073001,459,2,192,58,29
11101014001,460,3,36,11,4
11101028001,461,2,24,7,4
11103094001,462,7,42,13,2
14001007001,463,1,48,14,14
14244999001,464,1,18,5,5
14501065001,465,5,120,36,8
12100026001,466,1,72,22,22
10041032001,467,2,96,29,15
10035013001,468,3,144,43,15
14620908001,469,1,24,7,7
10030045001,470,2,96,29,15
14612075001,471,2,24,7,4
14501084001,472,1,90,27,27
14023129001,473,1,32,10,10
12200017001,474,5,205,62,13
10035010001,475,3,144,43,15
14520067001,476,1,96,29,29
14830072001,477,1,168,50,50
15023017001,478,2,336,101,51
10020015001,479,2,240,72,36
14830045001,480,1,144,43,43
14011004001,481,1,12,4,4
14510123001,482,2,26,8,4
10041039001,483,2,96,29,15
14111038001,484,1,24,7,7
14850034001,485,11,11,3,1
12103027001,486,1,144,43,43
14502080001,487,1,90,27,27
14612088001,488,1,36,11,11
10000013001,489,2,240,72,36
14121006001,490,1,10,3,3
14204086001,491,1,40,12,12
10040027001,492,4,240,72,18
14506099001,493,1,20,6,6
11050012001,494,1,24,7,7
14370003001,495,1,40,12,12
14001104001,496,1,12,4,4
15024014001,497,1,168,50,50
14506142001,498,1,32,10,10
14506100001,499,2,96,29,15
14110024001,500,1,8,2,2
14822063001,501,1,144,43,43
14010055001,502,1,24,7,7
14360022001,503,1,12,4,4
12105009001,504,1,18,5,5
14506060001,505,1,12,4,4
10033001001,506,4,192,58,15
14240005001,507,1,12,4,4
14361010001,508,1,12,4,4
14315016001,509,1,16,5,5
10034016001,510,4,96,29,8
14503048001,511,1,36,11,11
14615082001,512,1,24,7,7
11111019001,513,2,16,6,3
10015008001,514,2,24,10,5
14851072001,515,3,18,7,3
14223080001,516,1,20,8,8
14023126001,517,1,32,13,13
14303933001,518,1,12,5,5
14506143001,519,1,48,19,19
14506005001,520,1,24,10,10
10035003001,521,4,48,19,5
12201048001,522,5,185,74,15
14830073001,523,1,168,67,67
14500012001,524,1,24,10,10
14315017001,525,1,16,6,6
10041003001,526,4,96,38,10
14510101001,527,1,13,5,5
14601030001,528,1,36,14,14
14361082001,529,1,12,5,5
14001028001,530,2,20,8,4
14505911001,531,3,108,43,15
14600011001,532,1,96,38,38
12103008001,533,1,24,10,10
10032001001,534,5,120,48,10
14833052001,535,1,216,86,86
14850093001,536,9,9,4,1
14220140001,537,1,48,19,19
10016014001,538,3,288,115,39
14840022001,539,1,168,67,67
14631018001,540,1,96,38,38
11103098001,541,3,18,7,3
10030030001,542,2,48,19,10
14506159001,543,1,12,5,5
31567052001,544,1,36,14,14
10040111001,545,10,120,48,5
14204021001,546,1,40,16,16
14506887001,547,1,90,36,36
12011113001,548,1,24,10,10
14506008001,549,1,48,19,19
14330011001,550,2,12,5,3
11103176001,551,4,16,6,2
14630022001,552,1,36,14,14
11050076001,553,1,8,3,3
14000015001,554,3,15,6,2
14501052001,555,1,90,36,36
14620114001,556,1,24,10,10
11103096001,557,3,18,7,3
11103095001,558,5,20,8,2
14203083001,559,1,20,8,8
14303934001,560,1,24,10,10
11074015001,561,1,72,29,29
14244933001,562,1,24,10,10
14613009001,563,1,24,10,10
12202039001,564,7,28,11,2
14224003001,565,1,30,12,12
11110085001,566,2,24,10,5
15022009001,567,1,120,48,48
10002942001,568,1,96,38,38
15021060001,569,1,216,86,86
10002917001,570,3,36,14,5
14204055001,571,1,40,16,16
14226009001,572,1,30,12,12
14226007001,573,1,30,12,12
14811004001,574,1,72,29,29
11073902001,575,1,48,19,19
10011021001,576,1,192,77,77
14022041001,577,1,6,2,2
11050040002,578,2,12,5,3
15022015001,579,1,120,48,48
14132116001,580,1,20,8,8
11022051001,581,2,24,10,5
30052113001,582,1,60,24,24
14110019001,583,1,20,8,8
14511011001,584,1,13,5,5
14610011001,585,5,30,12,3
14330019001,586,2,12,5,3
10034007001,587,1,48,19,19
10040016001,588,4,160,64,16
15023004001,589,1,168,67,67
14615038001,590,2,12,5,3
14203062001,591,1,40,16,16
14203032001,592,1,12,5,5
14311027001,593,2,16,6,3
14111004001,594,1,48,19,19
14311058001,595,2,18,7,4
14121112001,596,1,24,10,10
14243040001,597,1,84,34,34
14833020001,598,1,168,67,67
14204126001,599,1,20,8,8
10052035001,600,1,24,10,10
14600898001,601,1,72,29,29
14133028001,602,1,24,10,10
14131026001,603,1,12,5,5
14121061001,604,1,10,4,4
11074003001,605,1,72,29,29
14110003001,606,1,32,13,13
14501899001,607,1,48,19,19
12011114001,608,1,24,10,10
10041135001,609,1,48,19,19
12120063001,610,1,41,16,16
14521178001,611,1,120,48,48
12123076001,612,1,24,10,10
14833035001,613,1,192,77,77
10020036001,614,2,96,38,19
10033017001,615,3,72,29,10
14506089001,616,1,64,26,26
14242037001,617,1,20,8,8
14506352001,618,1,100,40,40
14023035001,619,1,12,5,5
14613908001,620,2,12,5,3
14244898001,621,1,120,48,48
14521181001,622,1,120,48,48
12201051001,623,2,66,26,13
14121075001,624,1,36,14,14
10100132001,625,1,96,38,38
14000100001,626,1,12,5,5
10034033001,627,2,96,38,19
11050060001,628,4,16,6,2
11010042001,629,2,16,6,3
14506109001,630,1,12,5,5
31424002001,631,1,60,24,24
12212900001,632,1,240,96,96
11022007001,633,1,24,10,10
14805010001,634,1,96,38,38
14011041001,635,1,20,8,8
11050033001,636,1,8,3,3
14200011001,637,1,40,16,16
14020960001,638,2,12,5,3
12221008001,639,4,132,53,14
41522003001,640,10,10,4,1
14242155001,641,1,40,16,16
14503004001,642,1,60,24,24
14621005001,643,1,36,14,14
14210120001,644,1,60,24,24
14020030001,645,1,12,5,5
12106028001,646,1,144,58,58
14010293001,647,1,24,10,10
14340006001,648,1,60,24,24
14121105001,649,1,24,10,10
11050011001,650,1,36,14,14
12210005001,651,4,132,53,14
14121064001,652,1,24,10,10
14102010001,653,1,24,10,10
14242056001,654,1,20,8,8
14361036001,655,1,12,5,5
11040030001,656,1,24,10,10
14104148001,657,1,40,16,16
14841002001,658,1,168,67,67
10014898001,659,2,96,38,19
14011023001,660,1,12,5,5
14613007001,661,2,24,10,5
14001039001,662,1,24,10,10
14243166001,663,1,24,10,10
14204044001,664,1,40,16,16
14601001001,665,1,48,19,19
14620110001,666,1,60,24,24
10010019001,667,1,126,50,50
14833042001,668,1,240,96,96
14000066001,669,1,8,3,3
14600025001,670,1,96,38,38
11032218001,671,1,12,5,5
14202017001,672,1,48,19,19
14112053001,673,1,10,4,4
10020042001,674,2,96,38,19
14001035001,675,1,36,14,14
10034046001,676,3,48,19,7
14521166001,677,1,72,29,29
14621045001,678,1,24,10,10
14506174001,679,1,80,32,32
12122013001,680,1,94,38,38
12120053001,681,1,36,14,14
14104060001,682,1,24,10,10
12212910001,683,1,61,24,24
14000055001,684,1,12,5,5
14204010001,685,1,120,48,48
12000059001,686,2,24,10,5
14805006001,687,1,96,38,38
14810002001,688,1,72,29,29
14811006001,689,1,72,29,29
12121005001,690,1,91,36,36
14830007001,691,1,144,58,58
14241031001,692,1,60,24,24
31420009001,693,1,60,24,24
14241030001,694,1,40,16,16
12100011001,695,1,96,38,38
12104003001,696,1,288,115,115
14204078001,697,1,36,14,14
14370025001,698,1,24,10,10
14000117001,699,1,12,5,5
10023106001,700,1,12,5,5
14315003001,701,1,24,10,10
14505003001,702,1,40,16,16
11072001001,703,1,24,10,10
14505139001,704,1,120,48,48
14506096001,705,1,20,8,8
14202009001,706,1,20,8,8
14001086001,707,1,12,5,5
14021036001,708,1,12,5,5
10033073001,709,7,84,34,5
14010186001,710,1,16,6,6
14203048001,711,1,30,12,12
14220005001,712,1,36,14,14
14104011001,713,1,12,5,5
12122020001,714,1,48,19,19
12123019001,715,1,127,51,51
14011015001,716,1,12,5,5
14220078001,717,1,40,16,16
10052011001,718,1,24,10,10
10030019001,719,3,144,58,20
14822008001,720,1,96,38,38
14602023001,721,1,300,120,120
14600021001,722,1,72,29,29
14010050001,723,3,135,54,18
14244919001,724,1,36,14,14
14244929001,725,1,36,14,14
14613024001,726,1,12,5,5
14506314001,727,1,80,32,32
10041899001,728,6,144,58,10
14601003001,729,1,60,24,24
14510196001,730,1,13,5,5
10040082001,731,9,108,43,5
12000060001,732,2,24,10,5
14220071001,733,1,72,29,29
12102152001,734,1,36,14,14
12105034001,735,1,12,5,5
12120025001,736,1,73,29,29
10020008001,737,2,96,38,19
12201095001,738,29,174,70,3
10021042001,739,2,96,38,19
11071916001,740,1,312,125,125
14506004001,741,1,18,7,7
14632223001,742,1,36,14,14
14110163001,743,1,12,5,5
12327057001,744,2,10,4,2
10052017001,745,1,24,10,10
31500025002,746,1,30,12,12
11110089001,747,1,12,5,5
12210003001,748,7,28,11,2
11110060001,749,1,30,12,12
12100013001,750,1,96,38,38
11042008001,751,1,30,12,12
14133007001,752,1,24,10,10
14131074001,753,1,48,19,19
14360026001,754,1,20,8,8
14227005001,755,2,12,5,3
14222897001,756,1,72,29,29
14121129001,757,1,36,14,14
14121093001,758,1,36,14,14
14133027001,759,1,24,10,10
14201013001,760,1,20,8,8
14506281001,761,1,72,29,29
12122016001,762,1,72,29,29
14850125001,763,6,6,2,1
14833056001,764,1,168,67,67
14506126001,765,1,48,19,19
15021047001,766,1,144,58,58
10024014001,767,2,96,38,19
14616019001,768,1,6,2,2
14021035001,769,1,45,18,18
11050065002,770,1,24,10,10
14202013001,771,1,30,12,12
14611899001,772,1,12,5,5
14001084001,773,1,12,5,5
14001085001,774,1,12,5,5
14002021001,775,1,36,14,14
14833086001,776,1,32,13,13
12010037001,777,1,288,115,115
12020232001,778,1,108,43,43
31602045001,779,1,192,77,77
11071001001,780,1,36,14,14
14111005001,781,1,24,10,10
10010042001,782,1,336,134,134
14104200001,783,1,12,5,5
14502031001,784,1,96,38,38
14361162001,785,1,12,5,5
12103030001,786,1,192,77,77
10014080001,787,1,72,29,29
14611020001,788,1,24,10,10
14210051001,789,1,60,24,24
12120038001,790,1,96,38,38
14242149001,791,1,24,10,10
14223178001,792,1,60,24,24
10020025001,793,1,144,58,58
14204025001,794,1,40,16,16
11050019002,795,1,24,10,10
10014086001,796,2,96,38,19
12210011001,797,20,80,32,2
14616013001,798,1,36,14,14
14102048001,799,1,36,14,14
14361007001,800,2,24,10,5
14501017001,801,2,32,13,7
10040050001,802,3,72,29,10
14331044001,803,1,6,2,2
14104097001,804,1,36,14,14
14370029001,805,1,40,16,16
14361027001,806,1,12,5,5
14361160001,807,1,12,5,5
14512899001,808,1,6,2,2
10014074001,809,1,96,38,38
14620903001,810,1,24,10,10
14850124001,811,6,6,2,1
14000051001,812,1,12,5,5
14700078001,813,1,48,19,19
10014029001,814,2,96,38,19
12101004001,815,1,192,77,77
14503010001,816,1,90,36,36
14240017001,817,1,24,10,10
11040039001,818,1,24,10,10
14832057001,819,1,216,86,86
14509036001,820,1,12,5,5
12000317001,821,1,24,10,10
14222087001,822,1,36,14,14
14510118001,823,1,13,5,5
14510068001,824,1,13,5,5
14020977001,825,1,60,24,24
14620051001,826,1,24,10,10
14361112001,827,1,12,5,5
31532100001,828,1,72,29,29
14120044001,829,1,24,10,10
14361041001,830,1,12,5,5
11050031001,831,1,24,10,10
12106097001,832,1,24,10,10
11041027001,833,1,48,19,19
14110002001,834,1,20,8,8
12010080001,835,1,288,115,115
12011056001,836,1,24,10,10
12011400001,837,1,12,5,5
11070045001,838,1,24,10,10
14501938001,839,1,36,14,14
41300016001,840,3,6,2,1
14521180001,841,1,120,48,48
14621038001,842,1,48,19,19
11032027001,843,1,24,10,10
10030021001,844,2,96,38,19
14202023001,845,1,30,12,12
11103058001,846,2,24,10,5
12202005001,847,8,24,10,2
10034012001,848,1,48,19,19
12123075001,849,1,24,10,10
14011043001,850,1,6,2,2
14010102001,851,1,12,5,5
14833075001,852,1,36,14,14
14200046001,853,1,40,16,16
14110011001,854,1,16,6,6
14521159001,855,1,96,38,38
12010059001,856,1,144,58,58
14311020001,857,1,12,5,5
14200049001,858,1,40,16,16
14300008001,859,1,36,14,14
12123897001,860,1,24,10,10
12120093001,861,1,118,47,47
14506044001,862,1,16,6,6
14102008001,863,1,24,10,10
14506225001,864,1,48,19,19
14105008001,865,1,120,48,48
12100027001,866,1,48,19,19
12212069001,867,3,24,10,4
14500081001,868,1,48,19,19
31500022004,869,1,60,24,24
14102007001,870,1,20,8,8
10000001001,871,2,48,19,10
11051044001,872,2,8,3,2
10014126001,873,1,96,38,38
10020019001,874,1,144,58,58
10034023001,875,2,96,38,19
14104102001,876,1,24,10,10
14352080001,877,1,20,8,8
14102025001,878,1,10,4,4
14101081001,879,1,24,10,10
14510010001,880,1,13,5,5
14850040001,881,6,6,2,1
14020019001,882,1,6,2,2
14501926001,883,1,90,36,36
14131044001,884,1,30,12,12
14522065001,885,1,96,38,38
14210079001,886,1,60,24,24
14510190001,887,1,13,5,5
12020165001,888,1,84,34,34
10023002001,889,2,8,3,2
14833058001,890,1,60,24,24
10000023001,891,1,24,10,10
11061070001,892,1,20,8,8
14370076001,893,1,1000,400,400
14602002001,894,1,174,70,70
14741039001,895,1,48,19,19
14022027001,896,1,45,18,18
14620119001,897,1,60,24,24
14023210001,898,1,13,5,5
11070024001,899,1,36,14,14
14833040001,900,1,36,14,14
14001027001,901,1,10,4,4
31603002001,902,1,84,34,34
14243041001,903,1,72,29,29
12020485001,904,1,144,58,58
12010042001,905,1,120,48,48
14820001001,906,1,72,29,29
14243133001,907,1,36,14,14
12010120001,908,1,84,34,34
12121089001,909,1,48,19,19
11103346001,910,1,12,5,5
12121091001,911,1,24,10,10
15021059001,912,1,120,48,48
11100018001,913,2,8,3,2
14001103001,914,1,12,5,5
14210005001,915,1,48,19,19
14833002001,916,1,36,14,14
10035036001,917,1,48,19,19
14104109001,918,1,24,10,10
14832033001,919,1,120,48,48
14511080001,920,1,13,5,5
14500017001,921,1,72,29,29
14001037001,922,1,24,10,10
35751019001,923,1,24,10,10
14203089001,924,1,24,10,10
31501901003,925,1,40,16,16
14351056001,926,1,16,6,6
11103116001,927,1,12,5,5
12106006001,928,1,24,10,10
10023035001,929,1,48,19,19
14510030001,930,1,13,5,5
31567019001,931,1,48,19,19
11050059001,932,1,12,5,5
14805023001,933,1,96,38,38
14805001001,934,1,96,38,38
12212011001,935,1,32,13,13
10021022001,936,2,72,29,15
14506211001,937,1,12,5,5
14241024001,938,1,48,19,19
14242156001,939,1,40,16,16
14104193001,940,1,12,5,5
14832005001,941,1,120,48,48
12011199001,942,1,24,10,10
14830012001,943,1,144,58,58
10032048001,944,1,48,19,19
15021057001,945,1,192,77,77
12011255001,946,1,24,10,10
14241037001,947,1,150,60,60
15021042001,948,2,144,58,29
11111005001,949,1,12,5,5
10034013001,950,1,120,48,48
11111022001,951,1,12,5,5
12201108001,952,8,16,6,1
10014101001,953,1,168,67,67
14621021001,954,4,144,58,15
12212007001,955,1,39,16,16
14351052001,956,1,24,10,10
14352069001,957,1,12,5,5
14520066001,958,1,96,38,38
11050038001,959,1,24,10,10
14507029001,960,1,24,10,10
10014034001,961,1,144,58,58
14201022001,962,1,20,8,8
14203059001,963,1,40,16,16
14511026001,964,1,13,5,5
10040038001,965,3,48,19,7
12123902001,966,1,40,16,16
10034032001,967,1,144,58,58
31532099001,968,1,48,19,19
12010262001,969,1,84,34,34
14210081001,970,1,80,32,32
10053901001,971,1,72,29,29
10041007001,972,3,144,58,20
12010036001,973,1,288,115,115
14615107001,974,1,36,14,14
14522048001,975,1,96,38,38
12020339001,976,1,20,8,8
14203003001,977,1,40,16,16
10034002001,978,1,48,19,19
14222071001,979,1,30,12,12
12100003001,980,1,96,38,38
14222089001,981,1,48,19,19
14612005001,982,1,24,10,10
14204133001,983,1,30,12,12
14222999001,984,1,48,19,19
14506291001,985,1,32,13,13
12122034001,986,1,36,14,14
12120061001,987,1,101,40,40
11111015001,988,1,12,5,5
15022021001,989,1,192,77,77
14361012001,990,1,15,6,6
14311081001,991,1,18,7,7
14311236001,992,1,18,7,7
14810031001,993,1,48,19,19
14501007001,994,1,96,38,38
12212006001,995,1,36,14,14
14805059001,996,1,96,38,38
12011065001,997,1,24,10,10
14000068001,998,1,24,10,10
12011333001,999,1,12,5,5
10040028001,1000,3,12,5,2
14104146001,1001,2,32,13,7
12011299001,1002,1,36,14,14
14240001001,1003,1,12,5,5
14001001001,1004,2,16,6,3
14510058001,1005,1,13,5,5
10014030001,1006,1,48,19,19
10040011001,1007,2,80,32,16
10016011001,1008,1,96,38,38
11050081001,1009,1,63,25,25
14200093001,1010,1,48,19,19
10014024001,1011,1,144,58,58
31420014001,1012,1,48,19,19
14001089001,1013,1,12,5,5
14001096001,1014,1,24,10,10
14110146001,1015,1,48,19,19
11070003001,1016,1,36,14,14
12120898001,1017,1,72,29,29
14104005001,1018,1,30,12,12
12120007001,1019,1,24,10,10
14202040001,1020,1,36,14,14
31502034001,1021,1,30,12,12
14120024001,1022,1,20,8,8
14010226001,1023,1,20,8,8
12202008001,1024,3,12,5,2
14204053001,1025,1,24,10,10
12010192001,1026,1,72,29,29
14506045001,1027,1,24,10,10
14830043001,1028,1,168,67,67
31568016001,1029,1,60,24,24
10303001001,1030,2,192,77,39
14241023001,1031,1,48,19,19
11021013001,1032,1,6,2,2
12100023001,1033,1,72,29,29
12001109001,1034,1,30,12,12
14820031001,1035,1,72,29,29
14241033001,1036,1,40,16,16
12000045001,1037,1,24,10,10
14830020001,1038,1,168,67,67
14242039001,1039,1,40,16,16
10024003001,1040,1,12,5,5
14506204001,1041,1,48,19,19
14822062001,1042,1,72,29,29
14620158001,1043,1,24,10,10
14361114001,1044,2,24,10,5
14621051001,1045,1,96,38,38
12010144001,1046,1,144,58,58
14603010001,1047,1,60,24,24
12102055001,1048,1,96,38,38
10033031001,1049,2,24,10,5
14370007001,1050,1,24,10,10
14010006001,1051,2,90,36,18
12201071001,1052,4,132,53,14
14010038001,1053,1,45,18,18
14243150001,1054,1,60,24,24
12123069001,1055,1,18,7,7
12011022001,1056,1,24,10,10
14242145001,1057,1,24,10,10
12011058001,1058,1,12,5,5
14613918001,1059,1,12,5,5
10014109001,1060,1,72,29,29
14243026001,1061,1,60,24,24
12201020001,1062,4,120,48,12
12201022001,1063,1,39,16,16
14010048001,1064,1,12,5,5
10034045001,1065,1,48,19,19
14831027001,1066,1,168,67,67
10031023001,1067,1,48,19,19
31503001001,1068,1,48,19,19
10052019001,1069,1,24,10,10
14510210001,1070,1,13,5,5
14500066001,1071,1,24,10,10
11103237001,1072,2,6,2,1
31502034002,1073,1,30,12,12
10020012001,1074,1,120,48,48
14210046001,1075,1,36,14,14
14220086001,1076,1,72,29,29
11050039001,1077,1,8,3,3
12120082001,1078,1,91,36,36
14200130001,1079,1,20,8,8
14210024001,1080,1,50,20,20
14222107001,1081,1,12,5,5
14612015001,1082,1,24,10,10
14804999001,1083,1,96,38,38
14222025001,1084,1,48,19,19
14111017001,1085,1,12,5,5
10023038001,1086,1,48,19,19
14361159001,1087,1,12,5,5
10001007001,1088,1,48,19,19
14010285001,1089,1,10,4,4
14361055001,1090,1,12,5,5
14244906001,1091,1,72,29,29
11103270002,1092,1,6,2,2
12220016001,1093,1,16,6,6
12005093001,1094,1,36,14,14
14002046001,1095,1,24,10,10
14502018001,1096,1,24,10,10
14351034001,1097,2,18,7,4
12001026001,1098,1,24,10,10
14353073001,1099,2,12,5,3
14311044001,1100,1,24,10,10
12150016001,1101,1,24,10,10
12151015001,1102,1,24,10,10
14121011001,1103,1,12,5,5
12011136001,1104,1,24,10,10
10010018001,1105,1,120,48,48
10002915001,1106,1,48,19,19
14104073001,1107,1,24,10,10
11071033001,1108,1,24,10,10
14226005001,1109,1,120,48,48
14621070001,1110,1,36,14,14
10010009001,1111,1,48,19,19
14612059001,1112,1,24,10,10
12011473001,1113,1,36,14,14
14833036001,1114,1,72,29,29
14110145001,1115,1,48,19,19
10053909001,1116,1,48,19,19
10032059001,1117,1,48,19,19
15024011001,1118,2,144,58,29
11050098001,1119,1,24,10,10
14200088001,1120,1,48,19,19
14631064001,1121,1,72,29,29
14203016001,1122,1,24,10,10
14632058001,1123,1,18,7,7
11103303001,1124,1,4,2,2
14111063001,1125,1,10,4,4
14200092001,1126,1,48,19,19
14000102001,1127,1,12,5,5
14833059001,1128,2,120,48,24
14361025001,1129,1,15,6,6
14204118001,1130,1,40,16,16
14204136001,1131,1,24,10,10
14822042001,1132,1,144,58,58
11010115001,1133,1,6,2,2
11103027001,1134,1,12,5,5
14243034001,1135,1,36,14,14
11103018001,1136,1,6,2,2
10014037001,1137,1,96,38,38
14506036001,1138,1,32,13,13
14301108001,1139,1,24,10,10
10023049001,1140,1,6,2,2
11032024001,1141,1,24,10,10
10022014001,1142,1,30,12,12
14506145001,1143,1,8,3,3
14831018001,1144,1,216,86,86
14832037001,1145,1,60,24,24
11042005001,1146,1,24,10,10
31914003001,1147,1,312,125,125
12002126001,1148,1,24,10,10
12011275001,1149,1,12,5,5
10033048001,1150,1,48,19,19
12120058001,1151,1,36,14,14
11110078004,1152,1,50,20,20
12005093004,1153,1,36,14,14
14616022001,1154,1,6,2,2
12000124001,1155,1,24,10,10
31822064001,1156,2,4,2,1
14630034001,1157,1,60,24,24
14805018001,1158,1,96,38,38
15023010001,1159,1,192,77,77
14621058001,1160,1,36,14,14
31423019001,1161,1,60,24,24
14621013001,1162,1,24,10,10
14223073001,1163,1,48,19,19
12123024001,1164,1,18,7,7
14210035001,1165,1,12,5,5
14342025001,1166,1,72,29,29
14223247001,1167,1,32,13,13
10014076001,1168,1,96,38,38
11062019001,1169,1,36,14,14
14103070001,1170,1,12,5,5
14621009001,1171,1,36,14,14
14351055001,1172,1,16,6,6
14511005001,1173,1,12,5,5
14602011001,1174,1,300,120,120
11010043001,1175,1,6,2,2
11032002001,1176,1,72,29,29
14310025001,1177,1,30,12,12
14833049001,1178,1,144,58,58
14611001001,1179,1,48,19,19
10020094001,1180,1,72,29,29
14302006001,1181,1,36,14,14
10020010001,1182,1,48,19,19
14810018001,1183,1,72,29,29
12105067001,1184,1,12,5,5
11051025001,1185,1,60,24,24
14810025001,1186,1,72,29,29
14315004001,1187,1,24,10,10
14615114001,1188,1,36,14,14
14313019001,1189,1,30,12,12
12105001001,1190,1,12,5,5
10021005001,1191,1,96,38,38
31501901004,1192,1,40,16,16
11103031001,1193,1,11,4,4
14361137001,1194,1,12,5,5
12220019001,1195,1,8,3,3
30045077002,1196,1,100,40,40
14010033001,1197,1,12,5,5
12220011001,1198,1,4,2,2
12011206001,1199,1,24,10,10
14620133001,1200,1,48,19,19
14510180001,1201,1,13,5,5
12201059001,1202,7,231,92,14
10023892001,1203,1,4,2,2
14850102001,1204,3,3,1,1
14242010001,1205,1,30,12,12
10035024001,1206,1,36,14,14
12012043001,1207,1,48,19,19
14506053001,1208,1,24,10,10
14120060001,1209,1,36,14,14
14830017001,1210,1,144,58,58
14242164001,1211,1,12,5,5
12011409001,1212,1,12,5,5
12010068001,1213,1,216,86,86
12102112001,1214,1,60,24,24
14820015001,1215,1,192,77,77
14310016001,1216,1,28,11,11
11050032001,1217,1,24,10,10
14204052001,1218,1,24,10,10
11032008001,1219,1,72,29,29
14204899001,1220,1,20,8,8
14833084001,1221,1,24,10,10
11050064001,1222,1,8,3,3
14242150001,1223,1,24,10,10
14300046001,1224,1,12,5,5
14200019001,1225,1,50,20,20
12020036001,1226,1,108,43,43
14200090001,1227,1,48,19,19
14740006001,1228,1,24,10,10
14631037001,1229,1,48,19,19
14621095001,1230,1,36,14,14
12011367001,1231,1,12,5,5
14501029001,1232,1,48,19,19
12123007001,1233,1,28,11,11
14621003001,1234,1,36,14,14
14243013001,1235,1,30,12,12
10024001001,1236,1,96,38,38
12011069001,1237,1,24,10,10
10014111001,1238,1,96,38,38
12123009001,1239,1,40,16,16
11010013001,1240,1,6,2,2
14822026001,1241,1,60,24,24
12011383001,1242,1,24,10,10
14620091001,1243,1,36,14,14
14740037001,1244,1,24,10,10
11103014001,1245,1,8,3,3
14221113001,1246,1,20,8,8
14204150001,1247,1,40,16,16
14242105001,1248,1,45,18,18
12020225001,1249,1,84,34,34
11040040001,1250,1,36,14,14
10020046001,1251,1,144,58,58
14200014001,1252,1,40,16,16
14353025001,1253,1,24,10,10
12123005001,1254,1,16,6,6
11031907001,1255,1,36,14,14
10034026001,1256,3,36,14,5
31414020001,1257,1,4,2,2
30072062001,1258,1,22,9,9
14361004001,1259,1,12,5,5
14226059001,1260,1,120,48,48
14226016001,1261,1,120,48,48
14360007001,1262,1,18,7,7
14711014001,1263,1,60,24,24
14821001001,1264,1,72,29,29
11042017001,1265,1,12,5,5
11050087001,1266,1,36,14,14
14022069001,1267,1,12,5,5
11103179001,1268,1,66,26,26
14012025001,1269,1,70,28,28
14361109001,1270,1,12,5,5
12010084001,1271,1,216,86,86
12011169001,1272,1,12,5,5
14002026001,1273,1,24,10,10
11111014001,1274,1,6,2,2
10023005001,1275,1,5,2,2
11074005001,1276,1,36,14,14
10034015001,1277,1,120,48,48
14210056001,1278,1,80,32,32
14502008001,1279,1,48,19,19
12202009001,1280,4,16,6,2
10021018001,1281,1,36,14,14
14634027001,1282,1,72,29,29
12121036001,1283,1,68,27,27
14700075001,1284,1,36,14,14
14620163001,1285,1,36,14,14
14853003001,1286,1,144,58,58
12011163001,1287,1,24,10,10
12000170001,1288,1,24,10,10
14506062001,1289,1,24,10,10
14602022001,1290,1,240,96,96
10014905001,1291,2,144,58,29
12106064001,1292,1,36,14,14
14633936001,1293,1,216,86,86
10011028001,1294,1,72,29,29
14361096001,1295,1,15,6,6
12122002002,1296,1,24,10,10
31912036001,1297,1,8,3,3
12106043001,1298,1,72,29,29
14242081001,1299,1,12,5,5
12011172001,1300,1,12,5,5
12011251001,1301,1,24,10,10
14243007001,1302,1,24,10,10
11032035001,1303,1,48,19,19
31564007001,1304,1,48,19,19
14222141001,1305,1,20,8,8
14612012001,1306,1,42,17,17
11032222002,1307,1,12,5,5
10032023001,1308,1,144,58,58
14243010001,1309,1,60,24,24
10021003001,1310,1,96,38,38
10002916001,1311,1,24,10,10
11010027001,1312,1,6,2,2
12011176001,1313,1,24,10,10
11042023001,1314,1,36,14,14
12123062001,1315,1,34,14,14
14510084001,1316,1,13,5,5
12121059001,1317,1,24,10,10
14350007001,1318,1,20,8,8
15020913001,1319,1,24,10,10
31501009001,1320,1,72,29,29
14510026001,1321,1,20,8,8
12120083001,1322,1,38,15,15
14111067001,1323,1,85,34,34
11022002001,1324,1,80,32,32
11100019001,1325,1,4,2,2
14000008001,1326,3,15,6,2
10034057001,1327,1,16,6,6
14001149001,1328,1,12,5,5
14361086001,1329,1,12,5,5
11103279001,1330,1,12,5,5
14804013001,1331,1,6,2,2
12123080001,1332,1,72,29,29
11062015001,1333,1,60,24,24
10022020001,1334,1,96,38,38
11050093001,1335,1,63,25,25
14631028001,1336,1,48,19,19
12010022001,1337,1,216,86,86
11110082001,1338,1,12,5,5
14304194001,1339,1,24,10,10
12102048001,1340,1,96,38,38
14204148001,1341,1,30,12,12
11032014002,1342,1,24,10,10
12011165001,1343,1,24,10,10
14312029001,1344,1,60,24,24
14200089001,1345,1,48,19,19
11030032001,1346,1,48,19,19
12105066001,1347,1,12,5,5
14312003001,1348,1,48,19,19
12005093007,1349,1,36,14,14
14804008001,1350,1,96,38,38
11022017001,1351,1,4,2,2
14303898001,1352,1,24,10,10
12010074001,1353,1,36,14,14
14620001001,1354,1,24,10,10
14351038001,1355,1,12,5,5
14311119001,1356,1,20,8,8
14244031001,1357,1,20,8,8
12011003001,1358,1,24,10,10
12010010001,1359,1,8,3,3
14741010001,1360,1,72,29,29
14311046001,1361,1,24,10,10
11111030001,1362,1,4,2,2
12000350001,1363,1,24,10,10
12105043002,1364,1,12,5,5
12123097001,1365,1,24,10,10
14633937001,1366,1,216,86,86
11103291001,1367,1,21,8,8
14012002001,1368,1,20,8,8
14011033001,1369,1,12,5,5
12110022001,1370,1,192,77,77
12122053001,1371,1,12,5,5
12106020001,1372,1,60,24,24
12102059001,1373,1,36,14,14
14506383001,1374,1,64,26,26
15020925001,1375,1,216,86,86
10011004001,1376,1,144,58,58
31476039001,1377,1,50,20,20
10041020001,1378,1,24,10,10
12120039001,1379,1,24,10,10
10033023001,1380,2,96,38,19
10033033001,1381,1,48,19,19
10904003001,1382,1,2,1,1
14001080001,1383,1,12,5,5
14241002001,1384,1,40,16,16
14226042001,1385,1,120,48,48
11061002001,1386,1,30,12,12
14510259001,1387,1,13,5,5
11041007001,1388,1,48,19,19
11111012001,1389,1,4,2,2
11041019001,1390,1,50,20,20
12106016002,1391,1,72,29,29
11103265001,1392,1,4,2,2
14000036001,1393,1,24,10,10
10035011001,1394,2,32,13,7
11071008001,1395,1,192,77,77
14631929001,1396,1,48,19,19
12106019001,1397,1,24,10,10
12120018001,1398,1,24,10,10
14332013001,1399,1,12,5,5
12002100001,1400,1,30,12,12
12003028001,1401,1,60,24,24
14601067001,1402,1,160,64,64
10030020001,1403,1,36,14,14
31502032004,1404,1,40,16,16
12000182001,1405,1,24,10,10
14632067001,1406,1,72,29,29
11103084001,1407,1,12,5,5
12000125001,1408,1,30,12,12
14511076001,1409,1,13,5,5
14362898001,1410,1,12,5,5
12000067001,1411,1,36,14,14
10024005001,1412,1,96,38,38
14101017001,1413,1,336,134,134
11074020001,1414,1,36,14,14
14010284001,1415,1,48,19,19
35301004001,1416,1,30,12,12
15023008001,1417,1,144,58,58
14505039001,1418,1,48,19,19
14621028001,1419,1,216,86,86
12011364001,1420,1,24,10,10
14832043001,1421,1,24,10,10
14822038001,1422,1,84,34,34
14832909001,1423,1,216,86,86
12011490001,1424,1,12,5,5
10032081001,1425,1,48,19,19
14506298001,1426,1,80,32,32
14611015001,1427,1,6,2,2
12023025001,1428,1,48,19,19
14506041001,1429,1,12,5,5
12011068001,1430,1,12,5,5
14243148001,1431,1,60,24,24
14621078001,1432,1,72,29,29
14225946001,1433,1,324,130,130
10023083001,1434,1,12,5,5
14303033001,1435,1,24,10,10
14602060001,1436,1,240,96,96
11050078001,1437,1,20,8,8
14201020001,1438,1,30,12,12
14312005001,1439,1,36,14,14
11050103001,1440,1,24,10,10
14507042001,1441,1,72,29,29
14200002001,1442,1,100,40,40
14220085001,1443,1,40,16,16
11110091001,1444,1,4,2,2
14833078001,1445,1,144,58,58
14204090001,1446,1,12,5,5
12102087001,1447,1,156,62,62
14730010001,1448,1,36,14,14
14204135001,1449,1,36,14,14
14603038001,1450,1,80,32,32
14615048001,1451,1,6,2,2
10040021001,1452,1,72,29,29
11010019001,1453,1,12,5,5
14602049001,1454,1,174,70,70
14502005001,1455,1,24,10,10
14500005001,1456,1,90,36,36
14603030001,1457,1,60,24,24
14602050001,1458,1,138,55,55
14200070001,1459,1,40,16,16
14200060001,1460,1,40,16,16
12103024001,1461,1,216,86,86
12103025001,1462,1,144,58,58
14111102001,1463,1,12,5,5
12100002001,1464,1,96,38,38
14830037001,1465,1,144,58,58
12020035001,1466,1,60,24,24
14111100001,1467,1,36,14,14
12103105001,1468,1,144,58,58
14362900001,1469,1,15,6,6
12122030001,1470,1,48,19,19
31420001001,1471,1,48,19,19
14000099001,1472,1,12,5,5
12212056001,1473,1,60,24,24
31423896001,1474,1,20,8,8
12211016001,1475,1,14,6,6
12123147001,1476,1,24,10,10
11103164001,1477,1,18,7,7
12105011001,1478,1,12,5,5
14103084001,1479,1,540,216,216
12105053001,1480,1,24,10,10
30052113002,1481,1,60,24,24
12106067001,1482,1,54,22,22
12120015001,1483,1,96,38,38
11103062001,1484,1,12,5,5
14001055001,1485,1,10,4,4
31827020001,1486,2,4,2,1
11022034001,1487,1,36,14,14
14822009001,1488,1,72,29,29
10023003001,1489,1,48,19,19
11022036001,1490,1,24,10,10
12005093005,1491,1,36,14,14
14312001001,1492,1,48,19,19
11030066001,1493,1,48,19,19
12010019001,1494,1,24,10,10
14805002001,1495,1,96,38,38
12003098001,1496,1,45,18,18
65106084001,1497,1,30,12,12
10002051001,1498,1,12,5,5
14300057001,1499,1,48,19,19
14300070001,1500,1,24,10,10
12000351001,1501,1,24,10,10
11030018001,1502,1,36,14,14
11022024001,1503,1,24,10,10
31501904001,1504,1,60,24,24
14631948001,1505,1,72,29,29
12000361001,1506,1,45,18,18
12123055001,1507,1,8,3,3
14523107001,1508,1,49,20,20
14600022001,1509,1,72,29,29
10023110001,1510,1,18,7,7
11104001001,1511,1,6,2,2
12121085001,1512,1,36,14,14
12122014001,1513,1,48,19,19
12020324001,1514,1,126,50,50
12130016001,1515,2,12,5,3
14615061001,1516,1,4,2,2
12011374001,1517,1,24,10,10
12011238001,1518,1,6,2,2
12011115001,1519,1,24,10,10
12001043001,1520,1,48,19,19
32410035001,1521,1,200,80,80
12103170001,1522,1,216,86,86
11110079001,1523,1,36,14,14
12003077001,1524,1,45,18,18
12102026001,1525,1,96,38,38
12102020001,1526,1,144,58,58
31422898001,1527,1,48,19,19
14300002001,1528,1,40,16,16
11032222001,1529,1,12,5,5
14243028001,1530,1,20,8,8
10022006001,1531,1,144,58,58
10021040001,1532,1,24,10,10
14222011001,1533,1,640,256,256
14210058001,1534,1,80,32,32
14210027001,1535,1,60,24,24
14204073001,1536,1,24,10,10
14303040001,1537,1,24,10,10
14506021001,1538,1,60,24,24
14801020001,1539,1,120,48,48
11022003001,1540,1,24,10,10
14352028001,1541,1,16,6,6
14341068001,1542,1,72,29,29
14312015001,1543,1,84,34,34
11050078002,1544,1,20,8,8
11074007001,1545,1,36,14,14
14023202001,1546,1,42,17,17
14022119001,1547,1,32,13,13
14512015001,1548,1,16,6,6
14632103001,1549,1,84,34,34
31421035001,1550,1,48,19,19
12153015001,1551,1,48,19,19
10040056001,1552,2,24,10,5
11050053001,1553,1,24,10,10
10014212001,1554,1,24,10,10
11062006001,1555,1,18,7,7
11070015001,1556,1,24,10,10
14202011001,1557,1,30,12,12
10052015001,1558,1,24,10,10
10002038001,1559,1,12,5,5
33551909001,1560,1,4,2,2
32431035001,1561,1,24,10,10
10002078001,1562,1,12,5,5
14632044001,1563,1,36,14,14
10022012001,1564,1,120,48,48
10014106001,1565,1,48,19,19
31502034003,1566,1,30,12,12
15023001001,1567,1,72,29,29
31502012001,1568,1,40,16,16
10014073001,1569,1,96,38,38
31564005001,1570,1,36,14,14
14832931001,1571,1,192,77,77
31255005001,1572,1,75,30,30
11110078002,1573,1,30,12,12
14225016001,1574,1,240,96,96
11110078001,1575,1,30,12,12
12120024001,1576,1,72,29,29
14213092001,1577,1,12,5,5
12011403001,1578,1,24,10,10
14310139001,1579,1,24,10,10
12011427001,1580,1,12,5,5
11030010001,1581,1,110,44,44
14332007001,1582,1,6,2,2
12011484001,1583,1,12,5,5
14321011001,1584,1,96,38,38
14311093001,1585,1,18,7,7
12020117001,1586,1,84,34,34
12327025001,1587,1,5,2,2
14304009001,1588,1,24,10,10
14303897001,1589,1,24,10,10
14302072001,1590,1,24,10,10
12123092001,1591,1,54,22,22
11074031001,1592,1,36,14,14
11075003001,1593,1,24,10,10
11100003001,1594,1,4,2,2
14001150001,1595,1,12,5,5
12123056001,1596,1,72,29,29
12123020001,1597,1,24,10,10
12121028001,1598,1,72,29,29
12121065001,1599,1,83,33,33
11050102001,1600,1,24,10,10
12121067001,1601,1,57,23,23
11061030001,1602,1,90,36,36
11061032001,1603,1,90,36,36
12000359001,1604,1,24,10,10
14604027001,1605,1,216,86,86
11020012001,1606,1,36,14,14
14507087001,1607,1,96,38,38
14603026001,1608,1,120,48,48
14506171001,1609,1,60,24,24
11112007001,1610,1,96,38,38
14602044001,1611,1,174,70,70
12011257001,1612,1,24,10,10
14361902001,1613,1,24,10,10
14512035001,1614,1,13,5,5
12011235001,1615,1,24,10,10
10031015001,1616,1,48,19,19
12121072001,1617,1,36,14,14
12122045001,1618,1,24,10,10
12212044001,1619,1,61,24,24
12212008001,1620,1,216,86,86
11103314001,1621,1,48,19,19
12201107001,1622,7,21,8,2
12000207001,1623,1,24,10,10
34511049001,1624,1,8,3,3
12123101001,1625,1,8,3,3
12121037001,1626,1,48,19,19
12100091001,1627,1,132,53,53
31644022001,1628,1,48,19,19
31533003001,1629,1,30,12,12
12020500001,1630,1,144,58,58
11112004001,1631,1,6,2,2
12020003001,1632,1,102,41,41
12011426001,1633,1,12,5,5
31531047001,1634,1,24,10,10
12010040001,1635,1,48,19,19
31502010001,1636,1,30,12,12
31531021001,1637,1,160,64,64
12105059001,1638,1,42,17,17
12010118001,1639,1,24,10,10
12103016001,1640,1,240,96,96
14370077001,1641,1,60,24,24
14740050001,1642,1,24,10,10
14740016001,1643,1,24,10,10
11010060001,1644,1,12,5,5
14730008001,1645,1,36,14,14
14361074001,1646,1,12,5,5
10022024001,1647,1,144,58,58
14321009001,1648,1,120,48,48
11030095001,1649,1,48,19,19
11030006001,1650,1,48,19,19
14342007001,1651,1,96,38,38
14350011001,1652,1,18,7,7
14720022001,1653,1,100,40,40
14604038001,1654,1,174,70,70
10032007001,1655,1,48,19,19
10031009001,1656,1,48,19,19
11010022001,1657,1,12,5,5
10023041001,1658,1,72,29,29
14506411001,1659,1,20,8,8
14509017001,1660,1,80,32,32
10034018001,1661,1,12,5,5
14852064001,1662,1,72,29,29
14852005001,1663,1,72,29,29
14110270001,1664,1,5,2,2
11061054001,1665,1,48,19,19
11074046001,1666,1,100,40,40
14204198001,1667,1,40,16,16
11040060001,1668,1,36,14,14
14241078001,1669,1,40,16,16
14242013001,1670,1,50,20,20
11040018001,1671,1,24,10,10
14244046001,1672,1,30,12,12
14300003001,1673,1,24,10,10
14240008001,1674,1,12,5,5
14210029001,1675,1,48,19,19
14833045001,1676,1,80,32,32
14213055001,1677,1,24,10,10
14227001001,1678,1,12,5,5
14223171001,1679,1,60,24,24
14242044001,1680,1,20,10,10
11074059001,1681,1,72,36,36
14244005001,1682,1,12,6,6
14244935001,1683,1,12,6,6
14300021001,1684,1,60,30,30
14300113001,1685,1,45,22,22
14301110001,1686,1,36,18,18
14303021001,1687,1,12,6,6
14304062001,1688,1,36,18,18
11072036001,1689,1,48,24,24
14311075001,1690,1,36,18,18
11071005001,1691,1,1020,510,510
14312017001,1692,1,36,18,18
11070018001,1693,1,24,12,12
14320899001,1694,1,30,15,15
14331013001,1695,1,8,4,4
14240007001,1696,1,20,10,10
14225933001,1697,1,324,162,162
14632385001,1698,1,84,42,42
14204100001,1699,1,60,30,30
11103115001,1700,1,4,2,2
11103102002,1701,1,4,2,2
11103102001,1702,1,4,2,2
11103068001,1703,1,6,3,3
14201003001,1704,1,20,10,10
14203005001,1705,1,20,10,10
14203055001,1706,1,30,15,15
14204067001,1707,1,32,16,16
14210025001,1708,1,105,52,52
11102017001,1709,1,40,20,20
14210084001,1710,1,12,6,6
11101044001,1711,1,54,27,27
14210135001,1712,1,48,24,24
14213008001,1713,1,36,18,18
14222001001,1714,1,30,15,15
14225029001,1715,1,636,318,318
14331997001,1716,1,6,3,3
14612925001,1717,1,72,36,36
14520044001,1718,1,12,6,6
14601032001,1719,1,48,24,24
11032221001,1720,1,24,12,12
11032015001,1721,1,60,30,30
14604033001,1722,1,174,87,87
14611009001,1723,1,12,6,6
11031049001,1724,1,60,30,30
14613939001,1725,1,24,12,12
14614001001,1726,1,12,6,6
14615016001,1727,1,96,48,48
14615898001,1728,1,12,6,6
14616060001,1729,1,36,18,18
11030195001,1730,1,72,36,36
11030183002,1731,1,60,30,30
14620178001,1732,1,48,24,24
14512025001,1733,1,13,6,6
14510213001,1734,1,13,6,6
11061028001,1735,1,112,56,56
14341019001,1736,1,72,36,36
14352003001,1737,1,24,12,12
14352076001,1738,1,12,6,6
14352093001,1739,1,24,12,12
14352999001,1740,1,20,10,10
11051004001,1741,1,24,12,12
14360001001,1742,1,24,12,12
14505035001,1743,1,8,4,4
14505913001,1744,1,8,4,4
14505996001,1745,1,8,4,4
14506057001,1746,1,96,48,48
14506393001,1747,1,12,6,6
14507061001,1748,1,72,36,36
14023200001,1749,1,42,21,21
12100103001,1750,1,120,60,60
12001059001,1751,1,36,18,18
12020901001,1752,1,84,42,42
12020927001,1753,1,50,25,25
12022043001,1754,1,102,51,51
12034094001,1755,1,36,18,18
12000480001,1756,1,24,12,12
12105021001,1757,1,24,12,12
12102136001,1758,1,150,75,75
12102153001,1759,1,150,75,75
12103029001,1760,1,144,72,72
12103031001,1761,1,132,66,66
12103040001,1762,1,72,36,36
12103089001,1763,1,144,72,72
12000261001,1764,1,24,12,12
12001077001,1765,1,24,12,12
12005082007,1766,1,57,28,28
12010051001,1767,1,32,16,16
12011051001,1768,1,12,6,6
12011063001,1769,1,24,12,12
12011120001,1770,1,12,6,6
12002949001,1771,1,45,22,22
12011264001,1772,1,24,12,12
12011282001,1773,1,24,12,12
12011326001,1774,1,12,6,6
12011351001,1775,1,12,6,6
12002062001,1776,1,24,12,12
12012164001,1777,1,48,24,24
12002010001,1778,1,24,12,12
12012196001,1779,1,144,72,72
12000260001,1780,1,42,21,21
12000221001,1781,1,36,18,18
14013006001,1782,1,12,6,6
12123129001,1783,1,71,36,36
12151094001,1784,1,24,12,12
12212037001,1785,1,288,144,144
12212060001,1786,1,16,8,8
12234036001,1787,1,2,1,1
11103283001,1788,1,12,6,6
12327009001,1789,1,120,60,60
12105063001,1790,1,80,40,40
11103244001,1791,1,8,4,4
12327026001,1792,1,6,3,3
11103233001,1793,1,4,2,2
14000120001,1794,1,12,6,6
14001043001,1795,1,12,6,6
11103152001,1796,1,4,2,2
14010283001,1797,1,48,24,24
12123068001,1798,1,24,12,12
11110065001,1799,1,4,2,2
12000191001,1800,1,36,18,18
12112025001,1801,1,84,42,42
12120033001,1802,1,73,36,36
12120086001,1803,1,96,48,48
12120089001,1804,1,72,36,36
12121070001,1805,1,32,16,16
12121103001,1806,1,72,36,36
11112021001,1807,1,93,46,46
12122012001,1808,1,24,12,12
12122019001,1809,1,36,18,18
12122023002,1810,1,24,12,12
11111008001,1811,1,12,6,6
11110087002,1812,1,12,6,6
12123017001,1813,1,37,18,18
14632080001,1814,1,48,24,24
12005003002,1815,1,60,30,30
10034041001,1816,1,48,24,24
11010045001,1817,1,6,3,3
31501907002,1818,1,30,15,15
14720029001,1819,1,48,24,24
31628003001,1820,1,36,18,18
14804009001,1821,1,96,48,48
14833065001,1822,1,120,60,60
14833069001,1823,1,36,18,18
14833082001,1824,1,144,72,72
31504015001,1825,1,12,6,6
14850019001,1826,1,4,2,2
31607015001,1827,1,144,72,72
31423009001,1828,1,60,30,30
11022056001,1829,1,24,12,12
14850197001,1830,1,10,5,5
14833037001,1831,1,36,18,18
10053904001,1832,1,72,36,36
31500012001,1833,1,72,36,36
14830013001,1834,1,144,72,72
31422013001,1835,1,48,24,24
32502011001,1836,2,48,24,12
10014132001,1837,1,48,24,24
31821065001,1838,1,4,2,2
14740003001,1839,1,24,12,12
10033029001,1840,1,48,24,24
11021025001,1841,1,24,12,12
10023124001,1842,1,5,2,2
31254009001,1843,1,120,60,60
10013004001,1844,1,48,24,24
10040031001,1845,1,24,12,12
10002918001,1846,1,12,6,6
10022010001,1847,1,144,72,72
15022019001,1848,1,96,48,48
14853061001,1849,1,40,20,20
31567030001,1850,1,8,4,4
14633036001,1851,1,72,36,36
42014003001,1852,1,60,30,30
14633108001,1853,1,72,36,36
11022087001,1854,1,12,6,6
11020003001,1855,1,12,6,6
10022915001,1856,1,120,60,60
10021023001,1857,1,48,24,24
10010027001,1858,2,528,264,132
10040014001,1859,1,48,24,24
14852020001,1860,1,96,48,48
11020013001,1861,1,24,12,12
12000035001,1862,1,36,18,18
12121066001,1863,1,48,24,24
12210021001,1864,5,20,10,2
12123140001,1865,1,60,30,30
10023068001,1866,1,8,4,4
12123018001,1867,1,50,25,25
31530003001,1868,1,192,96,96
12122902001,1869,1,24,12,12
12122040001,1870,1,48,24,24
10023031001,1871,1,12,6,6
12122035001,1872,1,36,18,18
31532003001,1873,1,180,90,90
31501013001,1874,1,20,10,10
11110079004,1875,1,36,18,18
10023991001,1876,1,12,6,6
11030016001,1877,1,24,12,12
14110067001,1878,1,12,6,6
14111079001,1879,1,24,12,12
14111107001,1880,1,12,6,6
14121131001,1881,1,24,12,12
14132131001,1882,1,12,6,6
10040012001,1883,1,24,12,12
14132231001,1884,1,24,12,12
14133013001,1885,1,12,6,6
14200061001,1886,1,40,20,20
30003001001,1887,1,144,72,72
14203065001,1888,1,40,20,20
30000049001,1889,1,420,210,210
10041001001,1890,1,24,12,12
11102013001,1891,1,48,24,24
14210127001,1892,1,24,12,12
14853067001,1893,1,40,20,20
10041038001,1894,1,48,24,24
10041052001,1895,1,48,24,24
14853009001,1896,1,144,72,72
11100107001,1897,1,4,2,2
10040001001,1898,2,24,12,6
11103283002,1899,1,12,6,6
14104013001,1900,1,15,8,8
10031003001,1901,1,48,24,24
11103252001,1902,1,8,4,4
11103244003,1903,1,4,2,2
10032004001,1904,1,48,24,24
12327035001,1905,1,6,3,3
31420003001,1906,1,30,15,15
12327059001,1907,1,5,2,2
31253004001,1908,1,60,30,30
14002014001,1909,1,8,4,4
30045058002,1910,1,48,24,24
14103073001,1911,1,36,18,18
12327052001,1912,1,12,6,6
12121010001,1913,1,72,36,36
12012145001,1914,1,168,84,84
12011285001,1915,1,36,18,18
41234002001,1916,1,6,3,3
12011350001,1917,1,12,6,6
12011355001,1918,1,24,12,12
12011402001,1919,1,24,12,12
12012022001,1920,1,48,24,24
12002021001,1921,1,30,15,15
32517006001,1922,1,10,5,5
35751018001,1923,1,36,18,18
12002003001,1924,1,24,12,12
12014028001,1925,1,72,36,36
12016113001,1926,1,168,84,84
10014041001,1927,1,48,24,24
12020078001,1928,1,96,48,48
12001083001,1929,1,48,24,24
12020196001,1930,1,48,24,24
12020248001,1931,1,96,48,48
12011265001,1932,1,24,12,12
12011243001,1933,1,12,6,6
12005056001,1934,1,120,60,60
12005056004,1935,1,120,60,60
65106036001,1936,1,42,21,21
12010052001,1937,1,72,36,36
12010060001,1938,1,144,72,72
12010103001,1939,1,48,24,24
12010172001,1940,1,36,18,18
12010897001,1941,1,228,114,114
12011014001,1942,1,24,12,12
12011032001,1943,1,48,24,24
12011060001,1944,1,24,12,12
12011105001,1945,1,24,12,12
41522089001,1946,2,2,1,1
12003039001,1947,1,60,30,30
12011171001,1948,1,12,6,6
12003006001,1949,1,60,30,30
12011196001,1950,1,24,12,12
12020423001,1951,1,168,84,84
12121009001,1952,1,24,12,12
12000140001,1953,1,48,24,24
31707055001,1954,1,24,12,12
12105051001,1955,1,36,18,18
12105055001,1956,1,24,12,12
12106038001,1957,1,24,12,12
12106061001,1958,1,144,72,72
12000165001,1959,1,24,12,12
12106087001,1960,1,54,27,27
12106098001,1961,1,48,24,24
12110029001,1962,1,48,24,24
12111074001,1963,1,90,45,45
12000118001,1964,1,36,18,18
31568007001,1965,1,48,24,24
12120004001,1966,1,72,36,36
14852043001,1967,1,72,36,36
10022009001,1968,1,24,12,12
12120026001,1969,1,38,19,19
12120045001,1970,1,16,8,8
12120072001,1971,1,72,36,36
31707075001,1972,1,144,72,72
12104050001,1973,1,72,36,36
12000241001,1974,1,45,22,22
32504043005,1975,1,36,18,18
12020923001,1976,1,96,48,48
12001038001,1977,1,24,12,12
12000999001,1978,1,45,22,22
12101005001,1979,1,96,48,48
12101016001,1980,1,384,192,192
12102006001,1981,1,80,40,40
12102029001,1982,1,84,42,42
12102031001,1983,1,96,48,48
12102067001,1984,1,144,72,72
12102091001,1985,1,156,78,78
12102112002,1986,1,60,30,30
12102132001,1987,1,144,72,72
12103012001,1988,1,144,72,72
12103073001,1989,1,40,20,20
14225035001,1990,1,576,288,288
11022041001,1991,1,24,12,12
11031924001,1992,1,24,12,12
14340008001,1993,1,72,36,36
11010059001,1994,1,12,6,6
11061015001,1995,1,80,40,40
11061009001,1996,1,120,60,60
11061003001,1997,1,20,10,10
14820004001,1998,1,72,36,36
14342021001,1999,1,72,36,36
11032026001,2000,1,24,12,12
14822044001,2001,1,96,48,48
14330015001,2002,1,6,3,3
14830018001,2003,1,216,108,108
14604042001,2004,1,216,108,108
14311235001,2005,1,24,12,12
14312016001,2006,1,15,8,8
11031011001,2007,1,96,48,48
14700077001,2008,1,40,20,20
14313021001,2009,1,30,15,15
14612916001,2010,1,24,12,12
14313891001,2011,1,30,15,15
11070030001,2012,1,60,30,30
14711008001,2013,1,48,24,24
14352014001,2014,1,36,18,18
14730016001,2015,1,36,18,18
14505065001,2016,1,96,48,48
11050010001,2017,1,8,4,4
11041014001,2018,1,72,36,36
14506329001,2019,1,36,18,18
11042029001,2020,1,24,12,12
14502069001,2021,1,18,9,9
14511071001,2022,1,13,6,6
11051011001,2023,1,72,36,36
14805066001,2024,1,96,48,48
14600026001,2025,1,216,108,108
11051003001,2026,1,96,48,48
14805063001,2027,1,96,48,48
14412037001,2028,1,24,12,12
14522043001,2029,1,132,66,66
14361070001,2030,1,12,6,6
14370010001,2031,1,24,12,12
11071035001,2032,1,24,12,12
14311071001,2033,1,20,10,10
14303899001,2034,1,24,12,12
14832024001,2035,1,60,30,30
14310062001,2036,1,352,176,176
14852009001,2037,1,96,48,48
14240010001,2038,1,6,3,3
14632117001,2039,1,60,30,30
14310048001,2040,1,12,6,6
14243094001,2041,1,60,30,30
14242126001,2042,1,20,10,10
14243009001,2043,1,60,30,30
14632002001,2044,1,72,36,36
14851014001,2045,1,4,2,2
11030198003,2046,1,36,18,18
14615063001,2047,1,30,15,15
14632155001,2048,1,60,30,30
11030024001,2049,1,108,54,54
14226019001,2050,1,390,195,195
14851004001,2051,1,2,1,1
14310209001,2052,1,36,18,18
32600036001,2053,1,10,5,5
14631022001,2054,1,180,90,90
35302003001,2055,1,24,12,12
14621022001,2056,1,48,24,24
12010107001,2057,1,300,150,150
14512023001,2058,1,13,6,6
14631949001,2059,1,72,36,36
14731005001,2060,1,10,5,5
12010105001,2061,1,300,150,150
14524043001,2062,1,24,12,12
12020920001,2063,1,96,48,48
14631100001,2064,1,72,36,36
35301003001,2065,1,24,12,12
12020498001,2066,1,72,36,36
12021969001,2067,1,50,25,25
32504025002,2068,1,60,30,30
14509024001,2069,1,12,6,6
12101040002,2070,1,96,48,48
12022109001,2071,1,144,72,72
12102024001,2072,1,48,24,24
14506647001,2073,1,24,12,12
14741026001,2074,1,48,24,24
14741028001,2075,1,48,24,24
12100093001,2076,1,12,6,6
12100092001,2077,1,12,6,6
12100059001,2078,1,96,48,48
12100054001,2079,1,108,54,54
12100020001,2080,1,72,36,36
14510288001,2081,1,13,6,6
32504025005,2082,1,36,18,18
12005108001,2083,1,36,18,18
12010025001,2084,1,70,35,35
12020057001,2085,1,48,24,24
41212916001,2086,1,6,3,3
14611014001,2087,1,9,4,4
12011329001,2088,1,12,6,6
14711001001,2089,1,36,18,18
12011338001,2090,1,24,12,12
14620007001,2091,1,36,18,18
14604080001,2092,1,40,20,20
12011100001,2093,1,24,12,12
12011360001,2094,1,24,12,12
41100017001,2095,1,4,2,2
32431010001,2096,1,128,64,64
12011376001,2097,1,36,18,18
12011416001,2098,1,12,6,6
12011267001,2099,1,12,6,6
14701012001,2100,1,36,18,18
12011178001,2101,1,24,12,12
12011156001,2102,1,24,12,12
41414006001,2103,1,128,64,64
12011153001,2104,1,24,12,12
12011198001,2105,1,36,18,18
41332022001,2106,1,1,1,1
12011216001,2107,1,36,18,18
14620028001,2108,1,24,12,12
12010124001,2109,1,48,24,24
12011007001,2110,1,24,12,12
12010254001,2111,1,144,72,72
12010200001,2112,1,72,36,36
12011175001,2113,1,48,24,24
35302040001,2114,1,24,12,12
12020167001,2115,1,96,48,48
14620171001,2116,1,60,30,30
14620081001,2117,1,12,6,6
14620072001,2118,1,36,18,18
12011096001,2119,1,12,6,6
60014001010,2120,1,16,8,8
14633031001,2121,1,360,180,180
61062008002,2122,1,108,54,54
61064105003,2123,1,132,66,66
35750013001,2124,1,36,18,18
14852031001,2125,1,96,48,48
14001070001,2126,1,12,6,6
12234038001,2127,1,2,1,1
12320176001,2128,1,228,114,114
14311898001,2129,1,18,9,9
12327016001,2130,1,6,3,3
14311258001,2131,1,20,10,10
14311220001,2132,1,18,9,9
14311066001,2133,1,24,12,12
14311041001,2134,1,12,6,6
12327077001,2135,1,8,4,4
14632246001,2136,1,144,72,72
14000023001,2137,1,40,20,20
31403064001,2138,1,6,3,3
31423013001,2139,1,96,48,48
12201122001,2140,1,39,20,20
12153016001,2141,1,48,24,24
12201072001,2142,1,33,16,16
12201096001,2143,2,66,33,17
12201111001,2144,1,144,72,72
12211013001,2145,1,14,7,7
12212001001,2146,1,216,108,108
12212003001,2147,1,32,16,16
12212013001,2148,1,216,108,108
31472025001,2149,1,24,12,12
12212018001,2150,1,216,108,108
14001044001,2151,1,30,15,15
14310052001,2152,1,24,12,12
30005001001,2153,1,2400,1200,1200
30001002001,2154,1,336,168,168
14204103001,2155,1,60,30,30
14204127001,2156,1,40,20,20
14210045001,2157,1,36,18,18
15020911001,2158,1,24,12,12
14210137001,2159,1,18,9,9
14853013001,2160,1,240,120,120
14225030001,2161,1,636,318,318
31250003001,2162,1,144,72,72
31225014001,2163,1,192,96,96
14304064001,2164,1,36,18,18
30073017001,2165,1,24,12,12
14850020001,2166,1,3,2,2
14110007001,2167,1,12,6,6
14851003001,2168,2,6,3,2
12151092001,2169,1,24,12,12
14822104001,2170,1,240,120,120
14822053001,2171,1,72,36,36
14505958001,2172,1,120,60,60
12105043001,2173,1,12,6,6
14505947001,2174,1,8,4,4
14742048001,2175,1,24,12,12
14505052001,2176,1,48,24,24
12106012001,2177,1,18,9,9
14500053001,2178,1,90,45,45
14411015001,2179,1,6,3,3
12106063001,2180,1,144,72,72
12106070001,2181,1,24,12,12
12106073001,2182,1,36,18,18
14362901001,2183,1,15,8,8
12106999001,2184,1,24,12,12
14506366001,2185,1,60,30,30
32410022001,2186,1,280,140,140
14506349001,2187,1,24,12,12
12103047001,2188,1,144,72,72
12104001001,2189,1,228,114,114
12103099001,2190,1,144,72,72
12103150001,2191,1,324,162,162
12103160001,2192,1,192,96,96
12103183001,2193,1,216,108,108
14506043001,2194,1,24,12,12
14361170001,2195,1,24,12,12
14361054001,2196,1,12,6,6
14351057001,2197,1,24,12,12
31532059001,2198,1,80,40,40
14351059001,2199,1,18,9,9
14332018001,2200,1,6,3,3
12123025001,2201,1,96,48,48
14822037001,2202,1,72,36,36
12123060001,2203,1,12,6,6
12123090001,2204,1,24,12,12
12123109001,2205,1,18,9,9
12123112001,2206,1,48,24,24
14351069001,2207,1,18,9,9
12120064001,2208,1,108,54,54
14805003001,2209,1,96,48,48
12120027001,2210,1,38,19,19
14353047001,2211,1,12,6,6
14353016001,2212,1,12,6,6
12121051001,2213,1,48,24,24
31567037001,2214,1,24,12,12
14805900001,2215,1,96,48,48
14352031001,2216,1,24,12,12
12121027001,2217,1,36,18,18
12100009001,2218,1,144,72,72
65111095001,2219,1,12,6,6
12002948001,2220,1,45,22,22
11074014001,2221,1,70,35,35
10034031001,2222,1,48,24,24
10035037001,2223,1,48,24,24
11030128001,2224,1,84,42,42
11072030001,2225,1,24,12,12
12000288001,2226,1,36,18,18
12000298001,2227,1,24,12,12
10035046001,2228,1,48,24,24
11071030001,2229,1,144,72,72
12000366001,2230,1,36,18,18
11061055001,2231,1,24,12,12
11103049001,2232,1,8,4,4
12000114001,2233,1,36,18,18
11103001002,2234,1,4,2,2
11101023001,2235,1,12,6,6
11101021001,2236,1,12,6,6
10022910001,2237,1,96,48,48
11100103001,2238,1,4,2,2
10023073001,2239,1,30,15,15
11076938001,2240,1,240,120,120
12000215001,2241,1,56,28,28
11074060005,2242,1,100,50,50
12000228001,2243,1,24,12,12
11040029002,2244,1,24,12,12
11040017001,2245,1,24,12,12
11032224001,2246,1,24,12,12
12001057001,2247,1,36,18,18
11031942001,2248,1,36,18,18
11031916001,2249,1,60,30,30
11031033001,2250,1,72,36,36
12001090001,2251,1,48,24,24
11031022001,2252,1,60,30,30
11030096001,2253,1,36,18,18
11022058001,2254,1,24,12,12
12001999001,2255,1,36,18,18
10100222001,2256,1,96,48,48
11050108001,2257,1,24,12,12
11010018001,2258,1,12,6,6
11050074001,2259,1,12,6,6
11010035001,2260,1,6,3,3
12002014001,2261,1,84,42,42
11050063001,2262,1,12,6,6
11050062001,2263,1,24,12,12
11050052001,2264,1,24,12,12
11050036001,2265,1,10,5,5
11050010002,2266,1,8,4,4
11050006001,2267,1,36,18,18
12001031001,2268,1,96,48,48
12001084001,2269,1,18,9,9
10014005001,2270,1,72,36,36
11103201001,2271,1,6,3,3
10012008001,2272,1,192,96,96
10010007001,2273,1,126,63,63
11110016001,2274,1,4,2,2
12004160001,2275,1,48,24,24
11103253001,2276,1,8,4,4
10002026001,2277,1,36,18,18
10002013001,2278,1,96,48,48
11103365001,2279,1,8,4,4
11103130002,2280,1,8,4,4
10012002001,2281,1,48,24,24
12150039001,2282,1,36,18,18
12000103001,2283,1,24,12,12
11050065003,2284,1,12,6,6
14412060001,2285,1,18,9,9
14411023001,2286,1,6,3,3
12151091001,2287,1,12,6,6
14509009001,2288,1,20,10,10
12022153001,2289,1,60,30,30
14508022001,2290,1,24,12,12
14506488001,2291,1,12,6,6
11041999004,2292,1,50,25,25
14203099001,2293,1,24,12,12
11043012001,2294,1,36,18,18
12327056001,2295,1,120,60,60
11051012001,2296,1,48,24,24
12034211001,2297,1,20,10,10
12100008001,2298,1,96,48,48
12125003001,2299,1,154,77,77
11051031001,2300,1,24,12,12
12034154001,2301,1,558,279,279
12034095001,2302,1,36,18,18
12125030001,2303,1,128,64,64
12032226001,2304,1,528,264,264
12032227001,2305,1,192,96,96
11050094001,2306,1,31,16,16
12001027001,2307,1,27,14,14
12032543001,2308,1,168,84,84
14361117001,2309,1,24,12,12
14361051001,2310,1,12,6,6
14360016001,2311,1,48,24,24
12125028001,2312,1,96,48,48
11050129002,2313,1,24,12,12
12034085001,2314,1,78,39,39
11103884002,2315,1,6,3,3
12320018001,2316,1,228,114,114
12100056001,2317,1,96,48,48
12302120001,2318,1,108,54,54
12020271001,2319,1,72,36,36
14613017001,2320,1,18,9,9
14612946001,2321,1,24,12,12
12233034001,2322,1,2,1,1
14612031001,2323,1,48,24,24
11103354001,2324,1,12,6,6
12020372001,2325,1,108,54,54
11031911001,2326,1,36,18,18
14133928001,2327,1,18,9,9
12211023001,2328,1,4,2,2
11030204001,2329,1,132,66,66
12001079001,2330,1,42,21,21
12020217001,2331,1,72,36,36
12020220001,2332,1,48,24,24
14616044001,2333,1,36,18,18
12001068001,2334,1,24,12,12
14616020001,2335,1,84,42,42
12212009001,2336,1,216,108,108
14615896001,2337,1,6,3,3
12020246001,2338,1,72,36,36
12234901001,2339,1,3,2,2
12201097001,2340,1,33,16,16
12201046001,2341,1,33,16,16
11103387001,2342,1,18,9,9
12001048001,2343,1,96,48,48
12152062001,2344,1,48,24,24
14511034001,2345,1,13,6,6
12302118001,2346,1,108,54,54
11040062001,2347,1,24,12,12
14510215001,2348,1,13,6,6
11040004001,2349,1,36,18,18
14601899001,2350,1,240,120,120
12020914001,2351,1,84,42,42
14602110001,2352,1,252,126,126
14602099001,2353,1,252,126,126
11032006001,2354,1,12,6,6
12021028001,2355,1,96,48,48
14602074001,2356,1,138,69,69
11032031001,2357,1,48,24,24
12000505001,2358,1,36,18,18
12105010001,2359,1,48,24,24
14011035001,2360,1,30,15,15
12105014001,2361,1,80,40,40
12121006002,2362,1,48,24,24
14242068001,2363,1,30,15,15
14013963001,2364,1,12,6,6
12122036001,2365,1,36,18,18
14243069001,2366,1,60,30,30
11074022001,2367,1,36,18,18
14002008001,2368,1,12,6,6
11110079003,2369,1,36,18,18
12123001001,2370,1,12,6,6
11103153001,2371,1,30,15,15
12103899001,2372,1,144,72,72
11103147001,2373,1,21,10,10
14244074001,2374,1,36,18,18
14243110001,2375,1,36,18,18
14226116001,2376,1,96,48,48
14213028001,2377,1,105,52,52
12121029001,2378,1,24,12,12
14210899001,2379,1,6,3,3
14210064001,2380,1,36,18,18
14210047001,2381,1,36,18,18
11103091001,2382,1,24,12,12
12110037001,2383,1,72,36,36
14220155001,2384,1,80,40,40
12000194001,2385,1,84,42,42
12000200001,2386,1,48,24,24
12000018001,2387,1,45,22,22
11100004001,2388,1,4,2,2
12121062001,2389,1,48,24,24
12106007001,2390,1,48,24,24
14222045001,2391,1,120,60,60
12121060001,2392,1,83,42,42
12106055001,2393,1,24,12,12
14222119001,2394,1,90,45,45
12102097001,2395,1,144,72,72
14321008001,2396,1,72,36,36
11070012001,2397,1,24,12,12
14315002001,2398,1,48,24,24
12102060001,2399,1,156,78,78
12123098001,2400,1,36,18,18
11103193001,2401,1,16,8,8
12102033001,2402,1,96,48,48
14313892001,2403,1,30,15,15
14313008001,2404,1,30,15,15
12123084001,2405,1,16,8,8
12000349001,2406,1,48,24,24
12000445001,2407,1,24,12,12
11110022001,2408,1,60,30,30
14342020001,2409,1,48,24,24
12102030001,2410,1,120,60,60
12000069001,2411,1,36,18,18
11061054002,2412,1,48,24,24
14110179001,2413,1,24,12,12
12123070001,2414,1,54,27,27
12102144001,2415,1,144,72,72
11072905001,2416,1,24,12,12
14310127001,2417,1,24,12,12
11103188001,2418,1,12,6,6
14310054001,2419,1,40,20,20
14001143001,2420,1,24,12,12
14310030001,2421,1,12,6,6
14310003001,2422,1,40,20,20
11110045001,2423,1,16,8,8
11071899001,2424,1,24,12,12
12000115001,2425,1,36,18,18
12000047001,2426,1,48,24,24
12102997001,2427,1,156,78,78
11103008001,2428,1,4,2,2
12103020001,2429,1,192,96,96
10000006001,2430,1,96,48,48
14601016001,2431,1,20,10,10
12011240001,2432,1,30,15,15
12011220001,2433,1,12,6,6
12011226001,2434,1,24,12,12
12011228001,2435,1,12,6,6
12011233001,2436,1,24,12,12
12011239001,2437,1,36,18,18
12002155001,2438,1,27,14,14
12002124001,2439,1,24,12,12
12011273001,2440,1,12,6,6
10035052001,2441,1,96,48,48
10040017001,2442,1,24,12,12
14620061001,2443,1,36,18,18
31268003001,2444,1,384,192,192
12003055001,2445,1,36,18,18
12011116001,2446,1,24,12,12
10024900001,2447,1,120,60,60
31254899001,2448,1,180,90,90
31240002001,2449,1,48,24,24
31111007001,2450,1,444,222,222
12002024001,2451,1,24,12,12
14851018001,2452,1,7,4,4
12011467001,2453,1,24,12,12
10053903001,2454,1,72,36,36
14850123001,2455,1,4,2,2
11002007001,2456,1,108,54,54
11010002001,2457,1,24,12,12
12012045001,2458,1,78,39,39
14832948001,2459,1,40,20,20
11010012001,2460,1,12,6,6
12012072001,2461,1,132,66,66
10052002001,2462,1,24,12,12
14853048001,2463,1,120,60,60
12011340001,2464,1,6,3,3
14853039001,2465,1,144,72,72
14852015001,2466,1,96,48,48
14852899001,2467,1,96,48,48
14852898001,2468,1,96,48,48
12011388001,2469,1,48,24,24
14852019001,2470,1,288,144,144
12011391001,2471,1,48,24,24
14852016001,2472,1,288,144,144
12011103001,2473,1,30,15,15
31455016001,2474,1,444,222,222
12005082016,2475,1,57,28,28
41313936001,2476,1,6,3,3
35311004001,2477,1,48,24,24
12004016001,2478,1,168,84,84
12010034001,2479,1,216,108,108
10014053001,2480,1,72,36,36
41530017001,2481,1,3,2,2
12005002003,2482,1,48,24,24
12005002005,2483,1,48,24,24
10001044001,2484,1,48,24,24
12004170001,2485,1,168,84,84
12005003004,2486,1,60,30,30
61131072001,2487,1,120,60,60
61064195003,2488,1,132,66,66
10002899001,2489,1,96,48,48
61064105002,2490,1,132,66,66
61064012003,2491,1,108,54,54
61062008003,2492,1,108,54,54
60014001004,2493,1,8,4,4
42613064002,2494,1,61,30,30
10014081001,2495,1,72,36,36
12011034001,2496,1,24,12,12
31602059001,2497,1,140,70,70
12010263001,2498,1,24,12,12
10022003001,2499,1,96,48,48
31563039001,2500,1,24,12,12
31504001001,2501,1,10,5,5
12011080001,2502,1,12,6,6
10020032001,2503,1,120,60,60
10020028001,2504,1,72,36,36
32501007001,2505,1,140,70,70
10014119001,2506,1,72,36,36
10016021001,2507,1,150,75,75
31821064001,2508,1,3,2,2
12010196001,2509,1,60,30,30
12012098001,2510,1,48,24,24
11021018001,2511,1,24,12,12
12016114001,2512,1,192,96,96
11020010001,2513,1,36,18,18
12020046001,2514,1,111,56,56
14710038001,2515,1,12,6,6
11030046001,2516,1,36,18,18
14632024001,2517,1,60,30,30
14630050001,2518,1,84,42,42
14700050001,2519,1,36,18,18
12020089001,2520,1,120,60,60
14710004001,2521,1,24,12,12
12016061001,2522,1,132,66,66
12012120001,2523,1,42,21,21
11030062001,2524,1,144,72,72
14822116001,2525,1,72,36,36
12017017001,2526,1,56,28,28
12017018001,2527,1,56,28,28
12017019001,2528,1,56,28,28
12001111001,2529,1,24,12,12
11103127001,2530,1,8,4,4
11031910002,2531,1,72,36,36
32511050001,2532,1,10,5,5
33120021001,2533,1,27,14,14
11103086002,2534,1,6,3,3
32470025001,2535,1,156,78,78
32504024001,2536,1,12,6,6
32600042001,2537,1,10,5,5
32514096001,2538,1,385,192,192
14110074001,2539,1,428,214,214
32504025004,2540,1,36,18,18
11103092001,2541,1,6,3,3
11103099001,2542,1,6,3,3
11103105001,2543,1,11,6,6
11101034001,2544,1,12,6,6
14632295001,2545,1,84,42,42
10020017001,2546,1,120,60,60
14602100001,2547,1,252,126,126
10020037001,2548,1,180,90,90
31707041001,2549,1,48,24,24
10020039001,2550,1,180,90,90
14602092001,2551,1,60,30,30
14220110001,2552,1,594,297,297
31567056001,2553,1,72,36,36
11101015001,2554,1,34,17,17
14222036001,2555,1,90,45,45
11103002001,2556,1,8,4,4
10014123001,2557,1,48,24,24
14204030001,2558,1,60,30,30
14602120001,2559,1,180,90,90
10016006001,2560,1,168,84,84
14632186001,2561,1,96,48,48
14632194001,2562,1,48,24,24
14021104001,2563,1,12,6,6
14020978001,2564,1,42,21,21
10002039001,2565,1,12,6,6
12320030001,2566,1,60,30,30
11103249001,2567,1,4,2,2
42301034001,2568,1,44,22,22
12323109001,2569,1,24,12,12
12326090001,2570,1,54,27,27
12326167001,2571,1,54,27,27
12327002001,2572,1,6,3,3
12302044001,2573,1,132,66,66
14620115001,2574,1,36,18,18
11103301001,2575,1,6,3,3
65090092001,2576,1,4,2,2
12220029001,2577,1,4,2,2
14616195001,2578,1,60,30,30
14616048001,2579,1,24,12,12
14616194001,2580,1,60,30,30
11030094001,2581,1,84,42,42
61080007004,2582,1,132,66,66
11103281001,2583,1,18,9,9
11030080001,2584,1,36,18,18
14621035001,2585,1,36,18,18
35752005001,2586,1,96,48,48
35307925001,2587,1,30,15,15
35307005001,2588,1,36,18,18
10014044001,2589,1,150,75,75
35300016001,2590,1,24,12,12
11103148001,2591,1,8,4,4
41101002001,2592,1,1,1,1
41421003001,2593,1,6,3,3
14615035001,2594,1,72,36,36
41401040001,2595,1,12,6,6
12327085001,2596,1,6,3,3
14631013001,2597,1,84,42,42
12344037001,2598,1,230,115,115
10013011001,2599,1,144,72,72
11023015001,2600,1,72,36,36
14222120001,2601,1,90,45,45
10023032001,2602,1,6,3,3
14854024001,2603,1,24,12,12
14506330001,2604,1,48,24,24
14853040001,2605,1,144,72,72
14853038001,2606,1,144,72,72
11062011001,2607,1,80,40,40
14853033001,2608,1,264,132,132
14853027001,2609,1,72,36,36
11061033001,2610,1,152,76,76
14341102001,2611,1,84,42,42
14852062001,2612,1,192,96,96
11042030001,2613,1,24,12,12
14854027001,2614,1,12,6,6
11041029001,2615,1,60,30,30
14311117001,2616,1,24,12,12
11041023001,2617,1,60,30,30
30045021001,2618,1,60,30,30
11042028001,2619,1,12,6,6
11071013001,2620,1,72,36,36
11070063001,2621,1,24,12,12
14852044001,2622,1,72,36,36
14840005001,2623,1,72,36,36
11010001001,2624,1,12,6,6
14504050001,2625,1,90,45,45
11050073002,2626,1,24,12,12
11010015002,2627,1,12,6,6
14364198001,2628,1,12,6,6
11050088001,2629,1,63,32,32
14353035001,2630,1,12,6,6
11050137001,2631,1,48,24,24
11051039001,2632,1,24,12,12
14505043001,2633,1,60,30,30
11050142001,2634,1,48,24,24
30061026001,2635,1,20,10,10
30071041001,2636,1,36,18,18
11103313001,2637,1,24,12,12
11075002001,2638,1,24,12,12
31423902001,2639,1,20,10,10
11074060004,2640,1,100,50,50
14634021001,2641,1,360,180,180
11040007001,2642,1,24,12,12
10031006001,2643,1,48,24,24
14700035001,2644,1,60,30,30
14243111001,2645,1,36,18,18
14241038001,2646,1,48,24,24
31530005001,2647,1,192,96,96
14222123001,2648,1,90,45,45
10023037001,2649,1,48,24,24
10023055001,2650,1,4,2,2
11030002001,2651,1,36,18,18
31502041002,2652,1,30,15,15
31502041001,2653,1,30,15,15
11074041001,2654,1,48,24,24
11021074001,2655,1,18,9,9
14310037001,2656,1,36,18,18
11041003001,2657,1,45,22,22
14310999001,2658,1,18,9,9
14510202001,2659,1,16,8,8
11022006001,2660,1,36,18,18
31271003001,2661,1,30,15,15
14244930001,2662,1,36,18,18
31267002001,2663,1,312,156,156
11074012001,2664,1,36,18,18
11073901001,2665,1,24,12,12
14304015001,2666,1,24,12,12
11073039001,2667,1,96,48,48
12103174001,2668,1,216,108,108
12003115001,2669,1,36,18,18
12104042001,2670,1,144,72,72
12022064001,2671,1,420,210,210
12022047001,2672,1,144,72,72
12022162001,2673,1,168,84,84
12103098001,2674,1,144,72,72
12003082001,2675,1,36,18,18
12022177001,2676,1,222,111,111
12014032001,2677,1,72,36,36
12021022001,2678,1,81,40,40
12000157001,2679,1,36,18,18
12020966001,2680,1,48,24,24
12106089001,2681,1,12,6,6
12010062001,2682,1,216,108,108
12105025001,2683,1,24,12,12
12105032001,2684,1,42,21,21
12010149001,2685,1,72,36,36
12105037001,2686,1,18,9,9
12105046001,2687,1,48,24,24
12034036001,2688,1,552,276,276
12021923001,2689,1,120,60,60
12000206001,2690,1,45,22,22
12106002001,2691,1,216,108,108
12103069001,2692,1,120,60,60
12011061001,2693,1,24,12,12
12011212001,2694,1,32,16,16
12101009001,2695,1,156,78,78
12102021001,2696,1,144,72,72
12011182001,2697,1,48,24,24
12001006001,2698,1,36,18,18
12000425001,2699,1,48,24,24
12001007001,2700,1,24,12,12
12011311001,2701,1,24,12,12
12032224001,2702,1,192,96,96
12002068001,2703,1,32,16,16
12003008001,2704,1,60,30,30
12011131001,2705,1,12,6,6
12011110001,2706,1,12,6,6
12011482001,2707,1,24,12,12
12011101001,2708,1,12,6,6
12103049001,2709,1,181,90,90
12103052001,2710,1,180,90,90
12103053001,2711,1,144,72,72
12011999001,2712,1,48,24,24
12003015001,2713,1,40,20,20
12003013001,2714,1,36,18,18
12102047001,2715,1,24,12,12
12002040001,2716,1,24,12,12
12023279001,2717,1,36,18,18
12011451001,2718,1,12,6,6
12011433001,2719,1,48,24,24
12003038001,2720,1,51,26,26
12002037001,2721,1,24,12,12
12125013001,2722,1,120,60,60
12121081001,2723,1,48,24,24
12020019001,2724,1,72,36,36
12123094001,2725,1,40,20,20
12123099001,2726,1,40,20,20
12005093010,2727,1,36,18,18
12016091001,2728,1,132,66,66
12152005001,2729,1,192,96,96
12020025001,2730,1,96,48,48
12005019001,2731,1,48,24,24
12016085001,2732,1,210,105,105
11103380001,2733,1,24,12,12
12020384001,2734,1,84,42,42
12005056003,2735,1,120,60,60
12130089001,2736,1,6,3,3
12122051001,2737,1,36,18,18
12020282001,2738,1,24,12,12
12016106001,2739,1,216,108,108
12020222001,2740,1,84,42,42
12122038001,2741,1,18,9,9
12122026001,2742,1,24,12,12
12122024001,2743,1,72,36,36
11112002001,2744,1,4,2,2
12020005003,2745,1,60,30,30
12016100001,2746,1,240,120,120
12004036001,2747,1,108,54,54
12020051001,2748,1,72,36,36
12017015001,2749,1,12,6,6
12010023001,2750,1,216,108,108
12001055001,2751,1,90,45,45
12120011001,2752,1,120,60,60
12016045001,2753,1,204,102,102
12016042001,2754,1,216,108,108
12001050001,2755,1,18,9,9
12111014001,2756,1,384,192,192
12003147001,2757,1,90,45,45
12123134001,2758,1,36,18,18
12016023001,2759,1,498,249,249
12020132001,2760,1,108,54,54
12110059001,2761,1,84,42,42
12020147001,2762,1,84,42,42
12202038001,2763,1,4,2,2
12212010001,2764,1,180,90,90
12020005001,2765,1,60,30,30
12000080001,2766,1,36,18,18
12001119001,2767,1,48,24,24
12020005002,2768,1,60,30,30
12020434001,2769,1,63,32,32
12016056001,2770,1,150,75,75
12020416001,2771,1,168,84,84
12020161001,2772,1,126,63,63
12016078001,2773,1,216,108,108
12017039001,2774,1,36,18,18
14621062001,2775,1,36,18,18
10041014001,2776,1,48,24,24
14631054001,2777,1,84,42,42
12013048001,2778,1,60,30,30
12016072001,2779,1,108,54,54
11010052001,2780,1,6,3,3
14741050001,2781,1,156,78,78
14721033001,2782,1,48,24,24
14720003001,2783,1,80,40,40
12016035001,2784,1,144,72,72
12002002001,2785,1,27,14,14
12014025001,2786,1,24,12,12
14740035001,2787,1,12,6,6
11021051002,2788,1,30,15,15
11022075001,2789,1,24,12,12
10904021001,2790,1,12,6,6
14850048001,2791,1,9,4,4
12016999001,2792,1,120,60,60
10052046001,2793,1,48,24,24
14832009001,2794,1,120,60,60
12012008001,2795,1,96,48,48
10031909001,2796,1,48,24,24
12005107007,2797,1,36,18,18
35301023001,2798,1,30,15,15
12006059001,2799,1,828,414,414
35306002001,2800,1,24,12,12
12006001001,2801,1,96,48,48
12005107003,2802,1,36,18,18
10014001001,2803,1,264,132,132
12005092009,2804,1,24,12,12
41212906001,2805,1,5,2,2
41221036001,2806,1,2,1,1
41223049001,2807,1,4,2,2
10014046001,2808,1,36,18,18
12006067001,2809,1,60,30,30
12006135001,2810,1,78,39,39
12006144001,2811,1,459,230,230
32503044001,2812,1,96,48,48
12010098001,2813,1,330,165,165
32511021001,2814,1,15,8,8
32524007001,2815,1,40,20,20
32526020001,2816,1,2,1,1
12010058001,2817,1,216,108,108
34123005001,2818,1,12,6,6
41301002001,2819,1,2,1,1
12005072003,2820,1,48,24,24
61063005002,2821,1,108,54,54
12005002004,2822,1,48,24,24
12005084009,2823,1,81,40,40
10010023001,2824,1,264,132,132
12005084005,2825,1,81,40,40
41414004001,2826,1,144,72,72
12005083002,2827,1,57,28,28
12005082008,2828,1,57,28,28
12004053001,2829,1,81,40,40
31270006001,2830,1,8,4,4
12011140001,2831,1,24,12,12
10023100001,2832,1,12,6,6
12003003001,2833,1,72,36,36
12011195001,2834,1,120,60,60
15022014001,2835,1,216,108,108
15022020001,2836,1,96,48,48
15023038001,2837,1,72,36,36
10040072001,2838,1,48,24,24
30071047001,2839,1,24,12,12
12011204001,2840,1,36,18,18
32503007004,2841,1,60,30,30
32420015001,2842,1,60,30,30
12003117001,2843,1,40,20,20
10016018001,2844,1,48,24,24
12010140001,2845,1,300,150,150
32500012001,2846,1,117,58,58
12003085001,2847,1,42,21,21
12011024001,2848,1,36,18,18
12003100001,2849,1,72,36,36
10020102001,2850,1,48,24,24
31580049002,2851,1,4,2,2
31602031001,2852,1,288,144,144
10020093001,2853,1,72,36,36
12010249001,2854,1,270,135,135
11075006001,2855,1,48,24,24
12000219001,2856,1,66,33,33
12105026001,2857,1,24,12,12
14242137001,2858,1,16,8,8
11076004001,2859,1,24,12,12
14242169001,2860,1,20,10,10
12104047001,2861,1,25,12,12
11076926001,2862,1,144,72,72
14243131001,2863,1,20,10,10
12111010004,2864,1,168,84,84
11102010001,2865,1,72,36,36
12106109002,2866,1,84,42,42
12000144001,2867,1,36,18,18
14222009001,2868,1,80,40,40
12106066001,2869,1,144,72,72
14225934001,2870,1,324,162,162
11100111001,2871,1,27,14,14
14243130001,2872,1,48,24,24
12103083001,2873,1,144,72,72
12103081001,2874,1,144,72,72
11072033001,2875,1,12,6,6
14310096001,2876,1,36,18,18
11072013001,2877,1,48,24,24
12000295001,2878,1,48,24,24
12000309001,2879,1,48,24,24
12103005001,2880,1,72,36,36
12103154001,2881,1,192,96,96
12104034001,2882,1,312,156,156
14244024001,2883,1,20,10,10
11074040001,2884,1,48,24,24
14244087001,2885,1,60,30,30
12104006001,2886,1,120,60,60
12000233001,2887,1,42,21,21
12103179001,2888,1,390,195,195
12103156001,2889,1,144,72,72
14303012001,2890,1,36,18,18
12103147001,2891,1,240,120,120
12103146001,2892,1,72,36,36
12103135001,2893,1,324,162,162
11073898001,2894,1,72,36,36
14304084001,2895,1,36,18,18
12103126001,2896,1,144,72,72
11103011001,2897,1,12,6,6
11103011004,2898,1,12,6,6
12102999001,2899,1,200,100,100
12151006001,2900,1,36,18,18
12326005001,2901,1,9,4,4
12327015001,2902,1,12,6,6
12322057001,2903,1,12,6,6
12327028001,2904,1,96,48,48
12327046001,2905,1,4,2,2
11103212001,2906,1,8,4,4
12123123001,2907,1,24,12,12
11110031002,2908,1,32,16,16
11103296001,2909,1,8,4,4
12211004001,2910,1,14,7,7
12234005001,2911,1,3,2,2
11103290001,2912,1,11,6,6
11103371001,2913,1,6,3,3
12234921001,2914,1,3,2,2
12234934001,2915,1,3,2,2
11103274001,2916,1,4,2,2
12201006001,2917,1,33,16,16
12111034001,2918,1,270,135,135
12120080001,2919,1,32,16,16
12120043001,2920,1,41,20,20
12120040001,2921,1,18,9,9
11103044001,2922,1,18,9,9
12000082001,2923,1,96,48,48
12000090001,2924,1,36,18,18
12120090001,2925,1,72,36,36
11103183001,2926,1,6,3,3
14010039001,2927,1,45,22,22
11103123001,2928,1,6,3,3
11071909001,2929,1,96,48,48
12102998001,2930,1,200,100,100
14601012001,2931,1,72,36,36
14602013001,2932,1,216,108,108
14602033001,2933,1,40,20,20
11032011001,2934,1,24,12,12
12020957001,2935,1,90,45,45
14602093001,2936,1,252,126,126
12020929001,2937,1,70,35,35
14602101001,2938,1,252,126,126
14523101001,2939,1,60,30,30
12020418001,2940,1,102,51,51
14509021001,2941,1,60,30,30
14509035001,2942,1,60,30,30
12022114001,2943,1,144,72,72
14510290001,2944,1,13,6,6
11040032001,2945,1,24,12,12
11040029001,2946,1,24,12,12
12022008001,2947,1,183,92,92
12022005001,2948,1,171,86,86
12001076001,2949,1,24,12,12
12001078001,2950,1,42,21,21
14616037001,2951,1,72,36,36
12020228001,2952,1,54,27,27
12020224001,2953,1,84,42,42
14620022001,2954,1,48,24,24
14620033001,2955,1,36,18,18
12001081001,2956,1,24,12,12
12020189001,2957,1,120,60,60
12020166001,2958,1,60,30,30
14620088001,2959,1,24,12,12
14620168001,2960,1,8,4,4
14620170001,2961,1,24,12,12
12001085001,2962,1,32,16,16
11031915001,2963,1,60,30,30
11031908001,2964,1,60,30,30
12020341001,2965,1,72,36,36
14604255001,2966,1,30,15,15
12020332001,2967,1,72,36,36
14604257001,2968,1,15,8,8
14612039001,2969,1,36,18,18
11031021001,2970,1,60,30,30
12020250001,2971,1,78,39,39
14311189001,2972,1,24,12,12
11051057001,2973,1,48,24,24
14351001001,2974,1,16,8,8
12001010001,2975,1,72,36,36
11061050001,2976,1,30,15,15
12034240001,2977,1,186,93,93
11051016001,2978,1,24,12,12
11071011001,2979,1,24,12,12
11070040001,2980,1,24,12,12
12102108001,2981,1,120,60,60
12000396001,2982,1,36,18,18
11070019001,2983,1,48,24,24
12023184001,2984,1,800,400,400
11050050001,2985,1,60,30,30
14506012001,2986,1,120,60,60
14506025001,2987,1,90,45,45
14506031001,2988,1,8,4,4
14506122001,2989,1,32,16,16
12023011001,2990,1,264,132,132
12022275001,2991,1,30,15,15
12033189001,2992,1,132,66,66
11050095001,2993,1,36,18,18
12023278001,2994,1,84,42,42
12030040001,2995,1,1200,600,600
12030001001,2996,1,190,95,95
14502044001,2997,1,90,45,45
12023393001,2998,1,36,18,18
12023330001,2999,1,36,18,18
