item_id,current_global_qty,max_global_qty,global_inv_level
1381,24,24,1.0
326,80,80,1.0
140,480,480,1.0
375,36,36,1.0
1045,24,24,1.0
100,1152,1152,1.0
555,64,64,1.0
460,54,54,1.0
813,25,25,1.0
249,80,80,1.0
159,1270,1270,1.0
157,1310,1310,1.0
92,1760,1760,1.0
101,480,480,1.0
169,360,360,1.0
98,408,408,1.0
156,470,470,1.0
227,280,280,1.0
689,231,231,1.0
19,504,504,1.0
364,28,28,1.0
692,96,96,1.0
958,26,26,1.0
595,84,84,1.0
442,36,36,1.0
28,1296,1296,1.0
271,156,156,1.0
537,228,228,1.0
44,288,288,1.0
193,570,570,1.0
512,36,36,1.0
327,144,144,1.0
147,790,790,1.0
569,144,144,1.0
64,300,300,1.0
105,720,720,1.0
461,48,48,1.0
163,2376,2376,1.0
61,288,288,1.0
9,8160,8160,1.0
600,144,144,1.0
272,192,192,1.0
575,72,72,1.0
232,100,100,1.0
1024,30,30,1.0
1164,12,12,1.0
976,18,18,1.0
41,360,360,1.0
1092,26,26,1.0
1861,96,96,1.0
474,44,44,1.0
317,120,120,1.0
824,40,40,1.0
1229,24,24,1.0
923,20,20,1.0
546,72,72,1.0
660,64,64,1.0
244,108,108,1.0
267,72,72,1.0
764,108,108,1.0
466,48,48,1.0
176,1064,1064,1.0
26,1416,1416,1.0
34,1056,1056,1.0
836,32,32,1.0
1819,96,96,1.0
33,1512,1512,1.0
599,192,192,1.0
1,936,936,1.0
50,600,600,1.0
152,276,276,1.0
801,32,32,1.0
15,2688,2688,1.0
10,816,816,1.0
83,960,960,1.0
623,96,96,1.0
1393,72,72,1.0
45,1176,1176,1.0
779,231,231,1.0
6,240,240,1.0
918,16,16,1.0
658,168,168,1.0
87,1008,1008,1.0
1522,72,72,1.0
372,30,30,1.0
901,18,18,1.0
283,136,136,1.0
320,36,36,1.0
894,20,20,1.0
398,192,192,1.0
524,144,144,1.0
683,144,144,1.0
579,96,96,1.0
852,24,24,1.0
742,96,96,1.0
653,72,72,1.0
505,44,44,1.0
996,20,20,1.0
297,60,60,1.0
337,30,30,1.0
149,432,432,1.0
350,28,28,1.0
1201,18,18,1.0
371,52,52,1.0
1992,120,120,1.0
203,432,432,1.0
52,528,528,1.0
1599,12,12,1.0
528,216,216,1.0
717,168,168,1.0
465,192,192,1.0
139,600,600,1.0
70,1260,1260,1.0
783,144,144,1.0
85,480,480,1.0
99,840,840,1.0
490,240,240,1.0
288,56,56,1.0
672,192,192,1.0
226,288,288,1.0
591,192,192,1.0
57,1440,1440,1.0
281,73,73,1.0
1343,24,24,1.0
1249,20,20,1.0
404,36,36,1.0
257,96,96,1.0
32,288,288,1.0
429,48,48,1.0
177,384,384,1.0
1392,12,12,1.0
231,140,140,1.0
1288,33,33,1.0
910,16,16,1.0
1589,36,36,1.0
1274,12,12,1.0
1850,48,48,1.0
1440,60,60,1.0
1727,192,192,1.0
1828,48,48,1.0
63,384,384,1.0
472,96,96,1.0
457,96,96,1.0
543,288,288,1.0
432,32,32,1.0
500,144,144,1.0
1001,24,24,1.0
248,78,78,1.0
740,144,144,1.0
334,84,84,1.0
210,480,480,1.0
1357,18,18,1.0
279,60,60,1.0
228,288,288,1.0
79,504,504,1.0
411,240,240,1.0
224,518,518,1.0
303,92,92,1.0
409,40,40,1.0
548,156,156,1.0
839,32,32,1.0
219,336,336,1.0
253,72,72,1.0
388,112,112,1.0
71,1800,1800,1.0
810,32,32,1.0
260,64,64,1.0
220,336,336,1.0
563,288,288,1.0
419,48,48,1.0
728,132,132,1.0
1033,28,28,1.0
192,722,722,1.0
240,75,75,1.0
703,192,192,1.0
1177,24,24,1.0
915,26,26,1.0
40,840,840,1.0
46,720,720,1.0
243,96,96,1.0
1750,168,168,1.0
1874,144,144,1.0
812,30,30,1.0
20,576,576,1.0
128,1296,1296,1.0
1391,12,12,1.0
1337,36,36,1.0
1367,40,40,1.0
1421,24,24,1.0
124,384,384,1.0
215,336,336,1.0
1330,96,96,1.0
1659,12,12,1.0
765,72,72,1.0
1483,24,24,1.0
1662,84,84,1.0
1313,12,12,1.0
1553,48,48,1.0
252,120,120,1.0
2,312,312,1.0
198,600,600,1.0
7,1080,1080,1.0
111,528,528,1.0
148,740,740,1.0
229,1147,1147,1.0
86,960,960,1.0
67,960,960,1.0
480,48,48,1.0
239,140,140,1.0
18,576,576,1.0
741,156,156,1.0
1516,36,36,1.0
349,40,40,1.0
237,90,90,1.0
211,384,384,1.0
172,576,576,1.0
3,5760,5760,1.0
527,144,144,1.0
568,192,192,1.0
103,720,720,1.0
217,481,481,1.0
347,96,96,1.0
1438,12,12,1.0
1361,12,12,1.0
995,24,24,1.0
84,528,528,1.0
751,68,68,1.0
1165,12,12,1.0
1364,30,30,1.0
1432,32,32,1.0
1473,24,24,1.0
202,494,494,1.0
1187,36,36,1.0
208,481,481,1.0
376,36,36,1.0
363,50,50,1.0
1754,18,18,1.0
1470,40,40,1.0
1468,20,20,1.0
1047,18,18,1.0
1351,8,8,1.0
342,40,40,1.0
521,96,96,1.0
1512,12,12,1.0
68,216,216,1.0
1233,24,24,1.0
1514,48,48,1.0
94,1680,1680,1.0
51,240,240,1.0
633,96,96,1.0
723,66,66,1.0
908,26,26,1.0
286,72,72,1.0
1947,24,24,1.0
422,120,120,1.0
47,1344,1344,1.0
815,24,24,1.0
702,120,120,1.0
8,1170,1170,1.0
811,26,26,1.0
766,96,96,1.0
1543,127,127,1.0
720,96,96,1.0
775,216,216,1.0
78,240,240,1.0
1552,73,73,1.0
938,12,12,1.0
142,384,384,1.0
311,72,72,1.0
1023,16,16,1.0
857,24,24,1.0
1186,18,18,1.0
374,64,64,1.0
256,72,72,1.0
396,48,48,1.0
448,36,36,1.0
1759,60,60,1.0
713,192,192,1.0
1259,12,12,1.0
1798,72,72,1.0
1608,48,48,1.0
1066,20,20,1.0
1834,48,48,1.0
387,60,60,1.0
1849,240,240,1.0
1223,48,48,1.0
674,192,192,1.0
495,168,168,1.0
1382,60,60,1.0
1193,24,24,1.0
1891,144,144,1.0
221,360,360,1.0
659,192,192,1.0
1523,96,96,1.0
58,1560,1560,1.0
31,960,960,1.0
796,30,30,1.0
671,192,192,1.0
234,108,108,1.0
519,48,48,1.0
1769,192,192,1.0
1499,12,12,1.0
359,60,60,1.0
112,1599,1599,1.0
1753,8,8,1.0
578,90,90,1.0
1431,32,32,1.0
898,24,24,1.0
284,96,96,1.0
1300,10,10,1.0
1844,36,36,1.0
287,49,49,1.0
1895,192,192,1.0
1597,72,72,1.0
265,56,56,1.0
340,48,48,1.0
945,40,40,1.0
1358,20,20,1.0
1776,120,120,1.0
638,192,192,1.0
1641,288,288,1.0
141,600,600,1.0
200,418,418,1.0
1712,48,48,1.0
458,52,52,1.0
205,576,576,1.0
697,48,48,1.0
49,1248,1248,1.0
96,480,480,1.0
598,72,72,1.0
42,312,312,1.0
1538,24,24,1.0
1286,60,60,1.0
609,192,192,1.0
863,24,24,1.0
590,64,64,1.0
1195,60,60,1.0
273,72,72,1.0
843,24,24,1.0
478,48,48,1.0
1180,8,8,1.0
425,180,180,1.0
647,144,144,1.0
619,168,168,1.0
1592,30,30,1.0
701,96,96,1.0
479,48,48,1.0
125,840,840,1.0
223,240,240,1.0
739,144,144,1.0
29,432,432,1.0
684,144,144,1.0
754,48,48,1.0
181,228,228,1.0
55,432,432,1.0
262,72,72,1.0
164,312,312,1.0
1025,48,48,1.0
1302,36,36,1.0
393,48,48,1.0
536,240,240,1.0
1932,24,24,1.0
809,24,24,1.0
69,1008,1008,1.0
160,1080,1080,1.0
258,48,48,1.0
186,240,240,1.0
204,585,585,1.0
90,384,384,1.0
189,288,288,1.0
634,144,144,1.0
330,180,180,1.0
361,36,36,1.0
617,90,90,1.0
194,240,240,1.0
390,36,36,1.0
646,192,192,1.0
909,24,24,1.0
54,336,336,1.0
560,32,32,1.0
241,84,84,1.0
13,288,288,1.0
434,192,192,1.0
266,81,81,1.0
693,120,120,1.0
935,24,24,1.0
122,384,384,1.0
242,144,144,1.0
532,84,84,1.0
108,912,912,1.0
407,144,144,1.0
322,90,90,1.0
1478,12,12,1.0
1004,24,24,1.0
1398,18,18,1.0
1194,36,36,1.0
822,24,24,1.0
889,18,18,1.0
1191,36,36,1.0
102,384,384,1.0
1172,24,24,1.0
885,20,20,1.0
1174,24,24,1.0
1179,12,12,1.0
768,192,192,1.0
1540,48,48,1.0
440,48,48,1.0
225,504,504,1.0
829,36,36,1.0
937,36,36,1.0
180,672,672,1.0
925,24,24,1.0
1637,24,24,1.0
56,480,480,1.0
927,40,40,1.0
358,168,168,1.0
298,192,192,1.0
577,111,111,1.0
138,270,270,1.0
175,576,576,1.0
791,528,528,1.0
110,384,384,1.0
605,144,144,1.0
928,24,24,1.0
1360,16,16,1.0
1807,32,32,1.0
75,768,768,1.0
0,276,276,1.0
201,336,336,1.0
654,205,205,1.0
130,720,720,1.0
544,80,80,1.0
1102,12,12,1.0
166,240,240,1.0
1711,24,24,1.0
389,32,32,1.0
1362,12,12,1.0
1296,36,36,1.0
66,1200,1200,1.0
900,24,24,1.0
788,132,132,1.0
1734,12,12,1.0
966,24,24,1.0
39,2040,2040,1.0
80,624,624,1.0
1221,12,12,1.0
1070,12,12,1.0
570,168,168,1.0
1173,9,9,1.0
439,180,180,1.0
1253,40,40,1.0
37,1152,1152,1.0
1258,14,14,1.0
344,84,84,1.0
1141,36,36,1.0
608,384,384,1.0
883,24,24,1.0
1694,336,336,1.0
784,132,132,1.0
1061,36,36,1.0
1153,20,20,1.0
310,60,60,1.0
1813,96,96,1.0
882,48,48,1.0
1400,48,48,1.0
1196,24,24,1.0
1632,24,24,1.0
1214,12,12,1.0
955,27,27,1.0
209,864,864,1.0
106,672,672,1.0
1217,50,50,1.0
190,576,576,1.0
1380,10,10,1.0
1308,8,8,1.0
887,36,36,1.0
1031,12,12,1.0
233,110,110,1.0
1910,40,40,1.0
1969,96,96,1.0
1816,24,24,1.0
926,24,24,1.0
706,108,108,1.0
642,144,144,1.0
1854,15,15,1.0
861,24,24,1.0
902,20,20,1.0
565,160,160,1.0
864,20,20,1.0
206,288,288,1.0
771,120,120,1.0
77,360,360,1.0
168,216,216,1.0
1383,24,24,1.0
278,70,70,1.0
5,1344,1344,1.0
1773,96,96,1.0
196,570,570,1.0
1958,72,72,1.0
799,30,30,1.0
1085,24,24,1.0
1228,60,60,1.0
1533,12,12,1.0
1113,12,12,1.0
1235,24,24,1.0
761,96,96,1.0
990,16,16,1.0
251,120,120,1.0
433,168,168,1.0
1825,192,192,1.0
1447,16,16,1.0
1384,20,20,1.0
1622,36,36,1.0
133,432,432,1.0
1124,20,20,1.0
960,24,24,1.0
685,120,120,1.0
656,80,80,1.0
1307,24,24,1.0
338,144,144,1.0
292,48,48,1.0
1677,96,96,1.0
554,96,96,1.0
1035,24,24,1.0
667,192,192,1.0
394,36,36,1.0
1817,96,96,1.0
1939,48,48,1.0
1266,80,80,1.0
1154,24,24,1.0
1867,96,96,1.0
1012,20,20,1.0
1441,18,18,1.0
1956,24,24,1.0
1804,48,48,1.0
119,864,864,1.0
302,54,54,1.0
582,56,56,1.0
534,240,240,1.0
1175,36,36,1.0
25,1680,1680,1.0
1774,15,15,1.0
296,48,48,1.0
1037,96,96,1.0
72,600,600,1.0
729,48,48,1.0
769,80,80,1.0
446,60,60,1.0
622,288,288,1.0
721,120,120,1.0
628,120,120,1.0
626,90,90,1.0
551,240,240,1.0
277,65,65,1.0
572,96,96,1.0
705,48,48,1.0
95,360,360,1.0
1869,120,120,1.0
170,432,432,1.0
1040,36,36,1.0
1635,12,12,1.0
855,24,24,1.0
454,120,120,1.0
1058,24,24,1.0
486,96,96,1.0
998,18,18,1.0
162,432,432,1.0
1386,24,24,1.0
104,480,480,1.0
517,144,144,1.0
114,288,288,1.0
191,432,432,1.0
574,44,44,1.0
421,168,168,1.0
615,168,168,1.0
222,288,288,1.0
348,60,60,1.0
651,96,96,1.0
351,36,36,1.0
355,96,96,1.0
290,84,84,1.0
1658,12,12,1.0
627,144,144,1.0
1366,8,8,1.0
977,40,40,1.0
1746,36,36,1.0
207,384,384,1.0
1260,12,12,1.0
1404,12,12,1.0
1646,96,96,1.0
1528,36,36,1.0
1428,72,72,1.0
21,1200,1200,1.0
1572,8,8,1.0
1344,12,12,1.0
1405,12,12,1.0
235,90,90,1.0
969,24,24,1.0
1397,12,12,1.0
1454,96,96,1.0
1777,48,48,1.0
1619,12,12,1.0
365,36,36,1.0
1630,36,36,1.0
1845,68,68,1.0
606,72,72,1.0
629,192,192,1.0
1087,12,12,1.0
1955,144,144,1.0
1019,24,24,1.0
93,288,288,1.0
158,1080,1080,1.0
1843,48,48,1.0
752,72,72,1.0
906,48,48,1.0
11,1056,1056,1.0
498,36,36,1.0
1342,96,96,1.0
492,39,39,1.0
489,180,180,1.0
299,54,54,1.0
1503,168,168,1.0
445,48,48,1.0
1758,96,96,1.0
655,144,144,1.0
936,26,26,1.0
930,48,48,1.0
691,90,90,1.0
88,768,768,1.0
1317,16,16,1.0
529,192,192,1.0
1071,30,30,1.0
447,240,240,1.0
1692,72,72,1.0
1780,48,48,1.0
847,18,18,1.0
681,96,96,1.0
520,120,120,1.0
291,45,45,1.0
1575,28,28,1.0
718,120,120,1.0
74,840,840,1.0
694,165,165,1.0
1136,36,36,1.0
1041,36,36,1.0
736,72,72,1.0
1661,100,100,1.0
1615,30,30,1.0
1781,36,36,1.0
1792,34,34,1.0
682,168,168,1.0
1450,32,32,1.0
1509,36,36,1.0
1611,60,60,1.0
120,288,288,1.0
214,648,648,1.0
312,80,80,1.0
1764,39,39,1.0
131,672,672,1.0
1057,24,24,1.0
1340,336,336,1.0
245,72,72,1.0
643,192,192,1.0
1751,144,144,1.0
1916,48,48,1.0
97,768,768,1.0
1723,24,24,1.0
1376,16,16,1.0
408,48,48,1.0
345,78,78,1.0
463,240,240,1.0
475,96,96,1.0
1137,24,24,1.0
1833,16,16,1.0
155,480,480,1.0
669,72,72,1.0
1237,8,8,1.0
1870,32,32,1.0
1285,18,18,1.0
1458,12,12,1.0
1821,60,60,1.0
525,39,39,1.0
744,96,96,1.0
1789,32,32,1.0
1717,40,40,1.0
1587,168,168,1.0
1556,20,20,1.0
1291,20,20,1.0
986,26,26,1.0
896,20,20,1.0
1822,90,90,1.0
36,2376,2376,1.0
1444,8,8,1.0
316,56,56,1.0
1996,594,594,1.0
1670,24,24,1.0
1128,18,18,1.0
218,336,336,1.0
823,36,36,1.0
216,288,288,1.0
467,96,96,1.0
499,180,180,1.0
759,48,48,1.0
14,810,810,1.0
295,72,72,1.0
73,864,864,1.0
700,108,108,1.0
493,72,72,1.0
254,64,64,1.0
508,144,144,1.0
62,450,450,1.0
592,96,96,1.0
60,960,960,1.0
686,96,96,1.0
23,1344,1344,1.0
556,96,96,1.0
987,28,28,1.0
48,396,396,1.0
758,48,48,1.0
306,48,48,1.0
668,72,72,1.0
1929,96,96,1.0
135,240,240,1.0
1924,96,96,1.0
368,40,40,1.0
354,48,48,1.0
1918,12,12,1.0
814,36,36,1.0
793,24,24,1.0
860,16,16,1.0
820,30,30,1.0
82,480,480,1.0
1667,8,8,1.0
1567,21,21,1.0
1610,60,60,1.0
1629,12,12,1.0
473,192,192,1.0
676,240,240,1.0
1627,24,24,1.0
1593,48,48,1.0
1767,12,12,1.0
1722,96,96,1.0
1791,72,72,1.0
405,144,144,1.0
1416,50,50,1.0
328,48,48,1.0
437,40,40,1.0
476,90,90,1.0
1862,216,216,1.0
1284,12,12,1.0
1800,144,144,1.0
1151,27,27,1.0
1129,24,24,1.0
1501,60,60,1.0
187,288,288,1.0
22,288,288,1.0
504,108,108,1.0
1289,24,24,1.0
1277,40,40,1.0
981,20,20,1.0
975,28,28,1.0
503,65,65,1.0
1925,120,120,1.0
663,48,48,1.0
1312,18,18,1.0
1951,48,48,1.0
1051,36,36,1.0
1766,168,168,1.0
661,192,192,1.0
1898,960,960,1.0
238,90,90,1.0
1968,72,72,1.0
274,48,48,1.0
1974,48,48,1.0
1156,24,24,1.0
1013,24,24,1.0
1163,30,30,1.0
1036,12,12,1.0
362,48,48,1.0
1472,24,24,1.0
1640,36,36,1.0
123,576,576,1.0
983,20,20,1.0
1321,13,13,1.0
763,80,80,1.0
707,216,216,1.0
1354,216,216,1.0
1513,24,24,1.0
530,192,192,1.0
1007,24,24,1.0
1150,24,24,1.0
165,240,240,1.0
946,24,24,1.0
974,32,32,1.0
1551,24,24,1.0
523,192,192,1.0
952,24,24,1.0
343,48,48,1.0
236,120,120,1.0
1091,10,10,1.0
1138,18,18,1.0
971,18,18,1.0
1272,12,12,1.0
127,432,432,1.0
81,1320,1320,1.0
832,24,24,1.0
993,26,26,1.0
774,120,120,1.0
1808,192,192,1.0
4,1440,1440,1.0
594,52,52,1.0
787,96,96,1.0
988,32,32,1.0
773,132,132,1.0
1090,24,24,1.0
942,24,24,1.0
1931,120,120,1.0
1730,16,16,1.0
1255,12,12,1.0
916,15,15,1.0
145,504,504,1.0
1281,20,20,1.0
1536,24,24,1.0
1338,144,144,1.0
477,40,40,1.0
462,240,240,1.0
1878,48,48,1.0
1488,72,72,1.0
1673,30,30,1.0
795,36,36,1.0
1604,12,12,1.0
924,39,39,1.0
319,48,48,1.0
65,720,720,1.0
197,216,216,1.0
1039,24,24,1.0
417,36,36,1.0
665,144,144,1.0
1864,14,14,1.0
406,36,36,1.0
1745,24,24,1.0
934,24,24,1.0
1704,48,48,1.0
436,36,36,1.0
639,48,48,1.0
670,120,120,1.0
778,72,72,1.0
933,24,24,1.0
1042,40,40,1.0
1961,72,72,1.0
804,24,24,1.0
1331,12,12,1.0
586,112,112,1.0
129,576,576,1.0
1755,12,12,1.0
1714,12,12,1.0
1318,72,72,1.0
468,240,240,1.0
1388,60,60,1.0
1410,12,12,1.0
1050,72,72,1.0
1434,24,24,1.0
151,432,432,1.0
1708,14,14,1.0
285,48,48,1.0
644,192,192,1.0
690,144,144,1.0
53,800,800,1.0
91,672,672,1.0
611,80,80,1.0
878,40,40,1.0
373,120,120,1.0
1349,90,90,1.0
1760,36,36,1.0
1373,24,24,1.0
963,24,24,1.0
464,192,192,1.0
1442,100,100,1.0
1419,20,20,1.0
1399,8,8,1.0
1960,24,24,1.0
1555,36,36,1.0
1525,72,72,1.0
1417,120,120,1.0
1905,144,144,1.0
426,60,60,1.0
1725,30,30,1.0
1534,12,12,1.0
30,1344,1344,1.0
1108,94,94,1.0
830,36,36,1.0
143,576,576,1.0
844,36,36,1.0
178,288,288,1.0
1123,24,24,1.0
341,35,35,1.0
379,40,40,1.0
891,16,16,1.0
816,48,48,1.0
1209,26,26,1.0
318,90,90,1.0
630,72,72,1.0
315,48,48,1.0
1957,48,48,1.0
970,20,20,1.0
121,270,270,1.0
1010,24,24,1.0
884,20,20,1.0
1638,48,48,1.0
567,144,144,1.0
1029,20,20,1.0
1270,12,12,1.0
1500,48,48,1.0
1017,40,40,1.0
1467,12,12,1.0
1502,24,24,1.0
1612,60,60,1.0
418,32,32,1.0
1573,20,20,1.0
1529,24,24,1.0
1200,18,18,1.0
325,96,96,1.0
501,36,36,1.0
1485,24,24,1.0
566,120,120,1.0
24,1920,1920,1.0
1052,40,40,1.0
542,48,48,1.0
308,144,144,1.0
346,96,96,1.0
1489,24,24,1.0
576,148,148,1.0
496,64,64,1.0
263,60,60,1.0
309,48,48,1.0
1243,32,32,1.0
304,48,48,1.0
921,45,45,1.0
956,18,18,1.0
1993,120,120,1.0
1496,12,12,1.0
931,16,16,1.0
1602,72,72,1.0
35,1344,1344,1.0
1234,12,12,1.0
1847,24,24,1.0
845,36,36,1.0
1003,24,24,1.0
1818,30,30,1.0
973,16,16,1.0
1127,24,24,1.0
1482,12,12,1.0
1059,48,48,1.0
827,24,24,1.0
391,48,48,1.0
1248,72,72,1.0
38,768,768,1.0
1375,24,24,1.0
1702,96,96,1.0
1130,24,24,1.0
1298,120,120,1.0
1356,24,24,1.0
1532,144,144,1.0
714,120,120,1.0
1875,120,120,1.0
132,432,432,1.0
329,40,40,1.0
1985,240,240,1.0
153,240,240,1.0
332,48,48,1.0
905,40,40,1.0
1642,24,24,1.0
1280,12,12,1.0
1000,24,24,1.0
792,48,48,1.0
1842,24,24,1.0
748,336,336,1.0
43,1176,1176,1.0
1914,24,24,1.0
553,144,144,1.0
1018,48,48,1.0
730,126,126,1.0
873,20,20,1.0
488,288,288,1.0
1518,24,24,1.0
275,56,56,1.0
850,36,36,1.0
584,144,144,1.0
797,24,24,1.0
549,74,74,1.0
441,192,192,1.0
444,108,108,1.0
709,90,90,1.0
851,60,60,1.0
732,96,96,1.0
261,78,78,1.0
1517,32,32,1.0
1653,48,48,1.0
136,384,384,1.0
336,96,96,1.0
378,26,26,1.0
992,60,60,1.0
1634,21,21,1.0
1741,36,36,1.0
614,90,90,1.0
1998,33,33,1.0
1290,24,24,1.0
1219,24,24,1.0
1652,24,24,1.0
1975,48,48,1.0
699,168,168,1.0
356,36,36,1.0
531,180,180,1.0
1908,144,144,1.0
1011,26,26,1.0
1803,48,48,1.0
879,48,48,1.0
807,32,32,1.0
1135,18,18,1.0
601,216,216,1.0
395,36,36,1.0
943,18,18,1.0
269,60,60,1.0
1203,16,16,1.0
146,504,504,1.0
109,576,576,1.0
1034,18,18,1.0
199,384,384,1.0
1719,120,120,1.0
1591,45,45,1.0
367,40,40,1.0
539,120,120,1.0
385,72,72,1.0
1698,168,168,1.0
1797,120,120,1.0
818,42,42,1.0
580,120,120,1.0
250,60,60,1.0
1763,120,120,1.0
1420,24,24,1.0
126,576,576,1.0
282,50,50,1.0
1263,24,24,1.0
1890,96,96,1.0
1160,16,16,1.0
1210,12,12,1.0
413,120,120,1.0
1494,40,40,1.0
1487,48,48,1.0
1133,26,26,1.0
1806,36,36,1.0
1115,24,24,1.0
1729,36,36,1.0
1793,96,96,1.0
1276,12,12,1.0
1938,180,180,1.0
430,36,36,1.0
415,144,144,1.0
449,60,60,1.0
1054,36,36,1.0
1747,48,48,1.0
806,24,24,1.0
183,288,288,1.0
1121,24,24,1.0
255,72,72,1.0
1605,24,24,1.0
270,60,60,1.0
1707,36,36,1.0
1565,60,60,1.0
1063,39,39,1.0
1871,60,60,1.0
802,20,20,1.0
1690,24,24,1.0
890,24,24,1.0
484,144,144,1.0
1205,10,10,1.0
1830,12,12,1.0
1333,13,13,1.0
1618,60,60,1.0
1917,12,12,1.0
1679,24,24,1.0
727,132,132,1.0
1325,20,20,1.0
352,100,100,1.0
323,78,78,1.0
494,80,80,1.0
300,54,54,1.0
760,96,96,1.0
679,259,259,1.0
1940,144,144,1.0
293,40,40,1.0
631,72,72,1.0
1815,24,24,1.0
662,336,336,1.0
1481,60,60,1.0
785,144,144,1.0
423,39,39,1.0
1530,60,60,1.0
1921,96,96,1.0
1545,96,96,1.0
1352,8,8,1.0
1660,118,118,1.0
1232,48,48,1.0
949,48,48,1.0
1663,24,24,1.0
377,60,60,1.0
1899,120,120,1.0
652,192,192,1.0
1390,8,8,1.0
1378,36,36,1.0
1886,192,192,1.0
1423,48,48,1.0
1716,120,120,1.0
867,24,24,1.0
307,80,80,1.0
1902,80,80,1.0
743,90,90,1.0
657,144,144,1.0
616,90,90,1.0
947,40,40,1.0
1056,48,48,1.0
27,360,360,1.0
427,60,60,1.0
1005,24,24,1.0
596,64,64,1.0
1507,24,24,1.0
780,72,72,1.0
514,72,72,1.0
1796,96,96,1.0
1928,12,12,1.0
1022,24,24,1.0
1479,60,60,1.0
912,20,20,1.0
1231,48,48,1.0
846,36,36,1.0
1636,36,36,1.0
1848,192,192,1.0
632,264,264,1.0
246,80,80,1.0
999,12,12,1.0
535,30,30,1.0
469,108,108,1.0
1279,24,24,1.0
1787,144,144,1.0
383,48,48,1.0
1162,450,450,1.0
756,96,96,1.0
1689,18,18,1.0
1240,60,60,1.0
1145,48,48,1.0
1631,96,96,1.0
386,72,72,1.0
247,104,104,1.0
648,90,90,1.0
366,48,48,1.0
1334,12,12,1.0
213,336,336,1.0
944,24,24,1.0
117,672,672,1.0
1038,13,13,1.0
1860,24,24,1.0
353,144,144,1.0
800,36,36,1.0
1520,61,61,1.0
17,1848,1848,1.0
1665,24,24,1.0
1988,288,288,1.0
333,35,35,1.0
1856,48,48,1.0
1158,15,15,1.0
803,33,33,1.0
1857,72,72,1.0
173,360,360,1.0
914,24,24,1.0
264,96,96,1.0
179,432,432,1.0
1294,32,32,1.0
1851,36,36,1.0
1324,12,12,1.0
1852,72,72,1.0
1542,36,36,1.0
1526,16,16,1.0
455,180,180,1.0
1971,24,24,1.0
1802,24,24,1.0
1408,48,48,1.0
1680,96,96,1.0
558,288,288,1.0
641,144,144,1.0
602,72,72,1.0
12,768,768,1.0
757,96,96,1.0
507,270,270,1.0
268,60,60,1.0
712,96,96,1.0
1385,13,13,1.0
1341,96,96,1.0
808,24,24,1.0
1859,96,96,1.0
1700,39,39,1.0
1771,69,69,1.0
1147,20,20,1.0
1887,48,48,1.0
1675,96,96,1.0
1945,72,72,1.0
1927,24,24,1.0
506,288,288,1.0
16,288,288,1.0
1644,12,12,1.0
1962,20,20,1.0
941,26,26,1.0
545,72,72,1.0
115,270,270,1.0
182,288,288,1.0
959,36,36,1.0
107,480,480,1.0
897,36,36,1.0
369,96,96,1.0
1735,96,96,1.0
1873,100,100,1.0
339,52,52,1.0
116,384,384,1.0
1696,24,24,1.0
856,24,24,1.0
1645,96,96,1.0
1884,144,144,1.0
1579,60,60,1.0
1215,36,36,1.0
1541,12,12,1.0
1994,156,156,1.0
1345,48,48,1.0
1068,36,36,1.0
1588,192,192,1.0
1184,24,24,1.0
1457,240,240,1.0
831,36,36,1.0
1030,24,24,1.0
230,192,192,1.0
1963,24,24,1.0
402,36,36,1.0
401,96,96,1.0
212,288,288,1.0
1934,96,96,1.0
1350,12,12,1.0
1252,12,12,1.0
1858,24,24,1.0
1594,192,192,1.0
1571,30,30,1.0
1067,48,48,1.0
1120,24,24,1.0
828,40,40,1.0
1204,48,48,1.0
1693,48,48,1.0
301,54,54,1.0
1401,84,84,1.0
708,120,120,1.0
849,24,24,1.0
118,384,384,1.0
420,108,108,1.0
1647,144,144,1.0
835,36,36,1.0
1032,72,72,1.0
865,24,24,1.0
1246,24,24,1.0
1104,30,30,1.0
483,168,168,1.0
724,96,96,1.0
1980,96,96,1.0
1339,20,20,1.0
509,144,144,1.0
880,36,36,1.0
1841,144,144,1.0
735,96,96,1.0
962,20,20,1.0
381,48,48,1.0
1743,24,24,1.0
1948,300,300,1.0
1613,72,72,1.0
1453,48,48,1.0
1581,30,30,1.0
1733,24,24,1.0
1585,72,72,1.0
1561,24,24,1.0
410,48,48,1.0
1082,24,24,1.0
1600,20,20,1.0
737,288,288,1.0
1110,48,48,1.0
1966,180,180,1.0
414,168,168,1.0
1590,72,72,1.0
1772,48,48,1.0
1648,120,120,1.0
1105,12,12,1.0
380,54,54,1.0
1199,12,12,1.0
1576,24,24,1.0
1744,72,72,1.0
1371,12,12,1.0
1359,30,30,1.0
1107,72,72,1.0
1095,12,12,1.0
1227,20,20,1.0
571,144,144,1.0
1437,20,20,1.0
1510,72,72,1.0
790,72,72,1.0
1275,10,10,1.0
1445,9,9,1.0
1261,6,6,1.0
1511,24,24,1.0
1346,40,40,1.0
1084,90,90,1.0
750,144,144,1.0
911,40,40,1.0
1933,48,48,1.0
991,24,24,1.0
1794,216,216,1.0
968,40,40,1.0
1072,12,12,1.0
635,72,72,1.0
1621,48,48,1.0
1006,96,96,1.0
899,30,30,1.0
680,144,144,1.0
1970,24,24,1.0
1464,24,24,1.0
1002,18,18,1.0
1188,18,18,1.0
1504,24,24,1.0
1282,48,48,1.0
1824,24,24,1.0
1449,40,40,1.0
1021,72,72,1.0
967,60,60,1.0
1220,12,12,1.0
1779,48,48,1.0
1616,192,192,1.0
1202,24,24,1.0
1101,13,13,1.0
1701,120,120,1.0
280,111,111,1.0
1222,60,60,1.0
1254,60,60,1.0
613,120,120,1.0
1395,24,24,1.0
1531,40,40,1.0
892,24,24,1.0
948,15,15,1.0
919,20,20,1.0
453,180,180,1.0
1550,163,163,1.0
431,192,192,1.0
920,20,20,1.0
294,96,96,1.0
877,36,36,1.0
1668,48,48,1.0
1775,24,24,1.0
1920,48,48,1.0
1117,36,36,1.0
1765,48,48,1.0
842,30,30,1.0
1206,120,120,1.0
1171,20,20,1.0
1748,144,144,1.0
1609,12,12,1.0
1409,42,42,1.0
1335,24,24,1.0
1484,12,12,1.0
1406,168,168,1.0
1336,36,36,1.0
1076,18,18,1.0
1372,13,13,1.0
1111,20,20,1.0
745,240,240,1.0
513,90,90,1.0
188,240,240,1.0
696,148,148,1.0
259,72,72,1.0
184,360,360,1.0
645,96,96,1.0
1923,36,36,1.0
932,18,18,1.0
817,36,36,1.0
725,48,48,1.0
1114,20,20,1.0
1079,13,13,1.0
1028,60,60,1.0
1103,48,48,1.0
1161,30,30,1.0
428,36,36,1.0
526,96,96,1.0
397,192,192,1.0
1977,144,144,1.0
1607,32,32,1.0
456,48,48,1.0
1614,96,96,1.0
1026,24,24,1.0
1919,144,144,1.0
688,120,120,1.0
866,18,18,1.0
161,288,288,1.0
1829,32,32,1.0
1166,32,32,1.0
838,24,24,1.0
678,240,240,1.0
491,90,90,1.0
276,60,60,1.0
881,39,39,1.0
1894,36,36,1.0
612,240,240,1.0
550,120,120,1.0
1493,216,216,1.0
939,60,60,1.0
821,48,48,1.0
781,72,72,1.0
1577,16,16,1.0
1411,40,40,1.0
957,24,24,1.0
1978,66,66,1.0
1628,48,48,1.0
1310,32,32,1.0
1257,24,24,1.0
1374,20,20,1.0
331,180,180,1.0
913,24,24,1.0
840,24,24,1.0
289,50,50,1.0
1736,32,32,1.0
1316,24,24,1.0
1737,101,101,1.0
1832,40,40,1.0
1539,12,12,1.0
1785,48,48,1.0
1595,288,288,1.0
695,192,192,1.0
435,192,192,1.0
1823,36,36,1.0
1880,84,84,1.0
675,90,90,1.0
134,504,504,1.0
1418,72,72,1.0
1273,32,32,1.0
1786,18,18,1.0
1535,120,120,1.0
1044,20,20,1.0
1617,16,16,1.0
1098,24,24,1.0
1077,12,12,1.0
834,24,24,1.0
144,288,288,1.0
1251,192,192,1.0
1656,48,48,1.0
868,96,96,1.0
1189,12,12,1.0
1682,120,120,1.0
1377,10,10,1.0
1152,26,26,1.0
1309,24,24,1.0
972,24,24,1.0
452,168,168,1.0
965,16,16,1.0
1322,24,24,1.0
1937,48,48,1.0
1703,288,288,1.0
907,18,18,1.0
533,192,192,1.0
1778,48,48,1.0
772,90,90,1.0
1972,24,24,1.0
400,64,64,1.0
716,120,120,1.0
1685,48,48,1.0
1097,24,24,1.0
1155,32,32,1.0
1116,32,32,1.0
871,24,24,1.0
1699,144,144,1.0
573,96,96,1.0
979,24,24,1.0
1495,240,240,1.0
1671,90,90,1.0
1726,96,96,1.0
1088,40,40,1.0
59,192,192,1.0
1099,24,24,1.0
412,180,180,1.0
547,80,80,1.0
185,432,432,1.0
895,36,36,1.0
1014,26,26,1.0
1207,48,48,1.0
798,40,40,1.0
917,30,30,1.0
922,20,20,1.0
620,96,96,1.0
893,48,48,1.0
1739,32,32,1.0
989,24,24,1.0
1506,60,60,1.0
1402,12,12,1.0
1837,144,144,1.0
1686,40,40,1.0
1926,48,48,1.0
1122,144,144,1.0
982,40,40,1.0
1915,24,24,1.0
1691,24,24,1.0
1650,144,144,1.0
733,336,336,1.0
858,20,20,1.0
650,96,96,1.0
825,108,108,1.0
1216,40,40,1.0
1583,72,72,1.0
964,48,48,1.0
1721,45,45,1.0
1347,18,18,1.0
1840,120,120,1.0
1674,12,12,1.0
1497,24,24,1.0
1368,24,24,1.0
1055,60,60,1.0
1268,24,24,1.0
502,90,90,1.0
557,192,192,1.0
770,96,96,1.0
1208,48,48,1.0
154,288,288,1.0
1846,36,36,1.0
1323,216,216,1.0
1192,48,48,1.0
1157,24,24,1.0
1761,16,16,1.0
1544,13,13,1.0
174,384,384,1.0
1245,36,36,1.0
997,24,24,1.0
1838,21,21,1.0
1620,72,72,1.0
789,96,96,1.0
794,30,30,1.0
1710,96,96,1.0
1430,48,48,1.0
1295,48,48,1.0
1224,108,108,1.0
1922,24,24,1.0
886,16,16,1.0
746,144,144,1.0
1379,24,24,1.0
581,64,64,1.0
511,96,96,1.0
593,80,80,1.0
1876,120,120,1.0
113,270,270,1.0
1810,72,72,1.0
1043,10,10,1.0
1997,150,150,1.0
1799,72,72,1.0
1893,48,48,1.0
719,48,48,1.0
1633,24,24,1.0
1639,24,24,1.0
1126,48,48,1.0
1742,48,48,1.0
1885,216,216,1.0
1414,24,24,1.0
1142,12,12,1.0
1134,13,13,1.0
870,24,24,1.0
1990,162,162,1.0
664,90,90,1.0
1426,13,13,1.0
1460,20,20,1.0
1580,96,96,1.0
1278,12,12,1.0
1762,45,45,1.0
1424,24,24,1.0
1953,24,24,1.0
1486,40,40,1.0
1218,10,10,1.0
1757,36,36,1.0
1370,18,18,1.0
1853,24,24,1.0
1490,20,20,1.0
1582,30,30,1.0
1801,60,60,1.0
1519,24,24,1.0
1439,48,48,1.0
1327,12,12,1.0
1477,144,144,1.0
1436,120,120,1.0
1176,48,48,1.0
1297,24,24,1.0
1455,12,12,1.0
848,24,24,1.0
1681,120,120,1.0
1907,144,144,1.0
1882,144,144,1.0
625,48,48,1.0
786,96,96,1.0
561,96,96,1.0
516,288,288,1.0
722,66,66,1.0
482,48,48,1.0
392,60,60,1.0
755,90,90,1.0
1143,12,12,1.0
1348,48,48,1.0
1230,8,8,1.0
1062,20,20,1.0
1463,144,144,1.0
1329,24,24,1.0
618,72,72,1.0
738,120,120,1.0
1170,12,12,1.0
1332,96,96,1.0
888,18,18,1.0
1475,36,36,1.0
1498,50,50,1.0
1109,36,36,1.0
1435,12,12,1.0
1353,24,24,1.0
1911,96,96,1.0
1081,24,24,1.0
1083,72,72,1.0
1688,16,16,1.0
1866,144,144,1.0
1557,12,12,1.0
666,120,120,1.0
1877,144,144,1.0
749,48,48,1.0
985,16,16,1.0
1782,120,120,1.0
1788,36,36,1.0
1106,12,12,1.0
859,40,40,1.0
195,288,288,1.0
1415,60,60,1.0
1596,24,24,1.0
1601,12,12,1.0
1684,60,60,1.0
1212,16,16,1.0
1687,48,48,1.0
1795,24,24,1.0
1973,72,72,1.0
1292,24,24,1.0
1027,48,48,1.0
1305,48,48,1.0
137,672,672,1.0
1713,36,36,1.0
585,180,180,1.0
782,96,96,1.0
399,96,96,1.0
984,20,20,1.0
1549,24,24,1.0
929,24,24,1.0
470,144,144,1.0
1578,72,72,1.0
1559,60,60,1.0
1524,91,91,1.0
89,840,840,1.0
313,36,36,1.0
640,144,144,1.0
1950,96,96,1.0
747,96,96,1.0
954,24,24,1.0
1159,36,36,1.0
1168,36,36,1.0
826,24,24,1.0
403,36,36,1.0
438,96,96,1.0
1096,48,48,1.0
1709,30,30,1.0
1250,96,96,1.0
1048,18,18,1.0
1566,8,8,1.0
1008,20,20,1.0
481,39,39,1.0
777,192,192,1.0
510,72,72,1.0
443,180,180,1.0
607,168,168,1.0
1074,20,20,1.0
1303,16,16,1.0
1226,36,36,1.0
1394,30,30,1.0
1118,40,40,1.0
1724,48,48,1.0
1570,10,10,1.0
1427,48,48,1.0
1247,12,12,1.0
767,144,144,1.0
1820,36,36,1.0
1452,72,72,1.0
1836,72,72,1.0
1984,24,24,1.0
1643,12,12,1.0
1888,48,48,1.0
1271,12,12,1.0
1657,48,48,1.0
1569,48,48,1.0
1314,36,36,1.0
1256,8,8,1.0
704,168,168,1.0
1770,72,72,1.0
1720,72,72,1.0
518,120,120,1.0
1872,64,64,1.0
1459,24,24,1.0
1469,24,24,1.0
903,40,40,1.0
1462,20,20,1.0
1626,72,72,1.0
321,144,144,1.0
1073,12,12,1.0
621,90,90,1.0
1912,120,120,1.0
1756,12,12,1.0
588,72,72,1.0
150,576,576,1.0
171,240,240,1.0
1365,72,72,1.0
711,120,120,1.0
1805,48,48,1.0
610,144,144,1.0
1089,24,24,1.0
1369,24,24,1.0
1112,12,12,1.0
305,60,60,1.0
1976,48,48,1.0
636,96,96,1.0
649,216,216,1.0
1683,120,120,1.0
1967,48,48,1.0
1705,72,72,1.0
673,96,96,1.0
637,96,96,1.0
552,144,144,1.0
541,96,96,1.0
357,192,192,1.0
1287,30,30,1.0
1625,48,48,1.0
1943,216,216,1.0
950,40,40,1.0
1584,12,12,1.0
1855,38,38,1.0
1995,72,72,1.0
1064,24,24,1.0
485,96,96,1.0
1225,40,40,1.0
589,240,240,1.0
1527,60,60,1.0
1831,28,28,1.0
1942,120,120,1.0
1740,54,54,1.0
1827,40,40,1.0
1169,12,12,1.0
833,40,40,1.0
1069,72,72,1.0
382,48,48,1.0
1952,1020,1020,1.0
1078,48,48,1.0
1476,36,36,1.0
1015,20,20,1.0
1132,36,36,1.0
753,96,96,1.0
980,96,96,1.0
1492,24,24,1.0
1311,60,60,1.0
1732,82,82,1.0
1562,12,12,1.0
1731,30,30,1.0
1144,24,24,1.0
1407,13,13,1.0
1451,60,60,1.0
1315,45,45,1.0
1558,48,48,1.0
1654,48,48,1.0
715,96,96,1.0
1148,18,18,1.0
1991,33,33,1.0
1979,36,36,1.0
167,264,264,1.0
1784,48,48,1.0
1046,24,24,1.0
471,360,360,1.0
1865,96,96,1.0
1521,24,24,1.0
1930,48,48,1.0
1131,24,24,1.0
487,96,96,1.0
1269,168,168,1.0
953,26,26,1.0
1178,45,45,1.0
562,90,90,1.0
1211,60,60,1.0
1718,144,144,1.0
1125,40,40,1.0
1448,24,24,1.0
1695,48,48,1.0
1669,36,36,1.0
1564,60,60,1.0
1466,72,72,1.0
1238,96,96,1.0
961,40,40,1.0
1913,96,96,1.0
1868,72,72,1.0
854,24,24,1.0
1075,12,12,1.0
1319,20,20,1.0
1664,45,45,1.0
677,144,144,1.0
1396,24,24,1.0
1889,24,24,1.0
1182,24,24,1.0
698,90,90,1.0
1651,69,69,1.0
1982,48,48,1.0
904,24,24,1.0
450,144,144,1.0
76,288,288,1.0
1738,24,24,1.0
1241,36,36,1.0
1606,18,18,1.0
1139,24,24,1.0
978,12,12,1.0
1811,96,96,1.0
1944,48,48,1.0
1983,33,33,1.0
1283,12,12,1.0
324,192,192,1.0
1586,96,96,1.0
1900,48,48,1.0
1548,16,16,1.0
1897,30,30,1.0
1965,144,144,1.0
522,48,48,1.0
853,24,24,1.0
762,48,48,1.0
875,36,36,1.0
1465,12,12,1.0
1892,60,60,1.0
1387,48,48,1.0
1883,120,120,1.0
1119,96,96,1.0
1262,40,40,1.0
1183,40,40,1.0
1304,24,24,1.0
1443,64,64,1.0
497,360,360,1.0
1814,72,72,1.0
1086,24,24,1.0
583,192,192,1.0
1060,36,36,1.0
1328,10,10,1.0
1236,10,10,1.0
1429,48,48,1.0
874,24,24,1.0
1783,40,40,1.0
1909,192,192,1.0
459,40,40,1.0
1213,8,8,1.0
837,48,48,1.0
1896,96,96,1.0
1363,30,30,1.0
1293,13,13,1.0
841,36,36,1.0
1678,144,144,1.0
1574,20,20,1.0
1989,72,72,1.0
1935,60,60,1.0
1100,32,32,1.0
1264,12,12,1.0
876,24,24,1.0
624,192,192,1.0
1904,36,36,1.0
1016,16,16,1.0
559,144,144,1.0
604,192,192,1.0
1491,48,48,1.0
1422,12,12,1.0
1672,60,60,1.0
1826,144,144,1.0
1941,24,24,1.0
360,32,32,1.0
1790,48,48,1.0
1446,60,60,1.0
1181,96,96,1.0
940,24,24,1.0
1936,192,192,1.0
1986,33,33,1.0
1065,20,20,1.0
1167,24,24,1.0
1655,216,216,1.0
370,144,144,1.0
776,96,96,1.0
869,40,40,1.0
603,90,90,1.0
1768,91,91,1.0
1053,48,48,1.0
1049,12,12,1.0
1197,144,144,1.0
1946,120,120,1.0
538,96,96,1.0
1433,72,72,1.0
1403,96,96,1.0
564,120,120,1.0
994,18,18,1.0
1954,48,48,1.0
1412,192,192,1.0
1568,18,18,1.0
1471,12,12,1.0
1242,6,6,1.0
1598,48,48,1.0
731,144,144,1.0
515,192,192,1.0
1903,90,90,1.0
1879,216,216,1.0
1901,144,144,1.0
314,40,40,1.0
687,168,168,1.0
384,192,192,1.0
1881,96,96,1.0
335,72,72,1.0
1425,24,24,1.0
1198,24,24,1.0
1964,48,48,1.0
1749,168,168,1.0
1560,40,40,1.0
1505,94,94,1.0
1752,34,34,1.0
1959,48,48,1.0
1706,144,144,1.0
1666,24,24,1.0
1244,12,12,1.0
1355,20,20,1.0
1480,45,45,1.0
1999,180,180,1.0
1185,240,240,1.0
805,36,36,1.0
1987,96,96,1.0
734,144,144,1.0
1080,24,24,1.0
1949,120,120,1.0
1461,24,24,1.0
726,96,96,1.0
1547,12,12,1.0
1301,36,36,1.0
710,120,120,1.0
1676,1000,1000,1.0
1020,12,12,1.0
416,36,36,1.0
1906,72,72,1.0
1624,216,216,1.0
1456,18,18,1.0
451,192,192,1.0
1537,36,36,1.0
1554,36,36,1.0
1389,20,20,1.0
1299,72,72,1.0
1715,12,12,1.0
1546,12,12,1.0
1508,80,80,1.0
1265,36,36,1.0
1140,168,168,1.0
1093,24,24,1.0
597,120,120,1.0
587,264,264,1.0
862,20,20,1.0
872,40,40,1.0
540,336,336,1.0
1649,24,24,1.0
951,40,40,1.0
1728,36,36,1.0
1413,41,41,1.0
424,32,32,1.0
1306,24,24,1.0
1981,216,216,1.0
1474,120,120,1.0
1149,40,40,1.0
1515,36,36,1.0
1839,120,120,1.0
1603,60,60,1.0
1623,12,12,1.0
1094,42,42,1.0
1863,72,72,1.0
1239,20,20,1.0
1809,24,24,1.0
1697,39,39,1.0
1190,60,60,1.0
1009,36,36,1.0
1326,96,96,1.0
1320,48,48,1.0
1812,72,72,1.0
1267,15,15,1.0
819,23,23,1.0
1835,72,72,1.0
1563,80,80,1.0
1146,192,192,1.0
