item_id,current_global_qty,max_global_qty,global_inv_level
0,348,348,1.0
1,1200,1200,1.0
2,408,408,1.0
3,1728,1728,1.0
4,340,340,1.0
5,1350,1350,1.0
6,1530,1530,1.0
7,12360,12360,1.0
8,1056,1056,1.0
9,240,240,1.0
10,190,190,1.0
11,1344,1344,1.0
12,960,960,1.0
13,990,990,1.0
14,130,130,1.0
15,150,150,1.0
16,432,432,1.0
17,2352,2352,1.0
18,144,144,1.0
19,816,816,1.0
20,720,720,1.0
21,1560,1560,1.0
22,864,864,1.0
23,384,384,1.0
24,114,114,1.0
25,1536,1536,1.0
26,2688,2688,1.0
27,2184,2184,1.0
28,2052,2052,1.0
29,120,120,1.0
30,110,110,1.0
31,360,360,1.0
32,1824,1824,1.0
33,576,576,1.0
34,105,105,1.0
35,1848,1848,1.0
36,1200,1200,1.0
37,352,352,1.0
38,1392,1392,1.0
39,95,95,1.0
40,1680,1680,1.0
41,2808,2808,1.0
42,1344,1344,1.0
43,108,108,1.0
44,960,960,1.0
45,192,192,1.0
46,2760,2760,1.0
47,1248,1248,1.0
48,528,528,1.0
49,108,108,1.0
50,432,432,1.0
51,96,96,1.0
52,1344,1344,1.0
53,432,432,1.0
54,130,130,1.0
55,1512,1512,1.0
56,1056,1056,1.0
57,96,96,1.0
58,1848,1848,1.0
59,504,504,1.0
60,1728,1728,1.0
61,100,100,1.0
62,840,840,1.0
63,72,72,1.0
64,240,240,1.0
65,744,744,1.0
66,120,120,1.0
67,108,108,1.0
68,88,88,1.0
69,108,108,1.0
70,960,960,1.0
71,120,120,1.0
72,624,624,1.0
73,2016,2016,1.0
74,60,60,1.0
75,288,288,1.0
76,80,80,1.0
77,108,108,1.0
78,96,96,1.0
79,72,72,1.0
80,96,96,1.0
81,528,528,1.0
82,432,432,1.0
83,960,960,1.0
84,1536,1536,1.0
85,212,212,1.0
86,96,96,1.0
87,72,72,1.0
88,264,264,1.0
89,1152,1152,1.0
90,72,72,1.0
91,84,84,1.0
92,2520,2520,1.0
93,78,78,1.0
94,840,840,1.0
95,100,100,1.0
96,1176,1176,1.0
97,1056,1056,1.0
98,540,540,1.0
99,111,111,1.0
100,768,768,1.0
101,70,70,1.0
102,792,792,1.0
103,576,576,1.0
104,160,160,1.0
105,56,56,1.0
106,90,90,1.0
107,1200,1200,1.0
108,56,56,1.0
109,672,672,1.0
110,648,648,1.0
111,60,60,1.0
112,1344,1344,1.0
113,60,60,1.0
114,120,120,1.0
115,96,96,1.0
116,60,60,1.0
117,1008,1008,1.0
118,192,192,1.0
119,480,480,1.0
120,840,840,1.0
121,2680,2680,1.0
122,432,432,1.0
123,2400,2400,1.0
124,72,72,1.0
125,124,124,1.0
126,64,64,1.0
127,540,540,1.0
128,624,624,1.0
129,960,960,1.0
130,90,90,1.0
131,612,612,1.0
132,960,960,1.0
133,120,120,1.0
134,48,48,1.0
135,72,72,1.0
136,1632,1632,1.0
137,84,84,1.0
138,80,80,1.0
139,624,624,1.0
140,480,480,1.0
141,576,576,1.0
142,48,48,1.0
143,54,54,1.0
144,840,840,1.0
145,288,288,1.0
146,130,130,1.0
147,384,384,1.0
148,104,104,1.0
149,60,60,1.0
150,252,252,1.0
151,60,60,1.0
152,864,864,1.0
153,672,672,1.0
154,2214,2214,1.0
155,108,108,1.0
156,432,432,1.0
157,360,360,1.0
158,144,144,1.0
159,288,288,1.0
160,480,480,1.0
161,78,78,1.0
162,50,50,1.0
163,1008,1008,1.0
164,50,50,1.0
165,528,528,1.0
166,1080,1080,1.0
167,384,384,1.0
168,120,120,1.0
169,108,108,1.0
170,36,36,1.0
171,64,64,1.0
172,480,480,1.0
173,48,48,1.0
174,768,768,1.0
175,192,192,1.0
176,48,48,1.0
177,192,192,1.0
178,384,384,1.0
179,72,72,1.0
180,48,48,1.0
181,70,70,1.0
182,48,48,1.0
183,768,768,1.0
184,1080,1080,1.0
185,144,144,1.0
186,120,120,1.0
187,30,30,1.0
188,80,80,1.0
189,1944,1944,1.0
190,1080,1080,1.0
191,576,576,1.0
192,84,84,1.0
193,336,336,1.0
194,504,504,1.0
195,576,576,1.0
196,840,840,1.0
197,288,288,1.0
198,888,888,1.0
199,360,360,1.0
200,144,144,1.0
201,840,840,1.0
202,60,60,1.0
203,480,480,1.0
204,48,48,1.0
205,576,576,1.0
206,672,672,1.0
207,45,45,1.0
208,60,60,1.0
209,45,45,1.0
210,48,48,1.0
211,40,40,1.0
212,576,576,1.0
213,48,48,1.0
214,48,48,1.0
215,192,192,1.0
216,60,60,1.0
217,384,384,1.0
218,144,144,1.0
219,168,168,1.0
220,72,72,1.0
221,630,630,1.0
222,1512,1512,1.0
223,1970,1970,1.0
224,1880,1880,1.0
225,60,60,1.0
226,40,40,1.0
227,36,36,1.0
228,168,168,1.0
229,180,180,1.0
230,432,432,1.0
231,72,72,1.0
232,48,48,1.0
233,60,60,1.0
234,624,624,1.0
235,36,36,1.0
236,3672,3672,1.0
237,192,192,1.0
238,288,288,1.0
239,444,444,1.0
240,192,192,1.0
241,288,288,1.0
242,264,264,1.0
243,440,440,1.0
244,96,96,1.0
245,288,288,1.0
246,270,270,1.0
247,288,288,1.0
248,72,72,1.0
249,48,48,1.0
250,180,180,1.0
251,60,60,1.0
252,240,240,1.0
253,75,75,1.0
254,576,576,1.0
255,48,48,1.0
256,768,768,1.0
257,216,216,1.0
258,576,576,1.0
259,32,32,1.0
260,36,36,1.0
261,24,24,1.0
262,48,48,1.0
263,40,40,1.0
264,1444,1444,1.0
265,36,36,1.0
266,24,24,1.0
267,180,180,1.0
268,576,576,1.0
269,72,72,1.0
270,288,288,1.0
271,144,144,1.0
272,432,432,1.0
273,36,36,1.0
274,72,72,1.0
275,288,288,1.0
276,144,144,1.0
277,36,36,1.0
278,360,360,1.0
279,324,324,1.0
280,144,144,1.0
281,36,36,1.0
282,288,288,1.0
283,540,540,1.0
284,192,192,1.0
285,360,360,1.0
286,720,720,1.0
287,432,432,1.0
288,792,792,1.0
289,24,24,1.0
290,52,52,1.0
291,168,168,1.0
292,40,40,1.0
293,36,36,1.0
294,36,36,1.0
295,950,950,1.0
296,144,144,1.0
297,30,30,1.0
298,760,760,1.0
299,96,96,1.0
300,48,48,1.0
301,288,288,1.0
302,836,836,1.0
303,480,480,1.0
304,240,240,1.0
305,36,36,1.0
306,40,40,1.0
307,180,180,1.0
308,72,72,1.0
309,36,36,1.0
310,36,36,1.0
311,80,80,1.0
312,240,240,1.0
313,36,36,1.0
314,936,936,1.0
315,384,384,1.0
316,48,48,1.0
317,48,48,1.0
318,24,24,1.0
319,608,608,1.0
320,180,180,1.0
321,91,91,1.0
322,20,20,1.0
323,48,48,1.0
324,384,384,1.0
325,216,216,1.0
326,144,144,1.0
327,25,25,1.0
328,48,48,1.0
329,144,144,1.0
330,90,90,1.0
331,648,648,1.0
332,40,40,1.0
333,240,240,1.0
334,288,288,1.0
335,819,819,1.0
336,30,30,1.0
337,66,66,1.0
338,30,30,1.0
339,944,944,1.0
340,24,24,1.0
341,1296,1296,1.0
342,96,96,1.0
343,629,629,1.0
344,192,192,1.0
345,24,24,1.0
346,96,96,1.0
347,36,36,1.0
348,48,48,1.0
349,48,48,1.0
350,65,65,1.0
351,192,192,1.0
352,18,18,1.0
353,240,240,1.0
354,48,48,1.0
355,288,288,1.0
356,48,48,1.0
357,372,372,1.0
358,24,24,1.0
359,24,24,1.0
360,40,40,1.0
361,144,144,1.0
362,192,192,1.0
363,288,288,1.0
364,384,384,1.0
365,48,48,1.0
366,74,74,1.0
367,40,40,1.0
368,120,120,1.0
369,204,204,1.0
370,44,44,1.0
371,336,336,1.0
372,24,24,1.0
373,703,703,1.0
374,336,336,1.0
375,192,192,1.0
376,40,40,1.0
377,96,96,1.0
378,336,336,1.0
379,48,48,1.0
380,36,36,1.0
381,60,60,1.0
382,44,44,1.0
383,39,39,1.0
384,432,432,1.0
385,240,240,1.0
386,24,24,1.0
387,192,192,1.0
388,18,18,1.0
389,168,168,1.0
390,256,256,1.0
391,192,192,1.0
392,24,24,1.0
393,24,24,1.0
394,120,120,1.0
395,222,222,1.0
396,96,96,1.0
397,432,432,1.0
398,144,144,1.0
399,120,120,1.0
400,48,48,1.0
401,12,12,1.0
402,72,72,1.0
403,180,180,1.0
404,48,48,1.0
405,16,16,1.0
406,288,288,1.0
407,96,96,1.0
408,12,12,1.0
409,384,384,1.0
410,240,240,1.0
411,24,24,1.0
412,80,80,1.0
413,32,32,1.0
414,18,18,1.0
415,48,48,1.0
416,96,96,1.0
417,108,108,1.0
418,84,84,1.0
419,80,80,1.0
420,120,120,1.0
421,740,740,1.0
422,24,24,1.0
423,28,28,1.0
424,216,216,1.0
425,144,144,1.0
426,18,18,1.0
427,18,18,1.0
428,72,72,1.0
429,192,192,1.0
430,36,36,1.0
431,36,36,1.0
432,168,168,1.0
433,39,39,1.0
434,20,20,1.0
435,144,144,1.0
436,12,12,1.0
437,384,384,1.0
438,12,12,1.0
439,20,20,1.0
440,360,360,1.0
441,48,48,1.0
442,72,72,1.0
443,24,24,1.0
444,12,12,1.0
445,90,90,1.0
446,30,30,1.0
447,1887,1887,1.0
448,48,48,1.0
449,90,90,1.0
450,72,72,1.0
451,36,36,1.0
452,20,20,1.0
453,24,24,1.0
454,36,36,1.0
455,24,24,1.0
456,90,90,1.0
457,24,24,1.0
458,48,48,1.0
459,192,192,1.0
460,36,36,1.0
461,24,24,1.0
462,42,42,1.0
463,48,48,1.0
464,18,18,1.0
465,120,120,1.0
466,72,72,1.0
467,96,96,1.0
468,144,144,1.0
469,24,24,1.0
470,96,96,1.0
471,24,24,1.0
472,90,90,1.0
473,32,32,1.0
474,205,205,1.0
475,144,144,1.0
476,96,96,1.0
477,168,168,1.0
478,336,336,1.0
479,240,240,1.0
480,144,144,1.0
481,12,12,1.0
482,26,26,1.0
483,96,96,1.0
484,24,24,1.0
485,11,11,1.0
486,144,144,1.0
487,90,90,1.0
488,36,36,1.0
489,240,240,1.0
490,10,10,1.0
491,40,40,1.0
492,240,240,1.0
493,20,20,1.0
494,24,24,1.0
495,40,40,1.0
496,12,12,1.0
497,168,168,1.0
498,32,32,1.0
499,96,96,1.0
500,8,8,1.0
501,144,144,1.0
502,24,24,1.0
503,12,12,1.0
504,18,18,1.0
505,12,12,1.0
506,192,192,1.0
507,12,12,1.0
508,12,12,1.0
509,16,16,1.0
510,96,96,1.0
511,36,36,1.0
512,24,24,1.0
513,16,16,1.0
514,24,24,1.0
515,18,18,1.0
516,20,20,1.0
517,32,32,1.0
518,12,12,1.0
519,48,48,1.0
520,24,24,1.0
521,48,48,1.0
522,185,185,1.0
523,168,168,1.0
524,24,24,1.0
525,16,16,1.0
526,96,96,1.0
527,13,13,1.0
528,36,36,1.0
529,12,12,1.0
530,20,20,1.0
531,108,108,1.0
532,96,96,1.0
533,24,24,1.0
534,120,120,1.0
535,216,216,1.0
536,9,9,1.0
537,48,48,1.0
538,288,288,1.0
539,168,168,1.0
540,96,96,1.0
541,18,18,1.0
542,48,48,1.0
543,12,12,1.0
544,36,36,1.0
545,120,120,1.0
546,40,40,1.0
547,90,90,1.0
548,24,24,1.0
549,48,48,1.0
550,12,12,1.0
551,16,16,1.0
552,36,36,1.0
553,8,8,1.0
554,15,15,1.0
555,90,90,1.0
556,24,24,1.0
557,18,18,1.0
558,20,20,1.0
559,20,20,1.0
560,24,24,1.0
561,72,72,1.0
562,24,24,1.0
563,24,24,1.0
564,28,28,1.0
565,30,30,1.0
566,24,24,1.0
567,120,120,1.0
568,96,96,1.0
569,216,216,1.0
570,36,36,1.0
571,40,40,1.0
572,30,30,1.0
573,30,30,1.0
574,72,72,1.0
575,48,48,1.0
576,192,192,1.0
577,6,6,1.0
578,12,12,1.0
579,120,120,1.0
580,20,20,1.0
581,24,24,1.0
582,60,60,1.0
583,20,20,1.0
584,13,13,1.0
585,30,30,1.0
586,12,12,1.0
587,48,48,1.0
588,160,160,1.0
589,168,168,1.0
590,12,12,1.0
591,40,40,1.0
592,12,12,1.0
593,16,16,1.0
594,48,48,1.0
595,18,18,1.0
596,24,24,1.0
597,84,84,1.0
598,168,168,1.0
599,20,20,1.0
600,24,24,1.0
601,72,72,1.0
602,24,24,1.0
603,12,12,1.0
604,10,10,1.0
605,72,72,1.0
606,32,32,1.0
607,48,48,1.0
608,24,24,1.0
609,48,48,1.0
610,41,41,1.0
611,120,120,1.0
612,24,24,1.0
613,192,192,1.0
614,96,96,1.0
615,72,72,1.0
616,64,64,1.0
617,20,20,1.0
618,100,100,1.0
619,12,12,1.0
620,12,12,1.0
621,120,120,1.0
622,120,120,1.0
623,66,66,1.0
624,36,36,1.0
625,96,96,1.0
626,12,12,1.0
627,96,96,1.0
628,16,16,1.0
629,16,16,1.0
630,12,12,1.0
631,60,60,1.0
632,240,240,1.0
633,24,24,1.0
634,96,96,1.0
635,20,20,1.0
636,8,8,1.0
637,40,40,1.0
638,12,12,1.0
639,132,132,1.0
640,10,10,1.0
641,40,40,1.0
642,60,60,1.0
643,36,36,1.0
644,60,60,1.0
645,12,12,1.0
646,144,144,1.0
647,24,24,1.0
648,60,60,1.0
649,24,24,1.0
650,36,36,1.0
651,132,132,1.0
652,24,24,1.0
653,24,24,1.0
654,20,20,1.0
655,12,12,1.0
656,24,24,1.0
657,40,40,1.0
658,168,168,1.0
659,96,96,1.0
660,12,12,1.0
661,24,24,1.0
662,24,24,1.0
663,24,24,1.0
664,40,40,1.0
665,48,48,1.0
666,60,60,1.0
667,126,126,1.0
668,240,240,1.0
669,8,8,1.0
670,96,96,1.0
671,12,12,1.0
672,48,48,1.0
673,10,10,1.0
674,96,96,1.0
675,36,36,1.0
676,48,48,1.0
677,72,72,1.0
678,24,24,1.0
679,80,80,1.0
680,94,94,1.0
681,36,36,1.0
682,24,24,1.0
683,61,61,1.0
684,12,12,1.0
685,120,120,1.0
686,24,24,1.0
687,96,96,1.0
688,72,72,1.0
689,72,72,1.0
690,91,91,1.0
691,144,144,1.0
692,60,60,1.0
693,60,60,1.0
694,40,40,1.0
695,96,96,1.0
696,288,288,1.0
697,36,36,1.0
698,24,24,1.0
699,12,12,1.0
700,12,12,1.0
701,24,24,1.0
702,40,40,1.0
703,24,24,1.0
704,120,120,1.0
705,20,20,1.0
706,20,20,1.0
707,12,12,1.0
708,12,12,1.0
709,84,84,1.0
710,16,16,1.0
711,30,30,1.0
712,36,36,1.0
713,12,12,1.0
714,48,48,1.0
715,127,127,1.0
716,12,12,1.0
717,40,40,1.0
718,24,24,1.0
719,144,144,1.0
720,96,96,1.0
721,300,300,1.0
722,72,72,1.0
723,135,135,1.0
724,36,36,1.0
725,36,36,1.0
726,12,12,1.0
727,80,80,1.0
728,144,144,1.0
729,60,60,1.0
730,13,13,1.0
731,108,108,1.0
732,24,24,1.0
733,72,72,1.0
734,36,36,1.0
735,12,12,1.0
736,73,73,1.0
737,96,96,1.0
738,174,174,1.0
739,96,96,1.0
740,312,312,1.0
741,18,18,1.0
742,36,36,1.0
743,12,12,1.0
744,10,10,1.0
745,24,24,1.0
746,30,30,1.0
747,12,12,1.0
748,28,28,1.0
749,30,30,1.0
750,96,96,1.0
751,30,30,1.0
752,24,24,1.0
753,48,48,1.0
754,20,20,1.0
755,12,12,1.0
756,72,72,1.0
757,36,36,1.0
758,36,36,1.0
759,24,24,1.0
760,20,20,1.0
761,72,72,1.0
762,72,72,1.0
763,6,6,1.0
764,168,168,1.0
765,48,48,1.0
766,144,144,1.0
767,96,96,1.0
768,6,6,1.0
769,45,45,1.0
770,24,24,1.0
771,30,30,1.0
772,12,12,1.0
773,12,12,1.0
774,12,12,1.0
775,36,36,1.0
776,32,32,1.0
777,288,288,1.0
778,108,108,1.0
779,192,192,1.0
780,36,36,1.0
781,24,24,1.0
782,336,336,1.0
783,12,12,1.0
784,96,96,1.0
785,12,12,1.0
786,192,192,1.0
787,72,72,1.0
788,24,24,1.0
789,60,60,1.0
790,96,96,1.0
791,24,24,1.0
792,60,60,1.0
793,144,144,1.0
794,40,40,1.0
795,24,24,1.0
796,96,96,1.0
797,80,80,1.0
798,36,36,1.0
799,36,36,1.0
800,24,24,1.0
801,32,32,1.0
802,72,72,1.0
803,6,6,1.0
804,36,36,1.0
805,40,40,1.0
806,12,12,1.0
807,12,12,1.0
808,6,6,1.0
809,96,96,1.0
810,24,24,1.0
811,6,6,1.0
812,12,12,1.0
813,48,48,1.0
814,96,96,1.0
815,192,192,1.0
816,90,90,1.0
817,24,24,1.0
818,24,24,1.0
819,216,216,1.0
820,12,12,1.0
821,24,24,1.0
822,36,36,1.0
823,13,13,1.0
824,13,13,1.0
825,60,60,1.0
826,24,24,1.0
827,12,12,1.0
828,72,72,1.0
829,24,24,1.0
830,12,12,1.0
831,24,24,1.0
832,24,24,1.0
833,48,48,1.0
834,20,20,1.0
835,288,288,1.0
836,24,24,1.0
837,12,12,1.0
838,24,24,1.0
839,36,36,1.0
840,6,6,1.0
841,120,120,1.0
842,48,48,1.0
843,24,24,1.0
844,96,96,1.0
845,30,30,1.0
846,24,24,1.0
847,24,24,1.0
848,48,48,1.0
849,24,24,1.0
850,6,6,1.0
851,12,12,1.0
852,36,36,1.0
853,40,40,1.0
854,16,16,1.0
855,96,96,1.0
856,144,144,1.0
857,12,12,1.0
858,40,40,1.0
859,36,36,1.0
860,24,24,1.0
861,118,118,1.0
862,16,16,1.0
863,24,24,1.0
864,48,48,1.0
865,120,120,1.0
866,48,48,1.0
867,24,24,1.0
868,48,48,1.0
869,60,60,1.0
870,20,20,1.0
871,48,48,1.0
872,8,8,1.0
873,96,96,1.0
874,144,144,1.0
875,96,96,1.0
876,24,24,1.0
877,20,20,1.0
878,10,10,1.0
879,24,24,1.0
880,13,13,1.0
881,6,6,1.0
882,6,6,1.0
883,90,90,1.0
884,30,30,1.0
885,96,96,1.0
886,60,60,1.0
887,13,13,1.0
888,84,84,1.0
889,8,8,1.0
890,60,60,1.0
891,24,24,1.0
892,20,20,1.0
893,1000,1000,1.0
894,174,174,1.0
895,48,48,1.0
896,45,45,1.0
897,60,60,1.0
898,13,13,1.0
899,36,36,1.0
900,36,36,1.0
901,10,10,1.0
902,84,84,1.0
903,72,72,1.0
904,144,144,1.0
905,120,120,1.0
906,72,72,1.0
907,36,36,1.0
908,84,84,1.0
909,48,48,1.0
910,12,12,1.0
911,24,24,1.0
912,120,120,1.0
913,8,8,1.0
914,12,12,1.0
915,48,48,1.0
916,36,36,1.0
917,48,48,1.0
918,24,24,1.0
919,120,120,1.0
920,13,13,1.0
921,72,72,1.0
922,24,24,1.0
923,24,24,1.0
924,24,24,1.0
925,40,40,1.0
926,16,16,1.0
927,12,12,1.0
928,24,24,1.0
929,48,48,1.0
930,13,13,1.0
931,48,48,1.0
932,12,12,1.0
933,96,96,1.0
934,96,96,1.0
935,32,32,1.0
936,72,72,1.0
937,12,12,1.0
938,48,48,1.0
939,40,40,1.0
940,12,12,1.0
941,120,120,1.0
942,24,24,1.0
943,144,144,1.0
944,48,48,1.0
945,192,192,1.0
946,24,24,1.0
947,150,150,1.0
948,144,144,1.0
949,12,12,1.0
950,120,120,1.0
951,12,12,1.0
952,16,16,1.0
953,168,168,1.0
954,144,144,1.0
955,39,39,1.0
956,24,24,1.0
957,12,12,1.0
958,96,96,1.0
959,24,24,1.0
960,24,24,1.0
961,144,144,1.0
962,20,20,1.0
963,40,40,1.0
964,13,13,1.0
965,48,48,1.0
966,40,40,1.0
967,144,144,1.0
968,48,48,1.0
969,84,84,1.0
970,80,80,1.0
971,72,72,1.0
972,144,144,1.0
973,288,288,1.0
974,36,36,1.0
975,96,96,1.0
976,20,20,1.0
977,40,40,1.0
978,48,48,1.0
979,30,30,1.0
980,96,96,1.0
981,48,48,1.0
982,24,24,1.0
983,30,30,1.0
984,48,48,1.0
985,32,32,1.0
986,36,36,1.0
987,101,101,1.0
988,12,12,1.0
989,192,192,1.0
990,15,15,1.0
991,18,18,1.0
992,18,18,1.0
993,48,48,1.0
994,96,96,1.0
995,36,36,1.0
996,96,96,1.0
997,24,24,1.0
998,24,24,1.0
999,12,12,1.0
1000,12,12,1.0
1001,32,32,1.0
1002,36,36,1.0
1003,12,12,1.0
1004,16,16,1.0
1005,13,13,1.0
1006,48,48,1.0
1007,80,80,1.0
1008,96,96,1.0
1009,63,63,1.0
1010,48,48,1.0
1011,144,144,1.0
1012,48,48,1.0
1013,12,12,1.0
1014,24,24,1.0
1015,48,48,1.0
1016,36,36,1.0
1017,72,72,1.0
1018,30,30,1.0
1019,24,24,1.0
1020,36,36,1.0
1021,30,30,1.0
1022,20,20,1.0
1023,20,20,1.0
1024,12,12,1.0
1025,24,24,1.0
1026,72,72,1.0
1027,24,24,1.0
1028,168,168,1.0
1029,60,60,1.0
1030,192,192,1.0
1031,48,48,1.0
1032,6,6,1.0
1033,72,72,1.0
1034,30,30,1.0
1035,72,72,1.0
1036,40,40,1.0
1037,24,24,1.0
1038,168,168,1.0
1039,40,40,1.0
1040,12,12,1.0
1041,48,48,1.0
1042,72,72,1.0
1043,24,24,1.0
1044,24,24,1.0
1045,96,96,1.0
1046,144,144,1.0
1047,60,60,1.0
1048,96,96,1.0
1049,24,24,1.0
1050,24,24,1.0
1051,90,90,1.0
1052,132,132,1.0
1053,45,45,1.0
1054,60,60,1.0
1055,18,18,1.0
1056,24,24,1.0
1057,24,24,1.0
1058,12,12,1.0
1059,12,12,1.0
1060,72,72,1.0
1061,60,60,1.0
1062,120,120,1.0
1063,39,39,1.0
1064,12,12,1.0
1065,48,48,1.0
1066,168,168,1.0
1067,48,48,1.0
1068,48,48,1.0
1069,24,24,1.0
1070,13,13,1.0
1071,24,24,1.0
1072,6,6,1.0
1073,30,30,1.0
1074,120,120,1.0
1075,36,36,1.0
1076,72,72,1.0
1077,8,8,1.0
1078,91,91,1.0
1079,20,20,1.0
1080,50,50,1.0
1081,12,12,1.0
1082,24,24,1.0
1083,96,96,1.0
1084,48,48,1.0
1085,12,12,1.0
1086,48,48,1.0
1087,12,12,1.0
1088,48,48,1.0
1089,10,10,1.0
1090,12,12,1.0
1091,72,72,1.0
1092,6,6,1.0
1093,16,16,1.0
1094,36,36,1.0
1095,24,24,1.0
1096,24,24,1.0
1097,18,18,1.0
1098,24,24,1.0
1099,12,12,1.0
1100,24,24,1.0
1101,24,24,1.0
1102,24,24,1.0
1103,12,12,1.0
1104,24,24,1.0
1105,120,120,1.0
1106,48,48,1.0
1107,24,24,1.0
1108,24,24,1.0
1109,120,120,1.0
1110,36,36,1.0
1111,48,48,1.0
1112,24,24,1.0
1113,36,36,1.0
1114,72,72,1.0
1115,48,48,1.0
1116,48,48,1.0
1117,48,48,1.0
1118,144,144,1.0
1119,24,24,1.0
1120,48,48,1.0
1121,72,72,1.0
1122,24,24,1.0
1123,18,18,1.0
1124,4,4,1.0
1125,10,10,1.0
1126,48,48,1.0
1127,12,12,1.0
1128,120,120,1.0
1129,15,15,1.0
1130,40,40,1.0
1131,24,24,1.0
1132,144,144,1.0
1133,6,6,1.0
1134,12,12,1.0
1135,36,36,1.0
1136,6,6,1.0
1137,96,96,1.0
1138,32,32,1.0
1139,24,24,1.0
1140,6,6,1.0
1141,24,24,1.0
1142,30,30,1.0
1143,8,8,1.0
1144,216,216,1.0
1145,60,60,1.0
1146,24,24,1.0
1147,312,312,1.0
1148,24,24,1.0
1149,12,12,1.0
1150,48,48,1.0
1151,36,36,1.0
1152,50,50,1.0
1153,36,36,1.0
1154,6,6,1.0
1155,24,24,1.0
1156,4,4,1.0
1157,60,60,1.0
1158,96,96,1.0
1159,192,192,1.0
1160,36,36,1.0
1161,60,60,1.0
1162,24,24,1.0
1163,48,48,1.0
1164,18,18,1.0
1165,12,12,1.0
1166,72,72,1.0
1167,32,32,1.0
1168,96,96,1.0
1169,36,36,1.0
1170,12,12,1.0
1171,36,36,1.0
1172,16,16,1.0
1173,12,12,1.0
1174,300,300,1.0
1175,6,6,1.0
1176,72,72,1.0
1177,30,30,1.0
1178,144,144,1.0
1179,48,48,1.0
1180,72,72,1.0
1181,36,36,1.0
1182,48,48,1.0
1183,72,72,1.0
1184,12,12,1.0
1185,60,60,1.0
1186,72,72,1.0
1187,24,24,1.0
1188,36,36,1.0
1189,30,30,1.0
1190,12,12,1.0
1191,96,96,1.0
1192,40,40,1.0
1193,11,11,1.0
1194,12,12,1.0
1195,8,8,1.0
1196,100,100,1.0
1197,12,12,1.0
1198,4,4,1.0
1199,24,24,1.0
1200,48,48,1.0
1201,13,13,1.0
1202,231,231,1.0
1203,4,4,1.0
1204,3,3,1.0
1205,30,30,1.0
1206,36,36,1.0
1207,48,48,1.0
1208,24,24,1.0
1209,36,36,1.0
1210,144,144,1.0
1211,12,12,1.0
1212,12,12,1.0
1213,216,216,1.0
1214,60,60,1.0
1215,192,192,1.0
1216,28,28,1.0
1217,24,24,1.0
1218,24,24,1.0
1219,72,72,1.0
1220,20,20,1.0
1221,24,24,1.0
1222,8,8,1.0
1223,24,24,1.0
1224,12,12,1.0
1225,50,50,1.0
1226,108,108,1.0
1227,48,48,1.0
1228,24,24,1.0
1229,48,48,1.0
1230,36,36,1.0
1231,12,12,1.0
1232,48,48,1.0
1233,28,28,1.0
1234,36,36,1.0
1235,30,30,1.0
1236,96,96,1.0
1237,24,24,1.0
1238,96,96,1.0
1239,40,40,1.0
1240,6,6,1.0
1241,60,60,1.0
1242,24,24,1.0
1243,36,36,1.0
1244,24,24,1.0
1245,8,8,1.0
1246,20,20,1.0
1247,40,40,1.0
1248,45,45,1.0
1249,84,84,1.0
1250,36,36,1.0
1251,144,144,1.0
1252,40,40,1.0
1253,24,24,1.0
1254,16,16,1.0
1255,36,36,1.0
1256,36,36,1.0
1257,4,4,1.0
1258,22,22,1.0
1259,12,12,1.0
1260,120,120,1.0
1261,120,120,1.0
1262,18,18,1.0
1263,60,60,1.0
1264,72,72,1.0
1265,12,12,1.0
1266,36,36,1.0
1267,12,12,1.0
1268,66,66,1.0
1269,70,70,1.0
1270,12,12,1.0
1271,216,216,1.0
1272,12,12,1.0
1273,24,24,1.0
1274,6,6,1.0
1275,5,5,1.0
1276,36,36,1.0
1277,120,120,1.0
1278,80,80,1.0
1279,48,48,1.0
1280,16,16,1.0
1281,36,36,1.0
1282,72,72,1.0
1283,68,68,1.0
1284,36,36,1.0
1285,36,36,1.0
1286,144,144,1.0
1287,24,24,1.0
1288,24,24,1.0
1289,24,24,1.0
1290,240,240,1.0
1291,144,144,1.0
1292,36,36,1.0
1293,216,216,1.0
1294,72,72,1.0
1295,15,15,1.0
1296,24,24,1.0
1297,8,8,1.0
1298,72,72,1.0
1299,12,12,1.0
1300,12,12,1.0
1301,24,24,1.0
1302,24,24,1.0
1303,48,48,1.0
1304,48,48,1.0
1305,20,20,1.0
1306,42,42,1.0
1307,12,12,1.0
1308,144,144,1.0
1309,60,60,1.0
1310,96,96,1.0
1311,24,24,1.0
1312,6,6,1.0
1313,24,24,1.0
1314,36,36,1.0
1315,34,34,1.0
1316,13,13,1.0
1317,24,24,1.0
1318,20,20,1.0
1319,24,24,1.0
1320,72,72,1.0
1321,20,20,1.0
1322,38,38,1.0
1323,85,85,1.0
1324,80,80,1.0
1325,4,4,1.0
1326,15,15,1.0
1327,16,16,1.0
1328,12,12,1.0
1329,12,12,1.0
1330,12,12,1.0
1331,6,6,1.0
1332,72,72,1.0
1333,60,60,1.0
1334,96,96,1.0
1335,63,63,1.0
1336,48,48,1.0
1337,216,216,1.0
1338,12,12,1.0
1339,24,24,1.0
1340,96,96,1.0
1341,30,30,1.0
1342,24,24,1.0
1343,24,24,1.0
1344,60,60,1.0
1345,48,48,1.0
1346,48,48,1.0
1347,12,12,1.0
1348,48,48,1.0
1349,36,36,1.0
1350,96,96,1.0
1351,4,4,1.0
1352,24,24,1.0
1353,36,36,1.0
1354,24,24,1.0
1355,12,12,1.0
1356,20,20,1.0
1357,20,20,1.0
1358,24,24,1.0
1359,8,8,1.0
1360,72,72,1.0
1361,24,24,1.0
1362,4,4,1.0
1363,24,24,1.0
1364,12,12,1.0
1365,24,24,1.0
1366,216,216,1.0
1367,21,21,1.0
1368,20,20,1.0
1369,12,12,1.0
1370,192,192,1.0
1371,12,12,1.0
1372,60,60,1.0
1373,36,36,1.0
1374,64,64,1.0
1375,216,216,1.0
1376,144,144,1.0
1377,50,50,1.0
1378,24,24,1.0
1379,24,24,1.0
1380,96,96,1.0
1381,48,48,1.0
1382,2,2,1.0
1383,12,12,1.0
1384,40,40,1.0
1385,120,120,1.0
1386,30,30,1.0
1387,13,13,1.0
1388,48,48,1.0
1389,4,4,1.0
1390,50,50,1.0
1391,72,72,1.0
1392,4,4,1.0
1393,24,24,1.0
1394,32,32,1.0
1395,192,192,1.0
1396,48,48,1.0
1397,24,24,1.0
1398,24,24,1.0
1399,12,12,1.0
1400,30,30,1.0
1401,60,60,1.0
1402,160,160,1.0
1403,36,36,1.0
1404,40,40,1.0
1405,24,24,1.0
1406,72,72,1.0
1407,12,12,1.0
1408,30,30,1.0
1409,13,13,1.0
1410,12,12,1.0
1411,36,36,1.0
1412,96,96,1.0
1413,336,336,1.0
1414,36,36,1.0
1415,48,48,1.0
1416,30,30,1.0
1417,144,144,1.0
1418,48,48,1.0
1419,216,216,1.0
1420,24,24,1.0
1421,24,24,1.0
1422,84,84,1.0
1423,216,216,1.0
1424,12,12,1.0
1425,48,48,1.0
1426,80,80,1.0
1427,6,6,1.0
1428,48,48,1.0
1429,12,12,1.0
1430,12,12,1.0
1431,60,60,1.0
1432,72,72,1.0
1433,324,324,1.0
1434,12,12,1.0
1435,24,24,1.0
1436,240,240,1.0
1437,20,20,1.0
1438,30,30,1.0
1439,36,36,1.0
1440,24,24,1.0
1441,72,72,1.0
1442,100,100,1.0
1443,40,40,1.0
1444,4,4,1.0
1445,144,144,1.0
1446,12,12,1.0
1447,156,156,1.0
1448,36,36,1.0
1449,36,36,1.0
1450,80,80,1.0
1451,6,6,1.0
1452,72,72,1.0
1453,12,12,1.0
1454,174,174,1.0
1455,24,24,1.0
1456,90,90,1.0
1457,60,60,1.0
1458,138,138,1.0
1459,40,40,1.0
1460,40,40,1.0
1461,216,216,1.0
1462,144,144,1.0
1463,12,12,1.0
1464,96,96,1.0
1465,144,144,1.0
1466,60,60,1.0
1467,36,36,1.0
1468,144,144,1.0
1469,15,15,1.0
1470,48,48,1.0
1471,48,48,1.0
1472,12,12,1.0
1473,60,60,1.0
1474,20,20,1.0
1475,14,14,1.0
1476,24,24,1.0
1477,18,18,1.0
1478,12,12,1.0
1479,540,540,1.0
1480,24,24,1.0
1481,60,60,1.0
1482,54,54,1.0
1483,96,96,1.0
1484,12,12,1.0
1485,10,10,1.0
1486,4,4,1.0
1487,36,36,1.0
1488,72,72,1.0
1489,48,48,1.0
1490,24,24,1.0
1491,36,36,1.0
1492,48,48,1.0
1493,48,48,1.0
1494,24,24,1.0
1495,96,96,1.0
1496,45,45,1.0
1497,30,30,1.0
1498,12,12,1.0
1499,48,48,1.0
1500,24,24,1.0
1501,24,24,1.0
1502,36,36,1.0
1503,24,24,1.0
1504,60,60,1.0
1505,72,72,1.0
1506,45,45,1.0
1507,8,8,1.0
1508,49,49,1.0
1509,72,72,1.0
1510,18,18,1.0
1511,6,6,1.0
1512,36,36,1.0
1513,48,48,1.0
1514,126,126,1.0
1515,12,12,1.0
1516,4,4,1.0
1517,24,24,1.0
1518,6,6,1.0
1519,24,24,1.0
1520,48,48,1.0
1521,200,200,1.0
1522,216,216,1.0
1523,36,36,1.0
1524,45,45,1.0
1525,96,96,1.0
1526,144,144,1.0
1527,48,48,1.0
1528,40,40,1.0
1529,12,12,1.0
1530,20,20,1.0
1531,144,144,1.0
1532,24,24,1.0
1533,640,640,1.0
1534,80,80,1.0
1535,60,60,1.0
1536,24,24,1.0
1537,24,24,1.0
1538,60,60,1.0
1539,120,120,1.0
1540,24,24,1.0
1541,16,16,1.0
1542,72,72,1.0
1543,84,84,1.0
1544,20,20,1.0
1545,36,36,1.0
1546,42,42,1.0
1547,32,32,1.0
1548,16,16,1.0
1549,84,84,1.0
1550,48,48,1.0
1551,48,48,1.0
1552,24,24,1.0
1553,24,24,1.0
1554,24,24,1.0
1555,18,18,1.0
1556,24,24,1.0
1557,30,30,1.0
1558,24,24,1.0
1559,12,12,1.0
1560,4,4,1.0
1561,24,24,1.0
1562,12,12,1.0
1563,36,36,1.0
1564,120,120,1.0
1565,48,48,1.0
1566,30,30,1.0
1567,72,72,1.0
1568,40,40,1.0
1569,96,96,1.0
1570,36,36,1.0
1571,192,192,1.0
1572,75,75,1.0
1573,30,30,1.0
1574,240,240,1.0
1575,30,30,1.0
1576,72,72,1.0
1577,12,12,1.0
1578,24,24,1.0
1579,24,24,1.0
1580,12,12,1.0
1581,110,110,1.0
1582,6,6,1.0
1583,12,12,1.0
1584,96,96,1.0
1585,18,18,1.0
1586,84,84,1.0
1587,5,5,1.0
1588,24,24,1.0
1589,24,24,1.0
1590,24,24,1.0
1591,54,54,1.0
1592,36,36,1.0
1593,24,24,1.0
1594,4,4,1.0
1595,12,12,1.0
1596,72,72,1.0
1597,24,24,1.0
1598,72,72,1.0
1599,83,83,1.0
1600,24,24,1.0
1601,57,57,1.0
1602,90,90,1.0
1603,90,90,1.0
1604,24,24,1.0
1605,216,216,1.0
1606,36,36,1.0
1607,96,96,1.0
1608,120,120,1.0
1609,60,60,1.0
1610,96,96,1.0
1611,174,174,1.0
1612,24,24,1.0
1613,24,24,1.0
1614,13,13,1.0
1615,24,24,1.0
1616,48,48,1.0
1617,36,36,1.0
1618,24,24,1.0
1619,61,61,1.0
1620,216,216,1.0
1621,48,48,1.0
1622,21,21,1.0
1623,24,24,1.0
1624,8,8,1.0
1625,8,8,1.0
1626,48,48,1.0
1627,132,132,1.0
1628,48,48,1.0
1629,30,30,1.0
1630,144,144,1.0
1631,6,6,1.0
1632,102,102,1.0
1633,12,12,1.0
1634,24,24,1.0
1635,48,48,1.0
1636,30,30,1.0
1637,160,160,1.0
1638,42,42,1.0
1639,24,24,1.0
1640,240,240,1.0
1641,60,60,1.0
1642,24,24,1.0
1643,24,24,1.0
1644,12,12,1.0
1645,36,36,1.0
1646,12,12,1.0
1647,144,144,1.0
1648,120,120,1.0
1649,48,48,1.0
1650,48,48,1.0
1651,96,96,1.0
1652,18,18,1.0
1653,100,100,1.0
1654,174,174,1.0
1655,48,48,1.0
1656,48,48,1.0
1657,12,12,1.0
1658,72,72,1.0
1659,20,20,1.0
1660,80,80,1.0
1661,12,12,1.0
1662,72,72,1.0
1663,72,72,1.0
1664,5,5,1.0
1665,48,48,1.0
1666,100,100,1.0
1667,40,40,1.0
1668,36,36,1.0
1669,40,40,1.0
1670,50,50,1.0
1671,24,24,1.0
1672,30,30,1.0
1673,24,24,1.0
1674,12,12,1.0
1675,48,48,1.0
1676,80,80,1.0
1677,24,24,1.0
1678,12,12,1.0
1679,60,60,1.0
1680,20,20,1.0
1681,72,72,1.0
1682,12,12,1.0
1683,12,12,1.0
1684,60,60,1.0
1685,45,45,1.0
1686,36,36,1.0
1687,12,12,1.0
1688,36,36,1.0
1689,48,48,1.0
1690,36,36,1.0
1691,1020,1020,1.0
1692,36,36,1.0
1693,24,24,1.0
1694,30,30,1.0
1695,8,8,1.0
1696,20,20,1.0
1697,324,324,1.0
1698,84,84,1.0
1699,60,60,1.0
1700,4,4,1.0
1701,4,4,1.0
1702,4,4,1.0
1703,6,6,1.0
1704,20,20,1.0
1705,20,20,1.0
1706,30,30,1.0
1707,32,32,1.0
1708,105,105,1.0
1709,40,40,1.0
1710,12,12,1.0
1711,54,54,1.0
1712,48,48,1.0
1713,36,36,1.0
1714,30,30,1.0
1715,636,636,1.0
1716,6,6,1.0
1717,72,72,1.0
1718,12,12,1.0
1719,48,48,1.0
1720,24,24,1.0
1721,60,60,1.0
1722,174,174,1.0
1723,12,12,1.0
1724,60,60,1.0
1725,24,24,1.0
1726,12,12,1.0
1727,96,96,1.0
1728,12,12,1.0
1729,36,36,1.0
1730,72,72,1.0
1731,60,60,1.0
1732,48,48,1.0
1733,13,13,1.0
1734,13,13,1.0
1735,112,112,1.0
1736,72,72,1.0
1737,24,24,1.0
1738,12,12,1.0
1739,24,24,1.0
1740,20,20,1.0
1741,24,24,1.0
1742,24,24,1.0
1743,8,8,1.0
1744,8,8,1.0
1745,8,8,1.0
1746,96,96,1.0
1747,12,12,1.0
1748,72,72,1.0
1749,42,42,1.0
1750,120,120,1.0
1751,36,36,1.0
1752,84,84,1.0
1753,50,50,1.0
1754,102,102,1.0
1755,36,36,1.0
1756,24,24,1.0
1757,24,24,1.0
1758,150,150,1.0
1759,150,150,1.0
1760,144,144,1.0
1761,132,132,1.0
1762,72,72,1.0
1763,144,144,1.0
1764,24,24,1.0
1765,24,24,1.0
1766,57,57,1.0
1767,32,32,1.0
1768,12,12,1.0
1769,24,24,1.0
1770,12,12,1.0
1771,45,45,1.0
1772,24,24,1.0
1773,24,24,1.0
1774,12,12,1.0
1775,12,12,1.0
1776,24,24,1.0
1777,48,48,1.0
1778,24,24,1.0
1779,144,144,1.0
1780,42,42,1.0
1781,36,36,1.0
1782,12,12,1.0
1783,71,71,1.0
1784,24,24,1.0
1785,288,288,1.0
1786,16,16,1.0
1787,2,2,1.0
1788,12,12,1.0
1789,120,120,1.0
1790,80,80,1.0
1791,8,8,1.0
1792,6,6,1.0
1793,4,4,1.0
1794,12,12,1.0
1795,12,12,1.0
1796,4,4,1.0
1797,48,48,1.0
1798,24,24,1.0
1799,4,4,1.0
1800,36,36,1.0
1801,84,84,1.0
1802,73,73,1.0
1803,96,96,1.0
1804,72,72,1.0
1805,32,32,1.0
1806,72,72,1.0
1807,93,93,1.0
1808,24,24,1.0
1809,36,36,1.0
1810,24,24,1.0
1811,12,12,1.0
1812,12,12,1.0
1813,37,37,1.0
1814,48,48,1.0
1815,60,60,1.0
1816,48,48,1.0
1817,6,6,1.0
1818,30,30,1.0
1819,48,48,1.0
1820,36,36,1.0
1821,96,96,1.0
1822,120,120,1.0
1823,36,36,1.0
1824,144,144,1.0
1825,12,12,1.0
1826,4,4,1.0
1827,144,144,1.0
1828,60,60,1.0
1829,24,24,1.0
1830,10,10,1.0
1831,36,36,1.0
1832,72,72,1.0
1833,72,72,1.0
1834,144,144,1.0
1835,48,48,1.0
1836,48,48,1.0
1837,48,48,1.0
1838,4,4,1.0
1839,24,24,1.0
1840,48,48,1.0
1841,24,24,1.0
1842,5,5,1.0
1843,120,120,1.0
1844,48,48,1.0
1845,24,24,1.0
1846,12,12,1.0
1847,144,144,1.0
1848,96,96,1.0
1849,40,40,1.0
1850,8,8,1.0
1851,72,72,1.0
1852,60,60,1.0
1853,72,72,1.0
1854,12,12,1.0
1855,12,12,1.0
1856,120,120,1.0
1857,48,48,1.0
1858,528,528,1.0
1859,48,48,1.0
1860,96,96,1.0
1861,24,24,1.0
1862,36,36,1.0
1863,48,48,1.0
1864,20,20,1.0
1865,60,60,1.0
1866,8,8,1.0
1867,50,50,1.0
1868,192,192,1.0
1869,24,24,1.0
1870,48,48,1.0
1871,12,12,1.0
1872,36,36,1.0
1873,180,180,1.0
1874,20,20,1.0
1875,36,36,1.0
1876,12,12,1.0
1877,24,24,1.0
1878,12,12,1.0
1879,24,24,1.0
1880,12,12,1.0
1881,24,24,1.0
1882,12,12,1.0
1883,24,24,1.0
1884,24,24,1.0
1885,12,12,1.0
1886,40,40,1.0
1887,144,144,1.0
1888,40,40,1.0
1889,420,420,1.0
1890,24,24,1.0
1891,48,48,1.0
1892,24,24,1.0
1893,40,40,1.0
1894,48,48,1.0
1895,48,48,1.0
1896,144,144,1.0
1897,4,4,1.0
1898,24,24,1.0
1899,12,12,1.0
1900,15,15,1.0
1901,48,48,1.0
1902,8,8,1.0
1903,4,4,1.0
1904,48,48,1.0
1905,6,6,1.0
1906,30,30,1.0
1907,5,5,1.0
1908,60,60,1.0
1909,8,8,1.0
1910,48,48,1.0
1911,36,36,1.0
1912,12,12,1.0
1913,72,72,1.0
1914,168,168,1.0
1915,36,36,1.0
1916,6,6,1.0
1917,12,12,1.0
1918,24,24,1.0
1919,24,24,1.0
1920,48,48,1.0
1921,30,30,1.0
1922,10,10,1.0
1923,36,36,1.0
1924,24,24,1.0
1925,72,72,1.0
1926,168,168,1.0
1927,48,48,1.0
1928,96,96,1.0
1929,48,48,1.0
1930,48,48,1.0
1931,96,96,1.0
1932,24,24,1.0
1933,12,12,1.0
1934,120,120,1.0
1935,120,120,1.0
1936,42,42,1.0
1937,72,72,1.0
1938,144,144,1.0
1939,48,48,1.0
1940,36,36,1.0
1941,228,228,1.0
1942,24,24,1.0
1943,48,48,1.0
1944,24,24,1.0
1945,24,24,1.0
1946,2,2,1.0
1947,60,60,1.0
1948,12,12,1.0
1949,60,60,1.0
1950,24,24,1.0
1951,168,168,1.0
1952,24,24,1.0
1953,48,48,1.0
1954,24,24,1.0
1955,36,36,1.0
1956,24,24,1.0
1957,24,24,1.0
1958,144,144,1.0
1959,24,24,1.0
1960,54,54,1.0
1961,48,48,1.0
1962,48,48,1.0
1963,90,90,1.0
1964,36,36,1.0
1965,48,48,1.0
1966,72,72,1.0
1967,72,72,1.0
1968,24,24,1.0
1969,38,38,1.0
1970,16,16,1.0
1971,72,72,1.0
1972,144,144,1.0
1973,72,72,1.0
1974,45,45,1.0
1975,36,36,1.0
1976,96,96,1.0
1977,24,24,1.0
1978,45,45,1.0
1979,96,96,1.0
1980,384,384,1.0
1981,80,80,1.0
1982,84,84,1.0
1983,96,96,1.0
1984,144,144,1.0
1985,156,156,1.0
1986,60,60,1.0
1987,144,144,1.0
1988,144,144,1.0
1989,40,40,1.0
1990,576,576,1.0
1991,24,24,1.0
1992,24,24,1.0
1993,72,72,1.0
1994,12,12,1.0
1995,80,80,1.0
1996,120,120,1.0
1997,20,20,1.0
1998,72,72,1.0
1999,72,72,1.0
2000,24,24,1.0
2001,96,96,1.0
2002,6,6,1.0
2003,216,216,1.0
2004,216,216,1.0
2005,24,24,1.0
2006,15,15,1.0
2007,96,96,1.0
2008,40,40,1.0
2009,30,30,1.0
2010,24,24,1.0
2011,30,30,1.0
2012,60,60,1.0
2013,48,48,1.0
2014,36,36,1.0
2015,36,36,1.0
2016,96,96,1.0
2017,8,8,1.0
2018,72,72,1.0
2019,36,36,1.0
2020,24,24,1.0
2021,18,18,1.0
2022,13,13,1.0
2023,72,72,1.0
2024,96,96,1.0
2025,216,216,1.0
2026,96,96,1.0
2027,96,96,1.0
2028,24,24,1.0
2029,132,132,1.0
2030,12,12,1.0
2031,24,24,1.0
2032,24,24,1.0
2033,20,20,1.0
2034,24,24,1.0
2035,60,60,1.0
2036,352,352,1.0
2037,96,96,1.0
2038,6,6,1.0
2039,60,60,1.0
2040,12,12,1.0
2041,60,60,1.0
2042,20,20,1.0
2043,60,60,1.0
2044,72,72,1.0
2045,4,4,1.0
2046,36,36,1.0
2047,30,30,1.0
2048,60,60,1.0
2049,108,108,1.0
2050,390,390,1.0
2051,2,2,1.0
2052,36,36,1.0
2053,10,10,1.0
2054,180,180,1.0
2055,24,24,1.0
2056,48,48,1.0
2057,300,300,1.0
2058,13,13,1.0
2059,72,72,1.0
2060,10,10,1.0
2061,300,300,1.0
2062,24,24,1.0
2063,96,96,1.0
2064,72,72,1.0
2065,24,24,1.0
2066,72,72,1.0
2067,50,50,1.0
2068,60,60,1.0
2069,12,12,1.0
2070,96,96,1.0
2071,144,144,1.0
2072,48,48,1.0
2073,24,24,1.0
2074,48,48,1.0
2075,48,48,1.0
2076,12,12,1.0
2077,12,12,1.0
2078,96,96,1.0
2079,108,108,1.0
2080,72,72,1.0
2081,13,13,1.0
2082,36,36,1.0
2083,36,36,1.0
2084,70,70,1.0
2085,48,48,1.0
2086,6,6,1.0
2087,9,9,1.0
2088,12,12,1.0
2089,36,36,1.0
2090,24,24,1.0
2091,36,36,1.0
2092,40,40,1.0
2093,24,24,1.0
2094,24,24,1.0
2095,4,4,1.0
2096,128,128,1.0
2097,36,36,1.0
2098,12,12,1.0
2099,12,12,1.0
2100,36,36,1.0
2101,24,24,1.0
2102,24,24,1.0
2103,128,128,1.0
2104,24,24,1.0
2105,36,36,1.0
2106,1,1,1.0
2107,36,36,1.0
2108,24,24,1.0
2109,48,48,1.0
2110,24,24,1.0
2111,144,144,1.0
2112,72,72,1.0
2113,48,48,1.0
2114,24,24,1.0
2115,96,96,1.0
2116,60,60,1.0
2117,12,12,1.0
2118,36,36,1.0
2119,12,12,1.0
2120,16,16,1.0
2121,360,360,1.0
2122,108,108,1.0
2123,132,132,1.0
2124,36,36,1.0
2125,96,96,1.0
2126,12,12,1.0
2127,2,2,1.0
2128,228,228,1.0
2129,18,18,1.0
2130,6,6,1.0
2131,20,20,1.0
2132,18,18,1.0
2133,24,24,1.0
2134,12,12,1.0
2135,8,8,1.0
2136,144,144,1.0
2137,40,40,1.0
2138,6,6,1.0
2139,96,96,1.0
2140,39,39,1.0
2141,48,48,1.0
2142,33,33,1.0
2143,66,66,1.0
2144,144,144,1.0
2145,14,14,1.0
2146,216,216,1.0
2147,32,32,1.0
2148,216,216,1.0
2149,24,24,1.0
2150,216,216,1.0
2151,30,30,1.0
2152,24,24,1.0
2153,2400,2400,1.0
2154,336,336,1.0
2155,60,60,1.0
2156,40,40,1.0
2157,36,36,1.0
2158,24,24,1.0
2159,18,18,1.0
2160,240,240,1.0
2161,636,636,1.0
2162,144,144,1.0
2163,192,192,1.0
2164,36,36,1.0
2165,24,24,1.0
2166,3,3,1.0
2167,12,12,1.0
2168,6,6,1.0
2169,24,24,1.0
2170,240,240,1.0
2171,72,72,1.0
2172,120,120,1.0
2173,12,12,1.0
2174,8,8,1.0
2175,24,24,1.0
2176,48,48,1.0
2177,18,18,1.0
2178,90,90,1.0
2179,6,6,1.0
2180,144,144,1.0
2181,24,24,1.0
2182,36,36,1.0
2183,15,15,1.0
2184,24,24,1.0
2185,60,60,1.0
2186,280,280,1.0
2187,24,24,1.0
2188,144,144,1.0
2189,228,228,1.0
2190,144,144,1.0
2191,324,324,1.0
2192,192,192,1.0
2193,216,216,1.0
2194,24,24,1.0
2195,24,24,1.0
2196,12,12,1.0
2197,24,24,1.0
2198,80,80,1.0
2199,18,18,1.0
2200,6,6,1.0
2201,96,96,1.0
2202,72,72,1.0
2203,12,12,1.0
2204,24,24,1.0
2205,18,18,1.0
2206,48,48,1.0
2207,18,18,1.0
2208,108,108,1.0
2209,96,96,1.0
2210,38,38,1.0
2211,12,12,1.0
2212,12,12,1.0
2213,48,48,1.0
2214,24,24,1.0
2215,96,96,1.0
2216,24,24,1.0
2217,36,36,1.0
2218,144,144,1.0
2219,12,12,1.0
2220,45,45,1.0
2221,70,70,1.0
2222,48,48,1.0
2223,48,48,1.0
2224,84,84,1.0
2225,24,24,1.0
2226,36,36,1.0
2227,24,24,1.0
2228,48,48,1.0
2229,144,144,1.0
2230,36,36,1.0
2231,24,24,1.0
2232,8,8,1.0
2233,36,36,1.0
2234,4,4,1.0
2235,12,12,1.0
2236,12,12,1.0
2237,96,96,1.0
2238,4,4,1.0
2239,30,30,1.0
2240,240,240,1.0
2241,56,56,1.0
2242,100,100,1.0
2243,24,24,1.0
2244,24,24,1.0
2245,24,24,1.0
2246,24,24,1.0
2247,36,36,1.0
2248,36,36,1.0
2249,60,60,1.0
2250,72,72,1.0
2251,48,48,1.0
2252,60,60,1.0
2253,36,36,1.0
2254,24,24,1.0
2255,36,36,1.0
2256,96,96,1.0
2257,24,24,1.0
2258,12,12,1.0
2259,12,12,1.0
2260,6,6,1.0
2261,84,84,1.0
2262,12,12,1.0
2263,24,24,1.0
2264,24,24,1.0
2265,10,10,1.0
2266,8,8,1.0
2267,36,36,1.0
2268,96,96,1.0
2269,18,18,1.0
2270,72,72,1.0
2271,6,6,1.0
2272,192,192,1.0
2273,126,126,1.0
2274,4,4,1.0
2275,48,48,1.0
2276,8,8,1.0
2277,36,36,1.0
2278,96,96,1.0
2279,8,8,1.0
2280,8,8,1.0
2281,48,48,1.0
2282,36,36,1.0
2283,24,24,1.0
2284,12,12,1.0
2285,18,18,1.0
2286,6,6,1.0
2287,12,12,1.0
2288,20,20,1.0
2289,60,60,1.0
2290,24,24,1.0
2291,12,12,1.0
2292,50,50,1.0
2293,24,24,1.0
2294,36,36,1.0
2295,120,120,1.0
2296,48,48,1.0
2297,20,20,1.0
2298,96,96,1.0
2299,154,154,1.0
2300,24,24,1.0
2301,558,558,1.0
2302,36,36,1.0
2303,128,128,1.0
2304,528,528,1.0
2305,192,192,1.0
2306,31,31,1.0
2307,27,27,1.0
2308,168,168,1.0
2309,24,24,1.0
2310,12,12,1.0
2311,48,48,1.0
2312,96,96,1.0
2313,24,24,1.0
2314,78,78,1.0
2315,6,6,1.0
2316,228,228,1.0
2317,96,96,1.0
2318,108,108,1.0
2319,72,72,1.0
2320,18,18,1.0
2321,24,24,1.0
2322,2,2,1.0
2323,48,48,1.0
2324,12,12,1.0
2325,108,108,1.0
2326,36,36,1.0
2327,18,18,1.0
2328,4,4,1.0
2329,132,132,1.0
2330,42,42,1.0
2331,72,72,1.0
2332,48,48,1.0
2333,36,36,1.0
2334,24,24,1.0
2335,84,84,1.0
2336,216,216,1.0
2337,6,6,1.0
2338,72,72,1.0
2339,3,3,1.0
2340,33,33,1.0
2341,33,33,1.0
2342,18,18,1.0
2343,96,96,1.0
2344,48,48,1.0
2345,13,13,1.0
2346,108,108,1.0
2347,24,24,1.0
2348,13,13,1.0
2349,36,36,1.0
2350,240,240,1.0
2351,84,84,1.0
2352,252,252,1.0
2353,252,252,1.0
2354,12,12,1.0
2355,96,96,1.0
2356,138,138,1.0
2357,48,48,1.0
2358,36,36,1.0
2359,48,48,1.0
2360,30,30,1.0
2361,80,80,1.0
2362,48,48,1.0
2363,30,30,1.0
2364,12,12,1.0
2365,36,36,1.0
2366,60,60,1.0
2367,36,36,1.0
2368,12,12,1.0
2369,36,36,1.0
2370,12,12,1.0
2371,30,30,1.0
2372,144,144,1.0
2373,21,21,1.0
2374,36,36,1.0
2375,36,36,1.0
2376,96,96,1.0
2377,105,105,1.0
2378,24,24,1.0
2379,6,6,1.0
2380,36,36,1.0
2381,36,36,1.0
2382,24,24,1.0
2383,72,72,1.0
2384,80,80,1.0
2385,84,84,1.0
2386,48,48,1.0
2387,45,45,1.0
2388,4,4,1.0
2389,48,48,1.0
2390,48,48,1.0
2391,120,120,1.0
2392,83,83,1.0
2393,24,24,1.0
2394,90,90,1.0
2395,144,144,1.0
2396,72,72,1.0
2397,24,24,1.0
2398,48,48,1.0
2399,156,156,1.0
2400,36,36,1.0
2401,16,16,1.0
2402,96,96,1.0
2403,30,30,1.0
2404,30,30,1.0
2405,16,16,1.0
2406,48,48,1.0
2407,24,24,1.0
2408,60,60,1.0
2409,48,48,1.0
2410,120,120,1.0
2411,36,36,1.0
2412,48,48,1.0
2413,24,24,1.0
2414,54,54,1.0
2415,144,144,1.0
2416,24,24,1.0
2417,24,24,1.0
2418,12,12,1.0
2419,40,40,1.0
2420,24,24,1.0
2421,12,12,1.0
2422,40,40,1.0
2423,16,16,1.0
2424,24,24,1.0
2425,36,36,1.0
2426,48,48,1.0
2427,156,156,1.0
2428,4,4,1.0
2429,192,192,1.0
2430,96,96,1.0
2431,20,20,1.0
2432,30,30,1.0
2433,12,12,1.0
2434,24,24,1.0
2435,12,12,1.0
2436,24,24,1.0
2437,36,36,1.0
2438,27,27,1.0
2439,24,24,1.0
2440,12,12,1.0
2441,96,96,1.0
2442,24,24,1.0
2443,36,36,1.0
2444,384,384,1.0
2445,36,36,1.0
2446,24,24,1.0
2447,120,120,1.0
2448,180,180,1.0
2449,48,48,1.0
2450,444,444,1.0
2451,24,24,1.0
2452,7,7,1.0
2453,24,24,1.0
2454,72,72,1.0
2455,4,4,1.0
2456,108,108,1.0
2457,24,24,1.0
2458,78,78,1.0
2459,40,40,1.0
2460,12,12,1.0
2461,132,132,1.0
2462,24,24,1.0
2463,120,120,1.0
2464,6,6,1.0
2465,144,144,1.0
2466,96,96,1.0
2467,96,96,1.0
2468,96,96,1.0
2469,48,48,1.0
2470,288,288,1.0
2471,48,48,1.0
2472,288,288,1.0
2473,30,30,1.0
2474,444,444,1.0
2475,57,57,1.0
2476,6,6,1.0
2477,48,48,1.0
2478,168,168,1.0
2479,216,216,1.0
2480,72,72,1.0
2481,3,3,1.0
2482,48,48,1.0
2483,48,48,1.0
2484,48,48,1.0
2485,168,168,1.0
2486,60,60,1.0
2487,120,120,1.0
2488,132,132,1.0
2489,96,96,1.0
2490,132,132,1.0
2491,108,108,1.0
2492,108,108,1.0
2493,8,8,1.0
2494,61,61,1.0
2495,72,72,1.0
2496,24,24,1.0
2497,140,140,1.0
2498,24,24,1.0
2499,96,96,1.0
2500,24,24,1.0
2501,10,10,1.0
2502,12,12,1.0
2503,120,120,1.0
2504,72,72,1.0
2505,140,140,1.0
2506,72,72,1.0
2507,150,150,1.0
2508,3,3,1.0
2509,60,60,1.0
2510,48,48,1.0
2511,24,24,1.0
2512,192,192,1.0
2513,36,36,1.0
2514,111,111,1.0
2515,12,12,1.0
2516,36,36,1.0
2517,60,60,1.0
2518,84,84,1.0
2519,36,36,1.0
2520,120,120,1.0
2521,24,24,1.0
2522,132,132,1.0
2523,42,42,1.0
2524,144,144,1.0
2525,72,72,1.0
2526,56,56,1.0
2527,56,56,1.0
2528,56,56,1.0
2529,24,24,1.0
2530,8,8,1.0
2531,72,72,1.0
2532,10,10,1.0
2533,27,27,1.0
2534,6,6,1.0
2535,156,156,1.0
2536,12,12,1.0
2537,10,10,1.0
2538,385,385,1.0
2539,428,428,1.0
2540,36,36,1.0
2541,6,6,1.0
2542,6,6,1.0
2543,11,11,1.0
2544,12,12,1.0
2545,84,84,1.0
2546,120,120,1.0
2547,252,252,1.0
2548,180,180,1.0
2549,48,48,1.0
2550,180,180,1.0
2551,60,60,1.0
2552,594,594,1.0
2553,72,72,1.0
2554,34,34,1.0
2555,90,90,1.0
2556,8,8,1.0
2557,48,48,1.0
2558,60,60,1.0
2559,180,180,1.0
2560,168,168,1.0
2561,96,96,1.0
2562,48,48,1.0
2563,12,12,1.0
2564,42,42,1.0
2565,12,12,1.0
2566,60,60,1.0
2567,4,4,1.0
2568,44,44,1.0
2569,24,24,1.0
2570,54,54,1.0
2571,54,54,1.0
2572,6,6,1.0
2573,132,132,1.0
2574,36,36,1.0
2575,6,6,1.0
2576,4,4,1.0
2577,4,4,1.0
2578,60,60,1.0
2579,24,24,1.0
2580,60,60,1.0
2581,84,84,1.0
2582,132,132,1.0
2583,18,18,1.0
2584,36,36,1.0
2585,36,36,1.0
2586,96,96,1.0
2587,30,30,1.0
2588,36,36,1.0
2589,150,150,1.0
2590,24,24,1.0
2591,8,8,1.0
2592,1,1,1.0
2593,6,6,1.0
2594,72,72,1.0
2595,12,12,1.0
2596,6,6,1.0
2597,84,84,1.0
2598,230,230,1.0
2599,144,144,1.0
2600,72,72,1.0
2601,90,90,1.0
2602,6,6,1.0
2603,24,24,1.0
2604,48,48,1.0
2605,144,144,1.0
2606,144,144,1.0
2607,80,80,1.0
2608,264,264,1.0
2609,72,72,1.0
2610,152,152,1.0
2611,84,84,1.0
2612,192,192,1.0
2613,24,24,1.0
2614,12,12,1.0
2615,60,60,1.0
2616,24,24,1.0
2617,60,60,1.0
2618,60,60,1.0
2619,12,12,1.0
2620,72,72,1.0
2621,24,24,1.0
2622,72,72,1.0
2623,72,72,1.0
2624,12,12,1.0
2625,90,90,1.0
2626,24,24,1.0
2627,12,12,1.0
2628,12,12,1.0
2629,63,63,1.0
2630,12,12,1.0
2631,48,48,1.0
2632,24,24,1.0
2633,60,60,1.0
2634,48,48,1.0
2635,20,20,1.0
2636,36,36,1.0
2637,24,24,1.0
2638,24,24,1.0
2639,20,20,1.0
2640,100,100,1.0
2641,360,360,1.0
2642,24,24,1.0
2643,48,48,1.0
2644,60,60,1.0
2645,36,36,1.0
2646,48,48,1.0
2647,192,192,1.0
2648,90,90,1.0
2649,48,48,1.0
2650,4,4,1.0
2651,36,36,1.0
2652,30,30,1.0
2653,30,30,1.0
2654,48,48,1.0
2655,18,18,1.0
2656,36,36,1.0
2657,45,45,1.0
2658,18,18,1.0
2659,16,16,1.0
2660,36,36,1.0
2661,30,30,1.0
2662,36,36,1.0
2663,312,312,1.0
2664,36,36,1.0
2665,24,24,1.0
2666,24,24,1.0
2667,96,96,1.0
2668,216,216,1.0
2669,36,36,1.0
2670,144,144,1.0
2671,420,420,1.0
2672,144,144,1.0
2673,168,168,1.0
2674,144,144,1.0
2675,36,36,1.0
2676,222,222,1.0
2677,72,72,1.0
2678,81,81,1.0
2679,36,36,1.0
2680,48,48,1.0
2681,12,12,1.0
2682,216,216,1.0
2683,24,24,1.0
2684,42,42,1.0
2685,72,72,1.0
2686,18,18,1.0
2687,48,48,1.0
2688,552,552,1.0
2689,120,120,1.0
2690,45,45,1.0
2691,216,216,1.0
2692,120,120,1.0
2693,24,24,1.0
2694,32,32,1.0
2695,156,156,1.0
2696,144,144,1.0
2697,48,48,1.0
2698,36,36,1.0
2699,48,48,1.0
2700,24,24,1.0
2701,24,24,1.0
2702,192,192,1.0
2703,32,32,1.0
2704,60,60,1.0
2705,12,12,1.0
2706,12,12,1.0
2707,24,24,1.0
2708,12,12,1.0
2709,181,181,1.0
2710,180,180,1.0
2711,144,144,1.0
2712,48,48,1.0
2713,40,40,1.0
2714,36,36,1.0
2715,24,24,1.0
2716,24,24,1.0
2717,36,36,1.0
2718,12,12,1.0
2719,48,48,1.0
2720,51,51,1.0
2721,24,24,1.0
2722,120,120,1.0
2723,48,48,1.0
2724,72,72,1.0
2725,40,40,1.0
2726,40,40,1.0
2727,36,36,1.0
2728,132,132,1.0
2729,192,192,1.0
2730,96,96,1.0
2731,48,48,1.0
2732,210,210,1.0
2733,24,24,1.0
2734,84,84,1.0
2735,120,120,1.0
2736,6,6,1.0
2737,36,36,1.0
2738,24,24,1.0
2739,216,216,1.0
2740,84,84,1.0
2741,18,18,1.0
2742,24,24,1.0
2743,72,72,1.0
2744,4,4,1.0
2745,60,60,1.0
2746,240,240,1.0
2747,108,108,1.0
2748,72,72,1.0
2749,12,12,1.0
2750,216,216,1.0
2751,90,90,1.0
2752,120,120,1.0
2753,204,204,1.0
2754,216,216,1.0
2755,18,18,1.0
2756,384,384,1.0
2757,90,90,1.0
2758,36,36,1.0
2759,498,498,1.0
2760,108,108,1.0
2761,84,84,1.0
2762,84,84,1.0
2763,4,4,1.0
2764,180,180,1.0
2765,60,60,1.0
2766,36,36,1.0
2767,48,48,1.0
2768,60,60,1.0
2769,63,63,1.0
2770,150,150,1.0
2771,168,168,1.0
2772,126,126,1.0
2773,216,216,1.0
2774,36,36,1.0
2775,36,36,1.0
2776,48,48,1.0
2777,84,84,1.0
2778,60,60,1.0
2779,108,108,1.0
2780,6,6,1.0
2781,156,156,1.0
2782,48,48,1.0
2783,80,80,1.0
2784,144,144,1.0
2785,27,27,1.0
2786,24,24,1.0
2787,12,12,1.0
2788,30,30,1.0
2789,24,24,1.0
2790,12,12,1.0
2791,9,9,1.0
2792,120,120,1.0
2793,48,48,1.0
2794,120,120,1.0
2795,96,96,1.0
2796,48,48,1.0
2797,36,36,1.0
2798,30,30,1.0
2799,828,828,1.0
2800,24,24,1.0
2801,96,96,1.0
2802,36,36,1.0
2803,264,264,1.0
2804,24,24,1.0
2805,5,5,1.0
2806,2,2,1.0
2807,4,4,1.0
2808,36,36,1.0
2809,60,60,1.0
2810,78,78,1.0
2811,459,459,1.0
2812,96,96,1.0
2813,330,330,1.0
2814,15,15,1.0
2815,40,40,1.0
2816,2,2,1.0
2817,216,216,1.0
2818,12,12,1.0
2819,2,2,1.0
2820,48,48,1.0
2821,108,108,1.0
2822,48,48,1.0
2823,81,81,1.0
2824,264,264,1.0
2825,81,81,1.0
2826,144,144,1.0
2827,57,57,1.0
2828,57,57,1.0
2829,81,81,1.0
2830,8,8,1.0
2831,24,24,1.0
2832,12,12,1.0
2833,72,72,1.0
2834,120,120,1.0
2835,216,216,1.0
2836,96,96,1.0
2837,72,72,1.0
2838,48,48,1.0
2839,24,24,1.0
2840,36,36,1.0
2841,60,60,1.0
2842,60,60,1.0
2843,40,40,1.0
2844,48,48,1.0
2845,300,300,1.0
2846,117,117,1.0
2847,42,42,1.0
2848,36,36,1.0
2849,72,72,1.0
2850,48,48,1.0
2851,4,4,1.0
2852,288,288,1.0
2853,72,72,1.0
2854,270,270,1.0
2855,48,48,1.0
2856,66,66,1.0
2857,24,24,1.0
2858,16,16,1.0
2859,24,24,1.0
2860,20,20,1.0
2861,25,25,1.0
2862,144,144,1.0
2863,20,20,1.0
2864,168,168,1.0
2865,72,72,1.0
2866,84,84,1.0
2867,36,36,1.0
2868,80,80,1.0
2869,144,144,1.0
2870,324,324,1.0
2871,27,27,1.0
2872,48,48,1.0
2873,144,144,1.0
2874,144,144,1.0
2875,12,12,1.0
2876,36,36,1.0
2877,48,48,1.0
2878,48,48,1.0
2879,48,48,1.0
2880,72,72,1.0
2881,192,192,1.0
2882,312,312,1.0
2883,20,20,1.0
2884,48,48,1.0
2885,60,60,1.0
2886,120,120,1.0
2887,42,42,1.0
2888,390,390,1.0
2889,144,144,1.0
2890,36,36,1.0
2891,240,240,1.0
2892,72,72,1.0
2893,324,324,1.0
2894,72,72,1.0
2895,36,36,1.0
2896,144,144,1.0
2897,12,12,1.0
2898,12,12,1.0
2899,200,200,1.0
2900,36,36,1.0
2901,9,9,1.0
2902,12,12,1.0
2903,12,12,1.0
2904,96,96,1.0
2905,4,4,1.0
2906,8,8,1.0
2907,24,24,1.0
2908,32,32,1.0
2909,8,8,1.0
2910,14,14,1.0
2911,3,3,1.0
2912,11,11,1.0
2913,6,6,1.0
2914,3,3,1.0
2915,3,3,1.0
2916,4,4,1.0
2917,33,33,1.0
2918,270,270,1.0
2919,32,32,1.0
2920,41,41,1.0
2921,18,18,1.0
2922,18,18,1.0
2923,96,96,1.0
2924,36,36,1.0
2925,72,72,1.0
2926,6,6,1.0
2927,45,45,1.0
2928,6,6,1.0
2929,96,96,1.0
2930,200,200,1.0
2931,72,72,1.0
2932,216,216,1.0
2933,40,40,1.0
2934,24,24,1.0
2935,90,90,1.0
2936,252,252,1.0
2937,70,70,1.0
2938,252,252,1.0
2939,60,60,1.0
2940,102,102,1.0
2941,60,60,1.0
2942,60,60,1.0
2943,144,144,1.0
2944,13,13,1.0
2945,24,24,1.0
2946,24,24,1.0
2947,183,183,1.0
2948,171,171,1.0
2949,24,24,1.0
2950,42,42,1.0
2951,72,72,1.0
2952,54,54,1.0
2953,84,84,1.0
2954,48,48,1.0
2955,36,36,1.0
2956,24,24,1.0
2957,120,120,1.0
2958,60,60,1.0
2959,24,24,1.0
2960,8,8,1.0
2961,24,24,1.0
2962,32,32,1.0
2963,60,60,1.0
2964,60,60,1.0
2965,72,72,1.0
2966,30,30,1.0
2967,72,72,1.0
2968,15,15,1.0
2969,36,36,1.0
2970,60,60,1.0
2971,78,78,1.0
2972,24,24,1.0
2973,48,48,1.0
2974,16,16,1.0
2975,72,72,1.0
2976,30,30,1.0
2977,186,186,1.0
2978,24,24,1.0
2979,24,24,1.0
2980,24,24,1.0
2981,120,120,1.0
2982,36,36,1.0
2983,48,48,1.0
2984,800,800,1.0
2985,60,60,1.0
2986,120,120,1.0
2987,90,90,1.0
2988,8,8,1.0
2989,32,32,1.0
2990,264,264,1.0
2991,30,30,1.0
2992,132,132,1.0
2993,36,36,1.0
2994,84,84,1.0
2995,1200,1200,1.0
2996,190,190,1.0
2997,90,90,1.0
2998,36,36,1.0
2999,36,36,1.0
