pod_id,item_id,qty,order_id,processed_time,task_type,trigger,opp_score
113,3,11,-94,56,1,,
113,306,10,-14,56,1,,
132,40,6,-25,74,1,,
132,40,9,-62,74,1,,
132,250,4,-25,74,1,,
157,5,2,-47,81,1,,
157,5,10,-67,81,1,,
157,5,12,-81,81,1,,
157,840,2,-66,81,1,,
157,27,6,-34,81,1,,
172,28,5,-19,85,1,,
172,6,6,-19,85,1,,
172,1170,11,-14,85,1,,
301,705,4,-97,87,1,,
301,279,5,-26,87,1,,
244,654,12,-19,102,1,,
98,448,10,-66,115,1,,
98,243,5,-65,115,1,,
98,38,11,-23,115,1,,
29,1,12,-58,116,1,,
29,148,4,-26,116,1,,
29,33,6,-26,116,1,,
153,99,11,-19,119,1,,
277,49,4,-97,143,1,,
277,49,6,-44,143,1,,
277,49,9,-62,143,1,,
277,221,2,-26,143,1,,
325,417,4,-82,144,1,,
325,54,8,-80,144,1,,
325,54,5,-19,144,1,,
17,17,11,-66,149,1,,
17,118,8,-66,149,1,,
17,57,6,-65,149,1,,
67,1071,12,-94,164,1,,
67,20,1,-80,164,1,,
131,4,6,-48,169,1,,
131,67,6,-58,169,1,,
131,96,6,-26,169,1,,
233,103,2,-54,180,1,,
233,103,4,-67,180,1,,
233,103,4,-23,180,1,,
233,390,6,-66,180,1,,
233,269,5,-65,180,1,,
233,7,1,-47,180,1,,
35,59,4,-95,180,1,,
35,755,6,-94,180,1,,
180,73,5,-25,189,1,,
180,160,8,-26,189,1,,
69,782,10,-14,196,1,,
58,540,5,-58,203,1,,
58,36,3,-26,203,1,,
263,396,10,-14,213,1,,
39,534,2,-97,214,1,,
39,19,2,-25,214,1,,
39,148,2,-26,214,1,,
348,31,2,-27,226,1,,
348,31,4,-62,226,1,,
289,50,4,-81,228,1,,
289,8,2,-66,228,1,,
289,8,3,-34,228,1,,
289,8,10,-67,228,1,,
289,8,10,-65,228,1,,
289,948,4,-66,228,1,,
289,132,4,-65,228,1,,
136,97,9,-19,240,1,,
22,524,8,-19,251,1,,
200,210,10,-66,255,1,,
200,46,9,-65,255,1,,
343,12,4,-48,266,1,,
70,151,4,-97,273,1,,
57,770,9,-65,277,1,,
57,89,5,-65,277,1,,
104,39,4,-26,282,1,,
132,580,6,-26,292,1,,
222,265,9,-14,297,1,,
167,72,8,-81,298,1,,
167,258,4,-65,298,1,,
167,44,2,-47,298,1,,
87,241,8,-98,309,1,,
256,332,7,-67,317,1,,
256,48,6,-67,317,1,,
195,74,2,-19,321,1,,
195,496,6,-19,321,1,,
347,286,12,-59,327,1,,
306,954,3,-81,335,1,,
306,176,8,-65,335,1,,
137,26,12,-43,338,1,,
310,177,10,-66,351,1,,
25,87,1,-86,352,1,,
25,0,9,-79,352,1,,
275,680,8,-80,363,1,,
203,1201,8,-23,365,1,,
79,2,8,3,371,1,,
231,644,8,-94,375,1,,
71,191,8,-47,379,1,,
281,106,7,-19,386,1,,
251,272,7,-23,392,1,,
344,138,4,-11,394,1,,
333,281,8,-19,397,1,,
184,489,7,-81,404,1,,
0,56,5,-9,404,1,,
138,372,6,-66,423,1,,
54,1,8,-30,431,1,,
54,538,2,-30,431,1,,
4,85,4,-69,437,1,,
288,403,10,-92,439,1,,
307,52,7,-80,443,1,,
3,85,4,-69,448,1,,
192,493,5,-34,456,1,,
196,627,4,-69,457,1,,
370,114,7,-94,461,1,,
136,26,7,-38,471,1,,
179,160,2,-23,476,1,,
179,125,4,-52,476,1,,
2,32,8,-4,479,1,,
197,318,6,-94,481,1,,
236,649,6,-66,490,1,,
1,15,8,7,491,1,,
5,0,8,12,502,1,,
81,153,4,-66,506,1,,
226,216,5,-80,511,1,,
272,171,4,-81,518,1,,
363,141,4,-19,518,1,,
320,54,3,-19,527,1,,
274,105,8,-22,540,1,,
257,395,3,-94,546,1,,
99,22,3,-77,549,1,,
21,235,2,-66,553,1,,
21,57,1,-65,553,1,,
6,294,4,-77,556,1,,
234,104,4,-16,560,1,,
358,140,3,-14,577,1,,
206,164,10,-91,584,1,,
166,125,3,-52,585,1,,
256,104,3,-16,591,1,,
308,176,8,-85,595,1,,
25,147,3,-81,596,1,,
22,58,2,-33,600,1,,
235,104,4,-16,603,1,,
96,93,2,-19,605,1,,
75,38,10,-85,622,1,,
228,324,1,8,627,1,,
64,1,5,-91,640,1,,
64,302,8,-91,640,1,,
78,192,7,-99,643,1,,
222,215,4,-99,650,1,,
302,136,8,-91,652,1,,
207,506,10,24,666,1,,
359,14,9,-57,666,1,,
298,51,2,-19,671,1,,
63,150,10,-5,680,1,,
299,51,10,-1,685,1,,
26,147,12,-99,691,1,,
26,58,10,-99,691,1,,
194,74,3,-99,696,1,,
36,755,1,-94,702,1,,
204,630,3,-81,702,1,,
230,78,7,-91,702,1,,
230,47,10,2,702,1,,
275,105,1,-22,706,1,,
81,794,6,-51,711,1,,
353,85,4,-61,714,1,,
353,226,4,-91,714,1,,
188,101,4,-100,718,1,,
13,346,4,-57,724,1,,
138,585,6,-61,734,1,,
138,4,9,17,734,1,,
236,168,8,-3,742,1,,
135,818,7,2,745,1,,
212,77,4,-100,754,1,,
212,264,4,-3,754,1,,
11,117,7,-96,754,1,,
172,125,4,-91,758,1,,
172,45,5,17,758,1,,
203,47,4,-7,765,1,,
231,268,10,17,772,1,,
21,86,2,-12,773,1,,
21,17,8,-93,773,1,,
367,230,3,-81,779,1,,
29,184,9,-7,789,1,,
300,108,7,-64,791,1,,
202,211,5,-85,801,1,,
363,141,6,-93,808,1,,
196,627,3,-85,812,1,,
196,125,4,-91,812,1,,
296,108,7,25,818,1,,
47,188,2,-51,823,1,,
47,88,7,-93,823,1,,
323,969,3,-56,826,1,,
170,157,12,-8,828,1,,
297,108,3,25,832,1,,
0,85,4,-61,835,1,,
16,117,2,-56,837,1,,
32,120,10,-36,851,1,,
184,161,3,-15,853,1,,
298,108,3,-64,858,1,,
254,662,2,-3,861,1,,
43,35,10,-15,875,1,,
2,15,6,28,889,1,,
65,61,10,-40,891,1,,
65,1,6,-2,891,1,,
37,34,1,-93,898,1,,
139,585,2,-61,902,1,,
195,28,5,-40,907,1,,
195,102,6,-40,907,1,,
352,13,1,-65,910,1,,
156,100,7,-72,926,1,,
295,50,2,-40,930,1,,
295,50,6,-37,930,1,,
295,699,10,-2,930,1,,
64,37,4,-87,933,1,,
64,447,5,-87,933,1,,
286,336,7,-63,936,1,,
160,124,4,-88,943,1,,
173,609,4,-87,952,1,,
173,157,10,-87,952,1,,
159,156,11,-63,959,1,,
337,84,6,-40,963,1,,
337,1321,8,-2,963,1,,
337,55,12,-90,963,1,,
180,7,8,-87,964,1,,
364,113,9,-72,972,1,,
368,1007,7,-87,974,1,,
155,593,8,-71,983,1,,
66,61,2,-40,988,1,,
66,190,5,-37,988,1,,
66,37,12,-90,988,1,,
131,123,11,-53,999,1,,
131,4,8,-53,999,1,,
10,145,6,-40,1012,1,,
10,16,6,-37,1012,1,,
10,0,6,-90,1012,1,,
174,260,10,-55,1018,1,,
174,204,4,0,1018,1,,
191,46,5,-2,1034,1,,
191,1546,12,-37,1034,1,,
185,46,6,-53,1044,1,,
185,7,6,-53,1044,1,,
185,857,8,-53,1044,1,,
345,139,8,-71,1051,1,,
280,278,4,-37,1051,1,,
280,172,8,-90,1051,1,,
29,1,10,-53,1058,1,,
36,297,8,-74,1063,1,,
367,181,1,-21,1076,1,,
367,1349,12,-21,1076,1,,
44,88,8,-40,1078,1,,
44,35,11,-18,1078,1,,
44,1,2,-18,1078,1,,
318,110,1,-63,1085,1,,
318,221,6,-46,1085,1,,
318,178,9,-46,1085,1,,
183,616,9,-74,1099,1,,
22,146,3,-53,1100,1,,
22,119,1,-49,1100,1,,
22,119,5,-53,1100,1,,
22,181,1,-21,1100,1,,
22,58,8,-49,1100,1,,
82,63,9,-40,1103,1,,
82,92,10,-41,1103,1,,
348,992,8,-40,1129,1,,
348,421,10,-18,1129,1,,
75,152,7,15,1134,1,,
75,1,12,15,1134,1,,
75,62,9,15,1134,1,,
146,253,8,-49,1140,1,,
146,4,7,-49,1140,1,,
21,235,5,13,1154,1,,
21,0,10,15,1154,1,,
63,190,10,-18,1155,1,,
63,150,6,-18,1155,1,,
63,60,2,-32,1155,1,,
61,190,6,-21,1162,1,,
61,1,10,-49,1162,1,,
319,178,8,-13,1173,1,,
319,84,6,36,1173,1,,
298,337,4,-49,1180,1,,
298,51,10,-49,1180,1,,
336,84,8,29,1184,1,,
336,137,6,-41,1184,1,,
336,137,6,-32,1184,1,,
205,7,6,15,1193,1,,
205,505,9,15,1193,1,,
339,30,5,-53,1199,1,,
339,181,1,-21,1199,1,,
339,56,8,33,1199,1,,
124,66,12,-41,1202,1,,
150,69,6,13,1212,1,,
150,27,8,15,1212,1,,
269,676,8,-49,1216,1,,
269,170,2,-49,1216,1,,
269,7,2,35,1216,1,,
195,264,4,-41,1223,1,,
195,102,6,-18,1223,1,,
195,125,4,-18,1223,1,,
155,838,8,-55,1227,1,,
297,108,4,-37,1242,1,,
297,174,8,-41,1242,1,,
128,25,1,35,1243,1,,
128,25,6,0,1243,1,,
103,197,5,-74,1247,1,,
103,452,10,-13,1247,1,,
103,38,12,-13,1247,1,,
39,19,10,-32,1258,1,,
274,934,7,-53,1259,1,,
360,228,6,13,1266,1,,
360,14,8,-46,1266,1,,
86,360,10,-32,1275,1,,
306,83,8,15,1282,1,,
306,52,4,15,1282,1,,
334,29,6,-53,1283,1,,
334,181,1,-21,1283,1,,
15,1029,8,-2,1289,1,,
30,1,6,35,1292,1,,
16,522,8,-2,1303,1,,
257,665,9,15,1305,1,,
170,1168,1,-75,1317,1,,
170,203,3,-49,1317,1,,
83,63,10,-46,1319,1,,
235,168,8,-18,1326,1,,
247,1237,8,-71,1330,1,,
136,372,6,-21,1340,1,,
27,18,8,-41,1340,1,,
301,1286,8,-46,1347,1,,
256,664,3,-53,1353,1,,
92,194,8,-13,1358,1,,
349,181,1,-21,1361,1,,
349,225,3,-49,1361,1,,
42,187,6,-13,1368,1,,
300,704,8,-18,1371,1,,
171,204,1,0,1372,1,,
171,157,6,40,1372,1,,
43,187,6,-74,1377,1,,
372,290,8,15,1389,1,,
299,51,2,-49,1391,1,,
177,159,3,-37,1396,1,,
177,125,4,-18,1396,1,,
85,193,9,27,1409,1,,
270,275,8,26,1412,1,,
150,1149,8,23,1415,1,,
0,181,1,-21,1416,1,,
11,520,7,-32,1420,1,,
302,108,7,-18,1431,1,,
105,1106,1,-2,1440,1,,
105,65,4,-32,1440,1,,
44,187,6,-74,1441,1,,
279,938,5,-37,1454,1,,
90,1093,2,-49,1461,1,,
1,181,1,-21,1467,1,,
129,96,5,-41,1472,1,,
3,181,1,-21,1477,1,,
3,15,6,47,1477,1,,
154,837,1,-90,1483,1,,
154,99,4,-41,1483,1,,
284,688,2,15,1491,1,,
284,8,8,48,1491,1,,
80,2,11,41,1493,1,,
343,138,4,-40,1496,1,,
196,74,6,15,1501,1,,
145,828,5,15,1509,1,,
131,4,5,41,1514,1,,
137,97,3,-32,1516,1,,
153,99,5,15,1517,1,,
297,1282,8,-71,1528,1,,
189,381,11,46,1535,1,,
189,7,4,16,1535,1,,
113,3,6,15,1538,1,,
194,74,3,15,1548,1,,
194,101,2,-13,1548,1,,
358,181,1,-21,1553,1,,
358,140,7,4,1553,1,,
358,13,5,4,1553,1,,
345,111,5,-13,1559,1,,
365,229,3,-40,1561,1,,
88,64,8,4,1564,1,,
167,125,2,-18,1565,1,,
18,181,1,-21,1580,1,,
18,0,2,4,1580,1,,
18,57,2,46,1580,1,,
18,348,6,16,1580,1,,
228,324,4,-71,1582,1,,
257,274,4,51,1586,1,,
213,77,5,30,1599,1,,
209,635,6,4,1602,1,,
209,102,11,49,1602,1,,
162,598,2,-41,1610,1,,
42,442,8,-50,1611,1,,
75,152,5,4,1627,1,,
75,38,6,46,1627,1,,
75,121,8,49,1627,1,,
54,36,8,49,1640,1,,
204,28,8,-73,1649,1,,
204,75,12,-73,1649,1,,
2,181,1,4,1662,1,,
2,32,4,46,1662,1,,
2,115,11,49,1662,1,,
134,251,6,39,1664,1,,
258,333,1,-40,1669,1,,
47,60,3,-63,1674,1,,
128,25,10,46,1676,1,,
98,196,5,39,1680,1,,
302,1287,3,15,1680,1,,
105,39,4,5,1687,1,,
366,113,7,39,1693,1,,
11,520,4,15,1694,1,,
161,597,8,16,1697,1,,
104,452,2,-13,1698,1,,
285,400,2,47,1708,1,,
285,106,6,46,1708,1,,
135,251,1,39,1717,1,,
135,67,11,-73,1717,1,,
299,338,8,16,1720,1,,
12,146,2,23,1725,1,,
156,593,1,-71,1729,1,,
163,44,10,55,1733,1,,
353,181,1,4,1742,1,,
353,226,6,46,1742,1,,
129,25,11,56,1756,1,,
151,590,6,46,1771,1,,
132,4,9,61,1776,1,,
195,74,1,15,1780,1,,
17,118,8,14,1783,1,,
17,33,5,14,1783,1,,
17,234,6,14,1783,1,,
352,111,1,-13,1783,1,,
136,97,4,16,1786,1,,
13,117,7,-73,1794,1,,
154,124,6,58,1798,1,,
359,181,1,4,1808,1,,
359,140,5,46,1808,1,,
16,1030,10,10,1825,1,,
16,295,6,10,1825,1,,
155,124,1,58,1831,1,,
155,5,8,63,1831,1,,
262,1252,10,10,1839,1,,
109,95,5,-76,1844,1,,
39,59,6,61,1848,1,,
39,19,8,-68,1848,1,,
39,1,12,-68,1848,1,,
39,88,2,-68,1848,1,,
238,79,4,16,1854,1,,
22,86,5,14,1868,1,,
22,0,9,37,1868,1,,
22,33,8,37,1868,1,,
21,1034,9,-68,1873,1,,
21,33,10,54,1873,1,,
4,181,1,4,1875,1,,
376,291,6,55,1884,1,,
376,115,6,14,1884,1,,
112,457,8,-68,1900,1,,
112,39,5,54,1900,1,,
112,154,8,64,1900,1,,
143,4,9,14,1910,1,,
143,154,2,37,1910,1,,
143,826,9,37,1910,1,,
102,94,8,-68,1923,1,,
102,196,4,-68,1923,1,,
102,2,3,-68,1923,1,,
102,22,2,54,1923,1,,
334,29,8,6,1929,1,,
162,375,8,14,1931,1,,
162,5,8,37,1931,1,,
43,59,5,34,1946,1,,
43,59,8,54,1946,1,,
43,1,2,34,1946,1,,
43,762,3,34,1946,1,,
239,79,9,6,1953,1,,
239,224,10,6,1953,1,,
253,217,3,-68,1966,1,,
253,331,9,-68,1966,1,,
253,28,3,54,1966,1,,
86,360,8,6,1967,1,,
86,38,2,6,1967,1,,
128,3,6,10,1972,1,,
128,3,8,37,1972,1,,
128,3,10,52,1972,1,,
128,249,8,52,1972,1,,
23,86,7,6,1978,1,,
123,40,12,-68,1985,1,,
273,678,4,6,1987,1,,
190,162,4,6,2003,1,,
318,136,3,56,2008,1,,
318,53,3,14,2008,1,,
318,53,10,52,2008,1,,
318,110,12,52,2008,1,,
113,39,5,54,2009,1,,
113,3,11,42,2009,1,,
266,674,7,10,2029,1,,
266,218,9,37,2029,1,,
197,498,6,-68,2032,1,,
197,867,4,64,2032,1,,
197,318,6,42,2032,1,,
367,14,5,-20,2032,1,,
367,230,11,-20,2032,1,,
105,368,12,-83,2046,1,,
105,2,1,14,2046,1,,
348,31,10,14,2060,1,,
326,1674,4,-68,2063,1,,
326,84,7,64,2063,1,,
326,10,5,34,2063,1,,
326,136,6,-28,2063,1,,
365,113,10,14,2074,1,,
330,55,12,-20,2077,1,,
330,28,4,-70,2077,1,,
38,34,7,-28,2086,1,,
38,185,9,-28,2086,1,,
231,78,9,52,2087,1,,
106,245,7,-20,2098,1,,
106,39,5,-20,2098,1,,
106,2,4,67,2098,1,,
94,153,5,37,2100,1,,
94,243,4,37,2100,1,,
370,114,8,-68,2110,1,,
370,142,8,-28,2110,1,,
61,190,4,37,2112,1,,
61,90,4,52,2112,1,,
283,687,8,67,2118,1,,
283,335,7,-24,2118,1,,
247,328,8,37,2124,1,,
139,97,8,54,2132,1,,
139,1495,7,42,2132,1,,
305,9,6,67,2137,1,,
305,51,8,-24,2137,1,,
314,53,10,43,2150,1,,
150,27,4,-20,2153,1,,
150,69,8,-70,2153,1,,
261,669,8,-28,2155,1,,
261,81,7,32,2155,1,,
75,92,7,-20,2166,1,,
75,1,2,67,2166,1,,
155,200,6,-68,2170,1,,
155,124,3,64,2170,1,,
280,82,1,44,2183,1,,
280,172,11,44,2183,1,,
66,61,5,64,2187,1,,
66,150,6,32,2187,1,,
151,27,11,70,2198,1,,
0,0,7,52,2200,1,,
352,287,9,42,2202,1,,
364,141,8,67,2210,1,,
3,1019,8,-28,2216,1,,
198,126,7,14,2220,1,,
192,493,8,-20,2221,1,,
18,432,8,-28,2230,1,,
67,61,8,62,2232,1,,
159,374,6,37,2241,1,,
350,994,8,-24,2243,1,,
26,87,3,-68,2250,1,,
26,0,10,71,2250,1,,
306,83,2,10,2250,1,,
306,9,4,37,2250,1,,
302,1650,8,61,2264,1,,
205,873,7,44,2269,1,,
334,29,7,44,2279,1,,
199,499,10,62,2282,1,,
119,39,2,54,2282,1,,
119,24,6,-28,2282,1,,
224,129,6,-73,2291,1,,
290,173,5,10,2299,1,,
96,93,4,14,2306,1,,
127,24,6,-28,2314,1,,
228,129,5,-70,2315,1,,
228,1582,2,44,2315,1,,
197,74,6,-28,2323,1,,
1,292,6,70,2329,1,,
190,862,6,-20,2338,1,,
310,412,4,14,2340,1,,
273,171,5,-68,2341,1,,
64,37,6,44,2349,1,,
242,903,4,14,2368,1,,
139,822,10,-20,2372,1,,
139,4,1,-24,2372,1,,
335,281,6,32,2377,1,,
223,322,6,-24,2381,1,,
87,361,4,-28,2383,1,,
54,149,3,54,2389,1,,
53,537,4,37,2396,1,,
333,222,8,74,2401,1,,
277,49,4,37,2403,1,,
346,111,5,-29,2415,1,,
178,315,2,14,2423,1,,
137,68,8,-29,2427,1,,
85,1442,2,56,2432,1,,
10,519,4,-29,2434,1,,
128,812,2,42,2438,1,,
221,883,4,56,2440,1,,
153,836,4,-29,2457,1,,
102,560,1,14,2458,1,,
202,74,2,-28,2468,1,,
202,102,8,53,2468,1,,
202,502,11,53,2468,1,,
123,95,4,11,2478,1,,
123,311,10,11,2478,1,,
19,433,4,-20,2483,1,,
88,361,10,45,2493,1,,
88,193,9,45,2493,1,,
101,22,9,-17,2497,1,,
101,366,5,11,2497,1,,
285,689,4,-29,2499,1,,
157,476,10,45,2509,1,,
157,71,2,45,2509,1,,
11,145,8,68,2510,1,,
225,166,10,-17,2511,1,,
243,653,4,70,2517,1,,
120,95,1,-76,2525,1,,
120,39,3,-20,2525,1,,
45,35,6,11,2528,1,,
45,187,6,11,2528,1,,
65,37,6,53,2532,1,,
65,1,11,53,2532,1,,
121,461,9,-39,2550,1,,
119,1119,9,53,2550,1,,
119,95,5,53,2550,1,,
290,1278,4,9,2573,1,,
290,694,8,-17,2573,1,,
334,29,8,53,2574,1,,
334,55,10,77,2574,1,,
374,1356,4,44,2579,1,,
172,608,2,44,2591,1,,
150,27,5,77,2592,1,,
150,253,8,76,2592,1,,
343,138,8,11,2598,1,,
343,12,4,80,2598,1,,
86,552,2,-20,2609,1,,
352,111,1,-29,2613,1,,
336,84,10,76,2617,1,,
336,29,9,38,2617,1,,
30,1,5,80,2629,1,,
30,223,10,80,2629,1,,
30,236,9,80,2629,1,,
72,1075,11,77,2635,1,,
72,37,3,76,2635,1,,
276,936,1,-49,2639,1,,
132,4,10,80,2643,1,,
366,113,2,-28,2652,1,,
366,14,10,53,2652,1,,
310,412,10,18,2666,1,,
107,800,11,38,2667,1,,
370,114,8,83,2675,1,,
196,318,2,42,2682,1,,
196,46,1,45,2682,1,,
196,1194,8,76,2682,1,,
244,80,8,83,2693,1,,
230,78,4,83,2700,1,,
8,234,10,53,2700,1,,
129,3,4,80,2702,1,,
129,3,10,72,2702,1,,
129,25,6,72,2702,1,,
129,96,7,72,2702,1,,
99,22,5,90,2714,1,,
63,150,10,38,2726,1,,
167,72,11,90,2729,1,,
189,861,8,72,2736,1,,
189,7,6,72,2736,1,,
189,101,10,72,2736,1,,
257,395,9,38,2739,1,,
75,62,8,76,2753,1,,
256,81,9,-35,2762,1,,
256,217,10,-35,2762,1,,
344,138,10,72,2764,1,,
344,56,10,72,2764,1,,
207,633,8,45,2765,1,,
369,142,10,69,2776,1,,
144,827,8,53,2779,1,,
208,76,3,-35,2790,1,,
208,127,7,-35,2790,1,,
38,534,11,72,2791,1,,
38,1,8,72,2791,1,,
268,675,9,-35,2803,1,,
174,6,3,11,2812,1,,
174,45,7,72,2812,1,,
174,158,4,72,2812,1,,
337,282,12,84,2819,1,,
204,504,7,38,2823,1,,
109,2,6,72,2830,1,,
109,24,6,65,2830,1,,
206,127,8,84,2842,1,,
206,212,6,-84,2842,1,,
277,682,6,-78,2849,1,,
277,1265,6,11,2849,1,,
373,290,7,45,2861,1,,
205,127,11,72,2866,1,,
280,50,6,77,2870,1,,
133,250,5,38,2878,1,,
64,150,10,65,2883,1,,
330,11,6,92,2890,1,,
330,55,6,-84,2890,1,,
354,998,6,45,2894,1,,
73,786,10,72,2899,1,,
175,611,4,53,2901,1,,
343,138,4,-35,2906,1,,
343,12,7,84,2906,1,,
95,195,5,45,2909,1,,
311,10,5,88,2915,1,,
311,10,5,72,2915,1,,
54,36,4,95,2928,1,,
376,424,10,72,2935,1,,
136,41,7,-35,2935,1,,
136,26,6,93,2935,1,,
136,819,10,93,2935,1,,
357,112,10,11,2949,1,,
96,243,3,-84,2959,1,,
96,558,4,93,2959,1,,
96,21,11,93,2959,1,,
56,20,10,85,2960,1,,
56,89,12,85,2960,1,,
147,200,8,-35,2985,1,,
147,830,4,73,2985,1,,
147,68,8,73,2985,1,,
152,5,10,85,2994,1,,
152,1508,7,85,2994,1,,
21,350,7,72,2998,1,,
21,0,2,72,2998,1,,
246,80,6,-35,3005,1,,
246,1600,4,-84,3005,1,,
246,47,5,93,3005,1,,
78,1081,8,65,3009,1,,
134,4,6,85,3012,1,,
228,1218,9,80,3022,1,,
36,34,5,84,3023,1,,
36,532,4,-84,3023,1,,
36,148,4,98,3023,1,,
184,489,1,54,3025,1,,
184,46,8,85,3025,1,,
236,897,8,72,3034,1,,
114,566,8,84,3035,1,,
13,17,9,89,3047,1,,
104,22,4,84,3054,1,,
104,243,6,98,3054,1,,
104,1105,4,98,3054,1,,
46,187,6,11,3057,1,,
46,536,1,72,3057,1,,
121,810,7,-10,3064,1,,
167,1522,5,53,3064,1,,
37,34,7,75,3068,1,,
173,260,5,85,3074,1,,
355,227,8,-35,3076,1,,
305,9,5,85,3082,1,,
241,271,6,85,3091,1,,
75,152,6,93,3099,1,,
68,91,6,-84,3108,1,,
348,31,10,106,3109,1,,
30,120,6,65,3127,1,,
30,148,2,87,3127,1,,
52,536,1,72,3138,1,,
52,766,6,72,3138,1,,
193,865,6,-84,3143,1,,
151,70,8,57,3144,1,,
151,42,9,57,3144,1,,
151,123,8,57,3144,1,,
300,51,6,11,3147,1,,
128,95,3,53,3150,1,,
238,79,6,72,3156,1,,
133,816,12,57,3166,1,,
286,107,6,-84,3166,1,,
118,807,2,80,3167,1,,
118,24,4,65,3167,1,,
218,512,6,-84,3178,1,,
136,583,7,72,3186,1,,
258,274,6,73,3188,1,,
302,136,2,57,3188,1,,
302,51,10,57,3188,1,,
152,835,5,65,3194,1,,
365,229,5,-84,3207,1,,
283,8,11,101,3213,1,,
369,342,5,93,3219,1,,
196,318,5,72,3222,1,,
301,135,5,73,3227,1,,
298,702,5,72,3231,1,,
93,65,7,57,3231,1,,
93,92,6,57,3231,1,,
195,1193,4,80,3247,1,,
78,20,6,57,3251,1,,
78,1081,4,57,3251,1,,
184,489,10,57,3265,1,,
339,283,4,73,3268,1,,
211,637,4,72,3272,1,,
259,274,4,73,3275,1,,
198,74,4,-35,3288,1,,
268,928,3,72,3292,1,,
186,206,8,57,3293,1,,
17,118,4,92,3295,1,,
355,999,7,-31,3306,1,,
279,684,9,57,3306,1,,
235,168,3,117,3308,1,,
310,10,3,72,3316,1,,
166,203,8,106,3318,1,,
60,1064,2,11,3321,1,,
110,24,2,57,3330,1,,
110,2,6,118,3330,1,,
325,1673,8,57,3342,1,,
330,55,3,73,3345,1,,
170,157,2,84,3349,1,,
177,159,7,57,3353,1,,
97,558,3,93,3355,1,,
119,570,2,72,3355,1,,
204,75,2,79,3366,1,,
27,148,1,98,3375,1,,
6,116,4,57,3378,1,,
306,52,10,125,3379,1,,
45,536,1,72,3384,1,,
44,536,1,72,3403,1,,
31,88,3,77,3404,1,,
210,385,2,-28,3424,1,,
18,118,6,110,3426,1,,
298,702,10,82,3427,1,,
5,294,9,50,3437,1,,
275,276,2,38,3441,1,,
196,318,4,123,3447,1,,
329,1313,3,38,3450,1,,
33,59,10,119,3462,1,,
263,170,1,53,3464,1,,
95,2,9,122,3471,1,,
95,154,8,122,3471,1,,
3,1019,2,122,3475,1,,
24,182,2,122,3480,1,,
192,101,1,72,3484,1,,
318,110,10,127,3496,1,,
61,190,8,127,3508,1,,
307,176,8,86,3512,1,,
211,878,6,113,3513,1,,
211,102,6,113,3513,1,,
7,116,4,122,3515,1,,
47,536,1,72,3515,1,,
276,276,6,113,3522,1,,
320,54,6,78,3531,1,,
17,0,6,94,3536,1,,
17,118,10,81,3536,1,,
334,29,1,11,3543,1,,
151,70,5,94,3554,1,,
151,155,8,81,3554,1,,
333,222,8,103,3560,1,,
56,20,12,94,3571,1,,
28,18,11,115,3577,1,,
69,91,8,96,3585,1,,
25,87,8,100,3589,1,,
25,147,6,131,3589,1,,
165,482,9,21,3590,1,,
86,360,11,96,3601,1,,
304,109,12,21,3606,1,,
180,73,6,96,3615,1,,
180,125,4,96,3615,1,,
348,13,10,115,3620,1,,
292,133,5,127,3630,1,,
292,133,12,31,3630,1,,
292,406,5,131,3630,1,,
32,752,6,21,3637,1,,
32,33,6,21,3637,1,,
19,33,9,130,3637,1,,
19,349,8,22,3637,1,,
163,71,8,109,3660,1,,
163,6,9,109,3660,1,,
104,367,8,96,3662,1,,
104,2,10,130,3662,1,,
104,39,1,130,3662,1,,
85,92,6,81,3672,1,,
85,240,5,31,3672,1,,
85,20,10,31,3672,1,,
120,1477,10,21,3676,1,,
145,828,6,81,3690,1,,
145,26,7,31,3690,1,,
111,39,1,126,3702,1,,
111,39,4,22,3702,1,,
111,2,12,126,3702,1,,
111,305,12,126,3702,1,,
111,24,3,126,3702,1,,
99,22,12,100,3706,1,,
310,1294,3,109,3714,1,,
310,52,8,102,3714,1,,
310,52,10,109,3714,1,,
310,10,7,102,3714,1,,
21,86,10,31,3720,1,,
26,147,10,31,3734,1,,
11,57,6,126,3741,1,,
11,145,10,126,3741,1,,
11,0,10,126,3741,1,,
11,85,4,126,3741,1,,
200,74,6,21,3745,1,,
200,7,6,102,3745,1,,
200,163,10,102,3745,1,,
30,18,4,127,3756,1,,
30,87,8,133,3756,1,,
30,1,5,133,3756,1,,
344,30,8,22,3773,1,,
344,988,4,126,3773,1,,
344,339,8,126,3773,1,,
344,284,4,126,3773,1,,
344,181,1,105,3773,1,,
280,685,9,81,3779,1,,
280,50,8,133,3779,1,,
247,217,7,102,3791,1,,
247,81,6,102,3791,1,,
247,104,4,19,3791,1,,
247,657,12,19,3791,1,,
247,7,6,19,3791,1,,
54,538,10,81,3795,1,,
54,60,2,133,3795,1,,
181,125,4,96,3802,1,,
181,160,10,22,3802,1,,
181,100,9,126,3802,1,,
171,607,6,31,3810,1,,
171,72,5,133,3810,1,,
154,99,3,130,3822,1,,
154,475,12,126,3822,1,,
128,40,5,100,3825,1,,
128,67,5,31,3825,1,,
132,96,8,102,3842,1,,
132,4,1,129,3842,1,,
132,25,6,19,3842,1,,
132,815,6,19,3842,1,,
132,250,7,19,3842,1,,
132,40,11,129,3842,1,,
369,289,4,130,3846,1,,
369,1008,10,22,3846,1,,
369,85,2,126,3846,1,,
369,181,1,105,3846,1,,
371,142,6,94,3863,1,,
371,14,4,133,3863,1,,
103,197,7,126,3882,1,,
103,122,8,105,3882,1,,
103,367,12,136,3882,1,,
53,89,2,21,3882,1,,
53,1,6,102,3882,1,,
53,1,8,19,3882,1,,
53,60,5,102,3882,1,,
53,189,6,19,3882,1,,
53,121,3,19,3882,1,,
70,1073,7,81,3897,1,,
70,20,2,133,3897,1,,
48,536,1,72,3902,1,,
48,188,8,130,3902,1,,
48,35,2,22,3902,1,,
48,19,2,105,3902,1,,
212,879,8,81,3909,1,,
117,39,2,22,3919,1,,
117,39,3,130,3919,1,,
117,1118,6,126,3919,1,,
176,158,2,115,3920,1,,
176,158,10,19,3920,1,,
176,6,4,102,3920,1,,
176,261,6,19,3920,1,,
176,45,6,129,3920,1,,
207,633,8,31,3921,1,,
278,277,12,126,3938,1,,
4,1020,10,126,3954,1,,
6,85,4,109,3956,1,,
6,0,6,109,3956,1,,
6,0,6,129,3956,1,,
6,57,2,19,3956,1,,
6,32,2,129,3956,1,,
6,116,6,129,3956,1,,
312,10,8,131,3959,1,,
12,57,4,126,3971,1,,
12,1371,5,126,3971,1,,
12,181,1,105,3971,1,,
336,980,8,133,3971,1,,
165,257,8,102,3988,1,,
165,845,9,19,3988,1,,
165,156,6,129,3988,1,,
33,120,4,22,3991,1,,
33,59,6,126,3991,1,,
348,13,4,100,3999,1,,
348,13,4,131,3999,1,,
294,279,7,19,4026,1,,
294,82,2,19,4026,1,,
294,107,8,19,4026,1,,
294,8,11,19,4026,1,,
64,37,10,126,4033,1,,
13,521,6,81,4034,1,,
196,162,5,133,4043,1,,
196,318,1,133,4043,1,,
36,755,5,94,4051,1,,
263,671,10,130,4053,1,,
155,43,6,102,4056,1,,
155,99,11,19,4056,1,,
155,5,2,19,4056,1,,
155,1154,3,19,4056,1,,
175,1173,5,94,4059,1,,
178,125,1,96,4066,1,,
178,159,8,126,4066,1,,
97,1454,5,-6,4077,1,,
78,62,6,22,4080,1,,
78,192,4,126,4080,1,,
282,941,4,81,4085,1,,
343,110,5,19,4087,1,,
343,138,6,19,4087,1,,
343,30,3,19,4087,1,,
343,12,8,129,4087,1,,
197,126,8,22,4092,1,,
5,181,1,105,4105,1,,
5,343,9,159,4105,1,,
1,85,4,109,4117,1,,
1,115,5,102,4117,1,,
1,0,12,19,4117,1,,
266,926,8,130,4135,1,,
371,1010,8,-89,4140,1,,
170,157,6,129,4142,1,,
170,157,8,19,4142,1,,
170,203,4,19,4142,1,,
221,388,7,126,4149,1,,
341,419,8,121,4166,1,,
368,85,1,109,4168,1,,
368,14,9,19,4168,1,,
368,113,8,19,4168,1,,
142,469,6,130,4175,1,,
370,14,8,153,4176,1,,
337,30,4,94,4183,1,,
28,527,6,126,4185,1,,
105,39,1,109,4193,1,,
105,1106,6,102,4193,1,,
105,23,10,19,4193,1,,
182,263,4,81,4193,1,,
352,287,6,130,4195,1,,
172,204,4,137,4200,1,,
17,118,2,133,4205,1,,
107,39,2,133,4216,1,,
146,588,4,102,4216,1,,
146,4,2,129,4216,1,,
146,4,10,19,4216,1,,
173,204,4,137,4228,1,,
102,451,6,22,4236,1,,
320,966,11,21,4239,1,,
320,54,4,19,4239,1,,
334,418,2,109,4262,1,,
334,281,4,102,4262,1,,
334,222,2,19,4262,1,,
334,29,8,19,4262,1,,
256,273,5,160,4267,1,,
236,270,6,126,4277,1,,
277,397,6,21,4283,1,,
277,1625,8,19,4283,1,,
280,398,7,160,4288,1,,
280,28,5,160,4288,1,,
171,204,1,137,4291,1,,
92,153,6,19,4303,1,,
92,556,7,129,4303,1,,
88,241,5,126,4312,1,,
88,2,8,143,4312,1,,
88,64,5,143,4312,1,,
254,273,6,168,4318,1,,
348,31,5,19,4323,1,,
348,31,8,132,4323,1,,
51,536,1,72,4327,1,,
51,357,10,158,4327,1,,
361,1343,6,22,4336,1,,
70,91,6,102,4342,1,,
70,91,6,19,4342,1,,
131,40,5,130,4354,1,,
131,1130,7,143,4354,1,,
131,4,1,169,4354,1,,
80,152,6,21,4361,1,,
80,793,6,109,4361,1,,
174,45,12,143,4370,1,,
177,159,12,19,4379,1,,
305,224,2,162,4380,1,,
305,83,10,162,4380,1,,
301,705,11,169,4385,1,,
193,494,2,115,4398,1,,
193,208,10,102,4398,1,,
240,1230,4,143,4401,1,,
240,47,7,143,4401,1,,
281,172,7,162,4412,1,,
281,50,8,162,4412,1,,
281,224,10,162,4412,1,,
15,347,5,126,4415,1,,
15,295,5,143,4415,1,,
40,34,6,21,4420,1,,
40,186,4,19,4420,1,,
81,2,6,162,4422,1,,
345,139,10,143,4429,1,,
204,75,8,162,4433,1,,
65,1422,10,19,4442,1,,
41,186,9,162,4447,1,,
133,4,9,169,4456,1,,
147,42,4,162,4456,1,,
28,183,3,21,4467,1,,
28,1041,6,129,4467,1,,
237,270,6,162,4468,1,,
182,487,4,66,4479,1,,
185,161,5,21,4480,1,,
185,1540,4,19,4480,1,,
275,935,8,143,4486,1,,
98,243,4,21,4493,1,,
98,448,5,109,4493,1,,
79,192,9,176,4494,1,,
108,39,2,169,4494,1,,
108,39,3,130,4494,1,,
348,31,5,140,4502,1,,
205,75,7,134,4507,1,,
129,67,9,140,4519,1,,
195,74,3,129,4520,1,,
195,496,6,19,4520,1,,
282,106,4,134,4528,1,,
298,175,8,140,4531,1,,
253,331,8,19,4533,1,,
253,104,1,19,4533,1,,
10,16,4,152,4538,1,,
201,74,1,129,4546,1,,
201,74,5,21,4546,1,,
201,210,3,19,4546,1,,
189,381,3,162,4560,1,,
234,1588,7,115,4560,1,,
234,1224,2,19,4560,1,,
188,101,4,22,4575,1,,
21,523,8,129,4581,1,,
236,1226,4,152,4584,1,,
196,1194,4,126,4591,1,,
206,75,8,19,4592,1,,
345,989,1,168,4596,1,,
306,83,2,152,4600,1,,
224,129,7,102,4603,1,,
305,1290,5,112,4608,1,,
193,865,8,104,4615,1,,
107,39,2,130,4616,1,,
49,536,1,72,4622,1,,
191,623,6,19,4624,1,,
322,1306,3,102,4634,1,,
322,54,4,19,4634,1,,
212,638,6,115,4644,1,,
128,3,12,161,4648,1,,
111,305,1,143,4652,1,,
203,211,10,156,4654,1,,
207,127,1,126,4657,1,,
186,206,12,154,4671,1,,
214,320,6,21,4677,1,,
13,17,8,184,4683,1,,
202,211,1,156,4686,1,,
192,382,4,174,4692,1,,
307,83,8,184,4698,1,,
17,744,5,109,4705,1,,
50,536,1,72,4707,1,,
267,219,7,165,4716,1,,
112,24,6,145,4719,1,,
239,900,6,102,4719,1,,
309,176,6,165,4726,1,,
32,752,5,102,4727,1,,
110,24,2,145,4730,1,,
14,17,4,165,4737,1,,
129,3,11,165,4765,1,,
121,39,5,109,4771,1,,
109,39,5,109,4779,1,,
314,53,5,129,4787,1,,
323,415,6,60,4797,1,,
348,223,8,175,4804,1,,
348,225,12,175,4804,1,,
213,638,3,115,4806,1,,
229,130,3,109,4816,1,,
130,25,10,180,4818,1,,
151,70,6,147,4819,1,,
151,42,12,147,4819,1,,
151,200,10,147,4819,1,,
298,1283,9,180,4831,1,,
105,368,8,147,4838,1,,
105,2,6,147,4838,1,,
361,1002,4,109,4841,1,,
296,135,12,144,4847,1,,
208,164,8,186,4863,1,,
208,212,6,186,4863,1,,
208,7,5,186,4863,1,,
7,57,6,180,4864,1,,
7,116,2,175,4864,1,,
134,41,2,115,4865,1,,
280,50,10,124,4878,1,,
257,332,2,186,4882,1,,
257,395,10,186,4882,1,,
313,84,5,177,4884,1,,
101,122,6,147,4893,1,,
329,180,6,144,4898,1,,
329,11,7,124,4898,1,,
342,284,10,186,4912,1,,
342,224,2,191,4912,1,,
33,88,2,192,4930,1,,
33,59,7,192,4930,1,,
18,744,2,109,4938,1,,
205,127,10,147,4940,1,,
205,224,10,191,4940,1,,
143,199,2,180,4942,1,,
143,826,6,124,4942,1,,
304,708,2,19,4943,1,,
315,109,5,180,4955,1,,
315,10,4,124,4955,1,,
96,195,2,129,4960,1,,
251,272,3,179,4960,1,,
251,217,10,179,4960,1,,
8,57,1,180,4966,1,,
8,116,6,124,4966,1,,
147,98,10,179,4976,1,,
2,0,6,194,4983,1,,
2,56,6,194,4983,1,,
249,392,7,144,4986,1,,
222,884,2,109,4988,1,,
102,1459,2,115,4992,1,,
211,165,10,179,4993,1,,
68,91,1,19,4996,1,,
195,162,5,144,4999,1,,
195,209,2,124,4999,1,,
355,227,2,102,5000,1,,
10,145,2,186,5007,1,,
10,0,6,179,5007,1,,
256,1246,7,179,5020,1,,
88,1445,6,124,5028,1,,
250,329,1,19,5033,1,,
202,502,6,165,5040,1,,
71,91,5,186,5041,1,,
129,96,5,192,5048,1,,
177,261,8,179,5053,1,,
180,7,4,196,5063,1,,
191,162,5,144,5081,1,,
106,369,5,147,5081,1,,
165,1163,6,124,5090,1,,
70,151,6,155,5093,1,,
181,316,4,180,5097,1,,
292,1280,4,147,5100,1,,
75,38,4,150,5101,1,,
0,56,4,144,5104,1,,
264,170,4,175,5111,1,,
105,368,5,183,5111,1,,
289,693,3,186,5117,1,,
74,302,8,150,5120,1,,
74,787,4,150,5120,1,,
293,1280,4,147,5140,1,,
333,281,4,180,5144,1,,
31,1,10,203,5151,1,,
124,66,4,192,5161,1,,
229,890,2,147,5165,1,,
72,91,11,167,5166,1,,
93,242,3,186,5172,1,,
200,1198,4,167,5173,1,,
2,0,1,179,5179,1,,
52,189,1,165,5185,1,,
77,152,10,151,5187,1,,
76,38,2,167,5191,1,,
167,72,4,151,5198,1,,
263,170,2,175,5199,1,,
66,1423,2,165,5208,1,,
192,207,1,147,5210,1,,
211,637,1,175,5213,1,,
175,1530,1,147,5222,1,,
32,1,9,172,5235,1,,
300,51,2,206,5241,1,,
163,6,7,206,5251,1,,
4,1020,7,172,5257,1,,
281,50,4,195,5266,1,,
230,268,8,202,5283,1,,
230,7,12,202,5283,1,,
119,248,8,138,5285,1,,
358,228,8,148,5286,1,,
277,49,4,148,5293,1,,
350,994,7,172,5294,1,,
166,203,10,138,5300,1,,
120,248,1,138,5303,1,,
38,1395,10,209,5307,1,,
12,16,11,202,5314,1,,
12,345,4,202,5314,1,,
206,212,4,209,5314,1,,
205,127,6,205,5323,1,,
272,171,2,209,5328,1,,
369,423,4,209,5336,1,,
130,1129,4,172,5346,1,,
130,3,9,202,5346,1,,
130,67,8,201,5346,1,,
130,96,4,201,5346,1,,
274,171,8,209,5348,1,,
193,208,8,199,5365,1,,
33,18,6,202,5375,1,,
33,18,6,198,5375,1,,
33,1,3,202,5375,1,,
33,1,8,198,5375,1,,
245,391,3,199,5376,1,,
329,11,7,199,5387,1,,
335,29,6,181,5396,1,,
348,56,7,202,5397,1,,
348,31,9,201,5397,1,,
53,149,5,181,5404,1,,
164,257,3,181,5410,1,,
215,128,7,201,5417,1,,
215,386,8,198,5417,1,,
134,67,7,193,5431,1,,
134,4,12,193,5431,1,,
77,547,8,-45,5438,1,,
231,268,11,201,5443,1,,
231,103,9,142,5443,1,,
93,242,10,148,5445,1,,
244,80,9,208,5451,1,,
334,110,5,185,5469,1,,
334,29,2,185,5469,1,,
90,2,4,202,5471,1,,
90,64,8,201,5471,1,,
90,362,6,207,5471,1,,
27,18,4,193,5479,1,,
27,0,4,107,5479,1,,
27,0,7,193,5479,1,,
27,58,4,107,5479,1,,
27,33,8,107,5479,1,,
76,546,9,185,5482,1,,
180,7,8,185,5493,1,,
92,2,8,193,5500,1,,
92,2,4,107,5500,1,,
92,1449,4,107,5500,1,,
128,3,6,198,5504,1,,
128,3,10,207,5504,1,,
128,25,8,198,5504,1,,
39,185,6,193,5524,1,,
39,185,12,107,5524,1,,
30,18,4,198,5527,1,,
30,529,11,207,5527,1,,
273,933,12,107,5545,1,,
200,319,6,202,5549,1,,
200,210,9,207,5549,1,,
10,16,2,185,5553,1,,
119,808,2,173,5561,1,,
149,155,8,107,5564,1,,
149,155,4,193,5564,1,,
336,29,10,202,5571,1,,
336,222,5,201,5571,1,,
151,70,1,185,5576,1,,
310,83,4,193,5583,1,,
310,177,8,193,5583,1,,
41,237,6,202,5591,1,,
41,237,7,207,5591,1,,
352,996,11,193,5600,1,,
221,388,6,182,5602,1,,
221,77,6,182,5602,1,,
269,48,6,202,5609,1,,
269,1257,4,198,5609,1,,
269,170,2,207,5609,1,,
89,2,8,107,5625,1,,
89,64,9,178,5625,1,,
64,777,11,198,5627,1,,
0,0,2,182,5633,1,,
0,513,8,182,5633,1,,
34,18,2,193,5641,1,,
34,296,8,107,5641,1,,
68,61,5,198,5645,1,,
68,781,6,198,5645,1,,
245,1235,11,185,5648,1,,
335,29,9,185,5669,1,,
335,281,6,163,5669,1,,
175,611,10,198,5670,1,,
356,227,10,107,5671,1,,
194,1192,9,107,5686,1,,
138,68,8,201,5688,1,,
148,5,12,182,5690,1,,
148,42,4,182,5690,1,,
168,604,8,107,5700,1,,
301,51,8,142,5702,1,,
261,104,4,163,5708,1,,
261,218,9,163,5708,1,,
338,30,8,107,5714,1,,
231,78,3,207,5717,1,,
231,130,6,207,5717,1,,
251,660,9,182,5725,1,,
251,104,4,163,5725,1,,
358,140,8,107,5728,1,,
124,811,1,142,5738,1,,
124,66,6,207,5738,1,,
247,657,8,178,5742,1,,
11,16,4,182,5747,1,,
11,145,8,163,5747,1,,
206,632,7,207,5770,1,,
252,104,2,163,5773,1,,
252,81,10,217,5773,1,,
252,272,8,217,5773,1,,
322,415,7,107,5776,1,,
349,31,6,163,5790,1,,
349,225,6,163,5790,1,,
343,12,7,202,5792,1,,
57,539,6,201,5804,1,,
211,1565,6,139,5812,1,,
225,77,2,182,5813,1,,
225,129,7,163,5813,1,,
225,1215,9,217,5813,1,,
35,352,5,189,5820,1,,
179,160,6,172,5822,1,,
150,155,5,193,5828,1,,
305,709,12,217,5830,1,,
166,203,5,202,5830,1,,
254,662,4,107,5835,1,,
4,15,5,207,5838,1,,
62,301,4,217,5845,1,,
62,36,7,217,5845,1,,
314,53,5,201,5846,1,,
94,243,5,202,5859,1,,
120,24,6,182,5860,1,,
120,309,5,163,5860,1,,
306,83,11,222,5876,1,,
41,441,3,107,5881,1,,
128,3,3,193,5887,1,,
163,844,10,163,5890,1,,
217,387,4,207,5891,1,,
333,727,3,209,5909,1,,
370,423,2,209,5914,1,,
180,46,10,163,5920,1,,
232,78,3,207,5924,1,,
210,877,3,107,5933,1,,
263,274,2,201,5937,1,,
263,170,1,207,5937,1,,
221,883,9,204,5944,1,,
149,5,8,163,5957,1,,
149,200,1,163,5957,1,,
196,627,2,142,5957,1,,
366,289,1,207,5960,1,,
115,459,8,222,5969,1,,
47,188,4,204,5981,1,,
47,35,4,163,5981,1,,
29,87,6,226,5981,1,,
29,184,12,226,5981,1,,
244,80,1,202,5993,1,,
133,67,8,217,6004,1,,
122,811,1,142,6005,1,,
124,95,4,166,6012,1,,
124,40,12,200,6012,1,,
124,248,8,200,6012,1,,
205,873,6,163,6016,1,,
205,75,2,217,6016,1,,
162,44,3,225,6018,1,,
288,403,5,226,6020,1,,
123,811,1,142,6026,1,,
125,811,1,142,6032,1,,
132,1488,8,166,6040,1,,
132,25,7,166,6040,1,,
0,15,6,163,6046,1,,
286,8,4,163,6058,1,,
286,336,4,163,6058,1,,
53,1,7,166,6060,1,,
53,89,3,200,6060,1,,
53,19,5,200,6060,1,,
10,1369,6,170,6078,1,,
126,811,1,142,6082,1,,
93,557,6,200,6086,1,,
93,2,8,200,6086,1,,
93,242,6,200,6086,1,,
127,811,1,142,6086,1,,
277,49,6,163,6088,1,,
3,233,12,200,6103,1,,
370,1009,7,163,6123,1,,
211,213,11,200,6123,1,,
211,76,4,200,6123,1,,
160,201,8,227,6129,1,,
280,939,6,163,6132,1,,
109,801,12,200,6139,1,,
41,237,6,163,6141,1,,
48,188,8,1,6148,1,,
48,1055,2,1,6148,1,,
110,95,4,233,6155,1,,
106,564,4,163,6158,1,,
106,23,8,111,6158,1,,
204,75,8,200,6159,1,,
204,47,7,212,6159,1,,
63,1420,8,1,6167,1,,
1,513,1,182,6168,1,,
1,143,6,111,6168,1,,
88,64,6,166,6176,1,,
88,64,6,212,6176,1,,
137,372,6,1,6176,1,,
36,34,6,111,6178,1,,
316,964,8,1,6188,1,,
31,18,3,200,6191,1,,
31,18,8,232,6191,1,,
212,128,6,1,6197,1,,
291,173,11,200,6209,1,,
2,143,5,111,6215,1,,
350,225,8,200,6236,1,,
350,31,1,212,6236,1,,
350,139,2,141,6236,1,,
176,261,2,1,6241,1,,
139,372,2,1,6246,1,,
18,432,9,200,6249,1,,
305,136,4,226,6263,1,,
305,83,6,232,6263,1,,
85,797,4,217,6266,1,,
357,112,9,200,6276,1,,
233,646,8,128,6278,1,,
333,977,5,163,6286,1,,
148,373,2,226,6288,1,,
148,5,6,166,6288,1,,
68,91,4,217,6293,1,,
123,572,12,1,6295,1,,
334,281,2,163,6297,1,,
210,636,8,200,6300,1,,
364,113,1,204,6302,1,,
364,181,1,128,6302,1,,
6,181,1,128,6305,1,,
288,403,7,200,6323,1,,
7,181,1,128,6330,1,,
156,100,12,213,6334,1,,
201,1199,7,166,6345,1,,
74,1,7,213,6349,1,,
74,787,4,213,6349,1,,
206,212,11,213,6364,1,,
8,181,1,128,6368,1,,
287,691,6,200,6382,1,,
136,97,9,213,6387,1,,
136,312,8,213,6387,1,,
9,181,1,128,6398,1,,
270,1258,8,213,6398,1,,
41,237,9,200,6408,1,,
82,551,4,157,6409,1,,
22,350,8,213,6410,1,,
204,630,8,141,6419,1,,
280,172,6,213,6419,1,,
63,1420,7,200,6430,1,,
253,1243,9,213,6432,1,,
83,551,2,157,6438,1,,
115,1472,6,200,6439,1,,
110,455,8,244,6444,1,,
137,820,7,164,6454,1,,
146,588,12,243,6455,1,,
1,513,7,128,6463,1,,
10,181,1,128,6466,1,,
322,968,5,166,6471,1,,
322,719,6,243,6471,1,,
167,72,3,212,6490,1,,
167,72,4,243,6490,1,,
0,292,9,224,6497,1,,
121,310,6,213,6499,1,,
94,557,1,200,6499,1,,
94,194,4,243,6499,1,,
86,797,1,217,6501,1,,
107,564,1,163,6505,1,,
134,371,4,226,6514,1,,
54,36,9,224,6518,1,,
124,66,6,212,6523,1,,
75,62,3,213,6529,1,,
116,1117,5,212,6531,1,,
66,61,2,254,6534,1,,
364,1346,6,166,6540,1,,
305,9,12,224,6544,1,,
76,92,7,224,6555,1,,
269,929,6,264,6560,1,,
71,61,6,224,6564,1,,
162,598,5,224,6574,1,,
55,36,4,256,6577,1,,
264,924,4,166,6584,1,,
52,189,8,238,6586,1,,
77,152,10,256,6600,1,,
233,646,4,214,6601,1,,
70,783,3,200,6602,1,,
70,121,10,264,6602,1,,
283,8,2,224,6607,1,,
265,170,4,166,6609,1,,
266,170,2,166,6613,1,,
180,73,1,231,6617,1,,
306,9,4,270,6630,1,,
222,265,4,212,6633,1,,
168,125,2,224,6635,1,,
371,114,9,229,6650,1,,
163,44,3,271,6657,1,,
105,23,8,229,6661,1,,
363,341,6,146,6671,1,,
183,73,7,229,6672,1,,
212,509,6,146,6681,1,,
64,37,6,229,6681,1,,
53,89,2,229,6686,1,,
304,1289,3,229,6691,1,,
111,95,5,146,6695,1,,
229,130,2,229,6696,1,,
258,104,4,146,6702,1,,
257,104,4,146,6709,1,,
51,765,4,146,6725,1,,
66,1070,9,255,6727,1,,
326,180,8,211,6739,1,,
228,103,10,211,6753,1,,
210,385,9,211,6766,1,,
198,319,12,277,6775,1,,
3,0,8,260,6786,1,,
54,189,5,211,6788,1,,
54,60,10,211,6788,1,,
54,36,1,211,6788,1,,
7,1366,8,273,6798,1,,
213,213,7,274,6799,1,,
70,1073,10,256,6806,1,,
0,143,4,211,6808,1,,
10,16,7,277,6808,1,,
101,559,9,211,6823,1,,
311,413,4,146,6824,1,,
311,28,7,273,6824,1,,
110,801,8,210,6832,1,,
233,894,7,146,6834,1,,
31,439,6,211,6834,1,,
52,1409,7,211,6847,1,,
149,474,3,146,6849,1,,
312,413,4,146,6857,1,,
164,257,8,220,6861,1,,
99,22,8,215,6875,1,,
105,244,7,236,6881,1,,
173,609,6,210,6890,1,,
335,29,3,277,6895,1,,
139,68,7,210,6901,1,,
199,74,6,210,6910,1,,
176,848,5,210,6918,1,,
96,93,2,146,6927,1,,
187,491,8,215,6928,1,,
313,413,1,146,6930,1,,
189,621,10,265,6932,1,,
202,74,2,210,6937,1,,
167,72,9,276,6941,1,,
330,55,7,261,6952,1,,
256,104,1,146,6955,1,,
170,157,8,265,6956,1,,
305,83,8,276,6963,1,,
28,148,4,276,6970,1,,
160,5,2,276,6977,1,,
306,52,2,283,6987,1,,
354,998,7,245,6990,1,,
4,0,6,245,7000,1,,
70,1427,6,231,7004,1,,
101,450,7,276,7010,1,,
181,1179,6,245,7019,1,,
9,0,8,269,7026,1,,
9,57,6,269,7026,1,,
162,156,6,245,7029,1,,
29,18,6,269,7035,1,,
3,143,6,263,7038,1,,
174,6,4,269,7052,1,,
174,158,8,269,7052,1,,
159,374,8,239,7053,1,,
59,90,6,269,7061,1,,
0,115,4,269,7068,1,,
88,241,8,239,7073,1,,
88,64,7,239,7073,1,,
128,40,5,269,7076,1,,
133,4,4,269,7083,1,,
6,57,2,269,7087,1,,
314,10,10,239,7087,1,,
164,600,8,272,7102,1,,
292,8,3,239,7103,1,,
292,173,8,239,7103,1,,
7,0,6,239,7112,1,,
373,143,2,263,7114,1,,
53,89,8,239,7123,1,,
39,19,5,289,7131,1,,
1,32,10,288,7142,1,,
286,107,11,290,7147,1,,
343,138,5,239,7155,1,,
104,452,8,288,7156,1,,
130,67,4,239,7161,1,,
135,4,6,288,7165,1,,
149,1505,3,239,7167,1,,
41,34,12,235,7169,1,,
237,168,8,235,7181,1,,
178,850,4,235,7195,1,,
178,100,6,235,7195,1,,
230,268,6,235,7204,1,,
179,160,3,235,7210,1,,
339,283,2,235,7215,1,,
270,221,2,288,7215,1,,
136,26,2,235,7222,1,,
256,664,4,269,7222,1,,
307,176,2,239,7224,1,,
313,84,1,296,7231,1,,
181,486,4,218,7240,1,,
344,30,2,249,7261,1,,
344,138,10,249,7261,1,,
312,10,1,239,7264,1,,
70,783,9,210,7270,1,,
177,159,6,219,7282,1,,
62,542,11,249,7289,1,,
79,2,1,292,7294,1,,
172,45,8,249,7306,1,,
40,59,11,275,7310,1,,
40,19,6,275,7310,1,,
40,1,4,275,7310,1,,
287,172,6,249,7325,1,,
287,402,8,298,7325,1,,
249,47,6,275,7333,1,,
249,659,8,275,7333,1,,
148,5,6,249,7335,1,,
162,44,8,275,7344,1,,
173,1528,12,298,7354,1,,
53,89,8,275,7356,1,,
113,3,8,305,7357,1,,
161,375,5,305,7366,1,,
128,25,5,275,7369,1,,
128,812,4,275,7369,1,,
52,357,12,298,7372,1,,
163,28,8,305,7377,1,,
22,434,3,305,7383,1,,
314,84,8,275,7383,1,,
8,0,8,298,7386,1,,
363,141,8,275,7397,1,,
131,579,7,298,7400,1,,
180,73,7,275,7410,1,,
110,39,3,275,7425,1,,
110,154,6,286,7425,1,,
305,9,7,298,7426,1,,
291,133,4,275,7444,1,,
291,8,8,286,7444,1,,
283,132,10,295,7456,1,,
39,59,7,301,7461,1,,
39,19,4,301,7461,1,,
284,132,8,281,7470,1,,
285,8,10,301,7483,1,,
43,35,8,295,7484,1,,
228,103,3,275,7498,1,,
228,77,6,301,7498,1,,
244,217,6,249,7505,1,,
244,80,8,281,7505,1,,
361,1343,4,275,7513,1,,
361,14,5,286,7513,1,,
181,73,6,249,7516,1,,
312,710,5,249,7526,1,,
151,70,8,286,7527,1,,
92,556,12,-60,7528,1,,
200,210,4,295,7536,1,,
84,63,7,275,7539,1,,
147,26,2,-60,7539,1,,
147,1503,6,-60,7539,1,,
337,30,1,249,7541,1,,
182,379,7,286,7552,1,,
113,565,4,234,7555,1,,
113,306,7,-60,7555,1,,
23,58,10,-60,7570,1,,
230,268,8,-60,7584,1,,
255,331,9,-60,7599,1,,
207,164,5,275,7599,1,,
355,288,9,-60,7614,1,,
40,1397,4,149,7619,1,,
47,1054,7,-60,7626,1,,
60,90,5,275,7627,1,,
291,949,7,228,7637,1,,
95,557,6,-60,7638,1,,
214,77,4,301,7644,1,,
192,493,5,-60,7648,1,,
183,46,6,313,7648,1,,
251,272,4,286,7651,1,,
0,0,1,301,7654,1,,
114,39,5,-60,7658,1,,
203,74,3,301,7661,1,,
82,358,3,286,7666,1,,
201,210,9,307,7669,1,,
107,39,1,-60,7676,1,,
107,1464,2,-60,7676,1,,
336,282,8,197,7681,1,,
43,762,10,281,7695,1,,
110,39,1,-60,7714,1,,
180,73,5,307,7717,1,,
83,153,8,293,7737,1,,
86,21,12,306,7745,1,,
59,299,11,293,7752,1,,
113,1470,3,281,7753,1,,
101,122,4,197,7760,1,,
13,346,9,257,7775,1,,
13,17,8,257,7775,1,,
179,378,10,317,7784,1,,
81,153,6,304,7784,1,,
85,193,11,303,7785,1,,
151,70,10,257,7801,1,,
111,246,12,303,7802,1,,
97,93,8,303,7813,1,,
136,26,8,257,7815,1,,
140,373,1,303,7817,1,,
314,84,2,257,7829,1,,
314,53,6,257,7829,1,,
163,6,6,326,7837,1,,
105,23,8,257,7842,1,,
40,186,7,320,7853,1,,
30,1,7,257,7855,1,,
73,91,12,223,7857,1,,
133,41,6,320,7862,1,,
80,192,10,257,7871,1,,
25,147,6,223,7878,1,,
192,493,2,257,7878,1,,
99,22,10,223,7892,1,,
191,623,10,241,7894,1,,
205,75,5,223,7900,1,,
372,1354,6,258,7906,1,,
238,168,8,322,7912,1,,
164,6,7,322,7924,1,,
120,461,8,322,7936,1,,
128,25,6,329,7941,1,,
64,37,5,318,7944,1,,
81,1438,4,246,7948,1,,
14,17,4,322,7954,1,,
31,1,7,322,7966,1,,
136,819,7,258,7974,1,,
129,370,4,311,7976,1,,
179,1534,3,258,7980,1,,
106,23,5,302,7980,1,,
130,370,2,311,7982,1,,
122,311,2,302,7997,1,,
122,3,9,302,7997,1,,
122,154,1,302,7997,1,,
105,244,4,285,8000,1,,
105,244,10,258,8000,1,,
281,50,8,302,8009,1,,
61,774,10,315,8014,1,,
204,75,5,302,8017,1,,
193,317,4,315,8021,1,,
75,62,7,315,8031,1,,
131,198,6,315,8040,1,,
107,245,12,97,8042,1,,
195,317,2,315,8045,1,,
96,195,4,315,8052,1,,
367,85,4,302,8054,1,,
367,289,4,97,8054,1,,
194,317,4,315,8059,1,,
156,201,2,322,8073,1,,
156,5,8,97,8073,1,,
123,40,4,297,8087,1,,
123,248,4,297,8087,1,,
12,85,4,302,8097,1,,
12,0,4,97,8097,1,,
12,16,5,97,8097,1,,
190,862,6,310,8101,1,,
190,382,4,310,8101,1,,
243,904,12,297,8103,1,,
26,436,5,297,8112,1,,
366,85,4,302,8115,1,,
366,289,3,97,8115,1,,
366,341,6,319,8115,1,,
115,566,7,297,8122,1,,
280,172,7,97,8125,1,,
234,647,3,297,8128,1,,
286,107,10,253,8133,1,,
186,161,6,97,8135,1,,
196,382,2,310,8137,1,,
150,155,3,310,8143,1,,
47,60,6,97,8144,1,,
103,367,8,253,8157,1,,
368,289,4,97,8166,1,,
85,240,4,322,8173,1,,
197,209,9,253,8173,1,,
320,179,7,253,8184,1,,
122,571,4,97,8191,1,,
363,141,8,323,8196,1,,
129,578,6,97,8202,1,,
247,328,7,253,8206,1,,
65,778,1,97,8214,1,,
169,125,4,323,8217,1,,
105,798,7,322,8226,1,,
130,578,2,97,8230,1,,
229,103,9,-42,8236,1,,
229,642,8,-42,8236,1,,
330,55,4,331,8237,1,,
8,517,4,323,8238,1,,
337,137,2,97,8242,1,,
106,245,6,253,8254,1,,
140,4,8,-42,8269,1,,
140,823,12,-42,8269,1,,
43,35,9,-42,8281,1,,
230,643,4,253,8283,1,,
9,116,10,-42,8296,1,,
101,122,10,-42,8309,1,,
53,357,3,253,8312,1,,
292,950,1,97,8314,1,,
128,3,4,-42,8316,1,,
321,179,5,287,8323,1,,
84,359,6,-42,8326,1,,
283,8,2,342,8327,1,,
0,56,4,-42,8336,1,,
180,1178,1,302,8337,1,,
248,658,4,-42,8345,1,,
167,125,2,323,8350,1,,
113,3,8,351,8355,1,,
75,152,5,-42,8355,1,,
260,920,2,253,8362,1,,
243,904,4,242,8364,1,,
195,209,3,253,8368,1,,
331,55,4,327,8378,1,,
320,718,8,-42,8383,1,,
23,182,2,334,8403,1,,
23,0,8,334,8403,1,,
79,2,2,334,8407,1,,
34,352,3,334,8414,1,,
34,18,1,334,8414,1,,
43,535,11,334,8431,1,,
312,10,1,333,8437,1,,
330,55,9,334,8450,1,,
21,86,3,216,8459,1,,
313,10,9,335,8462,1,,
198,28,3,347,8478,1,,
198,628,4,347,8478,1,,
269,82,10,335,8479,1,,
22,86,6,348,8486,1,,
76,62,6,335,8489,1,,
41,441,4,335,8498,1,,
153,99,10,341,8501,1,,
232,78,2,357,8505,1,,
102,451,6,347,8516,1,,
102,38,5,347,8516,1,,
102,2,9,347,8516,1,,
10,16,6,354,8517,1,,
199,628,4,347,8523,1,,
304,109,9,354,8532,1,,
222,215,12,341,8536,1,,
39,34,11,345,8538,1,,
42,354,3,347,8544,1,,
24,350,9,341,8549,1,,
128,462,2,347,8550,1,,
4,0,6,357,8553,1,,
4,32,8,357,8553,1,,
358,140,10,341,8565,1,,
80,2,1,347,8569,1,,
200,628,1,347,8573,1,,
228,103,4,240,8574,1,,
243,653,8,348,8577,1,,
157,5,2,266,8595,1,,
157,43,9,266,8595,1,,
157,71,2,266,8595,1,,
142,1141,6,240,8602,1,,
59,1063,10,266,8615,1,,
140,68,8,340,8616,1,,
204,384,4,240,8623,1,,
295,279,8,266,8633,1,,
295,50,5,266,8633,1,,
8,116,4,259,8645,1,,
8,1367,9,259,8645,1,,
40,34,9,266,8653,1,,
40,19,6,266,8653,1,,
141,68,7,355,8656,1,,
124,24,6,259,8666,1,,
86,2,4,266,8670,1,,
86,21,8,278,8670,1,,
143,373,11,259,8693,1,,
258,333,11,316,8694,1,,
229,103,8,266,8695,1,,
229,7,9,360,8695,1,,
29,18,6,259,8702,1,,
22,58,8,316,8705,1,,
347,139,8,266,8713,1,,
347,421,2,278,8713,1,,
347,181,1,278,8713,1,,
113,3,9,316,8718,1,,
254,28,8,259,8726,1,,
254,662,10,259,8726,1,,
21,86,9,266,8728,1,,
175,260,8,316,8730,1,,
186,1184,9,259,8739,1,,
271,82,9,316,8743,1,,
270,82,9,278,8743,1,,
144,199,6,316,8752,1,,
132,250,8,266,8757,1,,
348,31,6,316,8761,1,,
71,151,5,316,8769,1,,
314,413,4,316,8791,1,,
41,34,2,266,8794,1,,
41,186,4,278,8794,1,,
41,88,9,321,8794,1,,
52,189,6,259,8798,1,,
321,280,5,316,8805,1,,
241,326,8,321,8811,1,,
241,104,4,321,8811,1,,
146,588,8,266,8822,1,,
4,143,6,259,8823,1,,
349,31,10,299,8832,1,,
230,130,8,278,8834,1,,
25,147,9,343,8836,1,,
26,87,9,308,8849,1,,
80,550,6,259,8859,1,,
81,550,4,259,8866,1,,
297,135,8,321,8869,1,,
200,163,3,316,8870,1,,
126,24,1,259,8876,1,,
126,66,5,314,8876,1,,
350,181,1,278,8881,1,,
350,286,6,324,8881,1,,
240,79,4,316,8882,1,,
337,1321,5,259,8886,1,,
231,130,3,316,8890,1,,
199,126,8,278,8892,1,,
249,329,4,343,8896,1,,
85,63,7,321,8903,1,,
313,413,1,316,8910,1,,
346,285,3,259,8913,1,,
298,407,9,324,8915,1,,
0,143,2,259,8922,1,,
315,53,2,266,8948,1,,
315,413,2,321,8948,1,,
139,585,4,278,8955,1,,
322,719,4,278,8962,1,,
280,172,5,321,8970,1,,
181,1536,2,259,8975,1,,
58,540,3,321,8975,1,,
229,130,8,373,8976,1,,
316,10,2,259,8979,1,,
115,39,5,373,8984,1,,
192,73,10,370,8993,1,,
116,39,5,373,8993,1,,
205,505,2,259,8997,1,,
206,127,9,353,9010,1,,
128,249,3,321,9010,1,,
225,1579,3,266,9016,1,,
47,188,2,266,9021,1,,
345,139,8,353,9022,1,,
170,157,5,353,9035,1,,
211,878,4,370,9042,1,,
25,147,5,321,9069,1,,
348,31,8,284,9070,1,,
153,99,2,321,9073,1,,
13,181,1,278,9081,1,,
13,0,3,372,9081,1,,
14,181,1,278,9084,1,,
158,595,6,284,9085,1,,
275,171,5,353,9086,1,,
330,181,1,364,9097,1,,
330,84,4,364,9097,1,,
11,181,1,364,9101,1,,
241,326,9,372,9104,1,,
241,131,5,372,9104,1,,
16,181,1,278,9107,1,,
15,181,1,278,9111,1,,
19,181,1,364,9114,1,,
200,126,2,278,9116,1,,
20,181,1,364,9128,1,,
17,181,1,364,9135,1,,
321,54,6,330,9135,1,,
349,13,6,330,9145,1,,
306,52,4,330,9152,1,,
255,48,6,368,9163,1,,
229,890,10,284,9169,1,,
207,212,8,358,9175,1,,
21,181,1,278,9181,1,,
174,610,6,361,9194,1,,
12,234,10,358,9195,1,,
12,0,5,358,9195,1,,
332,181,1,278,9203,1,,
113,247,8,358,9207,1,,
316,413,3,361,9210,1,,
331,181,1,364,9213,1,,
10,57,6,300,9220,1,,
281,50,2,358,9230,1,,
334,281,6,300,9230,1,,
111,456,1,358,9233,1,,
37,297,6,300,9239,1,,
124,573,2,358,9245,1,,
124,198,6,377,9245,1,,
275,680,4,330,9247,1,,
144,252,3,300,9254,1,,
144,68,8,371,9254,1,,
31,120,3,300,9269,1,,
31,88,7,371,9269,1,,
333,181,1,278,9272,1,,
8,57,5,300,9281,1,,
340,30,10,359,9284,1,,
49,1056,10,380,9285,1,,
374,290,9,359,9307,1,,
178,6,12,221,9318,1,,
178,262,5,221,9318,1,,
15,347,11,361,9318,1,,
22,235,9,359,9320,1,,
337,30,2,359,9325,1,,
180,7,6,380,9327,1,,
335,29,5,359,9335,1,,
47,35,6,382,9346,1,,
47,188,8,221,9346,1,,
211,165,6,221,9365,1,,
211,264,8,221,9365,1,,
284,8,9,135,9369,1,,
284,1272,10,135,9369,1,,
74,91,11,382,9380,1,,
11,1370,5,135,9387,1,,
11,32,8,135,9387,1,,
331,725,10,221,9394,1,,
274,934,10,221,9408,1,,
98,93,6,135,9410,1,,
98,65,7,135,9410,1,,
88,64,8,221,9420,1,,
112,457,5,359,9420,1,,
13,57,6,376,9430,1,,
13,117,7,376,9430,1,,
305,9,9,221,9433,1,,
32,88,9,135,9435,1,,
156,124,6,378,9439,1,,
357,112,8,221,9445,1,,
341,30,10,135,9452,1,,
158,71,12,376,9456,1,,
275,680,9,359,9467,1,,
33,753,12,376,9473,1,,
322,179,9,135,9482,1,,
62,90,7,376,9486,1,,
86,21,3,376,9494,1,,
6,57,1,376,9499,1,,
251,1241,7,382,9500,1,,
23,86,1,135,9505,1,,
23,182,6,135,9505,1,,
358,112,5,376,9509,1,,
14,17,5,221,9515,1,,
355,288,3,356,9517,1,,
146,42,6,135,9526,1,,
181,853,6,135,9535,1,,
49,1056,9,135,9550,1,,
65,20,4,135,9560,1,,
65,778,2,135,9560,1,,
199,1197,3,221,9564,1,,
335,29,5,135,9568,1,,
77,790,12,328,9574,1,,
129,96,4,135,9575,1,,
252,272,9,350,9577,1,,
155,124,2,390,9579,1,,
7,116,3,135,9585,1,,
157,124,6,390,9596,1,,
49,1056,3,251,9604,1,,
357,1339,8,328,9607,1,,
224,215,7,369,9620,1,,
172,45,8,369,9632,1,,
259,104,4,389,9634,1,,
260,104,2,389,9638,1,,
153,99,6,328,9642,1,,
253,913,4,252,9646,1,,
136,97,11,20,9648,1,,
136,4,4,20,9648,1,,
113,565,6,328,9653,1,,
176,261,4,328,9663,1,,
323,54,12,20,9673,1,,
323,84,6,20,9673,1,,
273,678,6,369,9674,1,,
286,401,12,20,9689,1,,
263,1253,6,20,9701,1,,
262,922,8,20,9713,1,,
272,82,7,398,9716,1,,
254,331,12,108,9728,1,,
59,1063,11,20,9729,1,,
43,35,4,20,9738,1,,
245,80,9,108,9741,1,,
54,538,7,108,9752,1,,
86,92,8,20,9756,1,,
86,21,3,20,9756,1,,
156,70,2,108,9771,1,,
156,255,12,108,9771,1,,
163,202,9,20,9771,1,,
157,594,9,328,9775,1,,
287,107,8,108,9782,1,,
301,108,7,20,9783,1,,
305,9,8,365,9794,1,,
87,63,12,279,9796,1,,
183,616,11,108,9810,1,,
89,64,10,279,9814,1,,
215,77,6,386,9821,1,,
216,77,5,279,9827,1,,
216,510,4,279,9827,1,,
311,959,2,108,9828,1,,
306,52,4,386,9837,1,,
148,5,9,279,9840,1,,
40,759,6,279,9849,1,,
75,152,2,279,9854,1,,
198,74,1,279,9857,1,,
288,50,7,386,9858,1,,
288,692,7,386,9858,1,,
203,74,3,279,9863,1,,
277,49,2,386,9870,1,,
62,542,2,386,9882,1,,
136,26,10,392,9883,1,,
90,554,5,336,9891,1,,
329,1677,6,365,9891,1,,
212,77,1,386,9894,1,,
88,554,2,336,9895,1,,
57,539,9,59,9916,1,,
186,619,8,291,9928,1,,
86,552,2,108,9930,1,,
223,322,11,59,9932,1,,
161,597,7,291,9939,1,,
101,2,4,59,9941,1,,
101,122,2,59,9941,1,,
89,303,5,280,9947,1,,
87,361,9,291,9960,1,,
276,681,3,280,9976,1,,
211,165,8,410,9978,1,,
205,127,4,280,9985,1,,
48,239,5,410,9986,1,,
189,621,3,280,9990,1,,
162,479,1,280,9994,1,,
97,1099,1,385,10016,1,,
97,2,10,385,10016,1,,
288,337,6,401,10023,1,,
288,28,7,401,10023,1,,
288,107,3,401,10023,1,,
288,8,8,401,10023,1,,
306,9,5,385,10034,1,,
306,83,4,385,10034,1,,
306,52,4,385,10034,1,,
247,47,3,401,10037,1,,
247,657,7,401,10037,1,,
10,428,7,385,10044,1,,
102,38,10,401,10061,1,,
102,94,8,401,10061,1,,
286,690,6,91,10067,1,,
0,56,6,401,10074,1,,
12,0,3,91,10083,1,,
12,16,8,91,10083,1,,
30,750,7,401,10087,1,,
148,5,7,385,10091,1,,
278,683,10,91,10097,1,,
179,262,8,401,10100,1,,
52,189,6,91,10106,1,,
33,88,7,385,10109,1,,
256,131,10,407,10117,1,,
5,15,6,385,10119,1,,
376,291,10,91,10120,1,,
289,337,5,401,10127,1,,
358,228,7,91,10131,1,,
307,52,4,401,10136,1,,
2,0,3,91,10136,1,,
316,714,2,91,10141,1,,
6,32,6,414,10142,1,,
6,144,7,414,10142,1,,
333,1317,6,414,10152,1,,
173,45,8,407,10160,1,,
82,2,9,414,10165,1,,
75,788,6,401,10178,1,,
348,31,6,414,10182,1,,
139,372,4,407,10190,1,,
359,140,6,385,10193,1,,
201,628,4,385,10199,1,,
32,18,5,415,10201,1,,
246,656,5,385,10210,1,,
329,11,3,393,10218,1,,
114,307,4,401,10221,1,,
200,126,4,401,10228,1,,
321,719,1,414,10236,1,,
23,86,8,99,10238,1,,
23,0,4,99,10238,1,,
23,17,2,99,10238,1,,
94,194,2,99,10257,1,,
94,447,6,99,10257,1,,
94,2,6,99,10257,1,,
362,14,10,99,10280,1,,
130,40,6,99,10299,1,,
130,464,6,99,10299,1,,
268,220,12,383,10305,1,,
142,1141,4,383,10312,1,,
187,100,4,99,10320,1,,
187,380,10,99,10320,1,,
284,400,8,383,10323,1,,
283,132,6,309,10332,1,,
21,523,8,99,10334,1,,
180,46,5,383,10334,1,,
103,197,3,383,10339,1,,
1,56,6,309,10341,1,,
355,1337,8,99,10347,1,,
14,57,6,383,10349,1,,
327,180,6,309,10351,1,,
6,57,1,383,10353,1,,
99,1100,5,309,10374,1,,
37,533,2,99,10377,1,,
37,18,12,99,10377,1,,
37,1,7,99,10377,1,,
83,551,1,309,10383,1,,
141,824,3,99,10390,1,,
141,97,4,99,10390,1,,
84,551,4,309,10391,1,,
375,290,8,99,10403,1,,
151,70,6,99,10415,1,,
85,2,11,411,10417,1,,
81,153,11,420,10427,1,,
81,20,8,420,10427,1,,
75,38,7,418,10437,1,,
173,6,3,99,10445,1,,
173,609,10,99,10445,1,,
229,130,6,99,10454,1,,
183,616,6,99,10463,1,,
248,909,11,171,10468,1,,
251,912,5,99,10471,1,,
60,300,8,420,10474,1,,
344,138,4,171,10475,1,,
272,677,2,99,10481,1,,
272,104,4,99,10481,1,,
13,740,5,99,10489,1,,
100,22,4,99,10499,1,,
280,1628,5,99,10510,1,,
343,12,4,430,10516,1,,
32,1,12,436,10516,1,,
262,104,4,99,10519,1,,
152,70,4,171,10523,1,,
347,111,4,436,10523,1,,
263,104,4,99,10528,1,,
84,359,6,171,10532,1,,
303,51,7,436,10534,1,,
293,406,4,99,10540,1,,
12,33,8,417,10553,1,,
162,1160,4,99,10556,1,,
346,420,4,99,10569,1,,
181,1179,4,99,10579,1,,
183,1538,2,417,10587,1,,
220,1574,3,99,10591,1,,
324,416,1,99,10604,1,,
31,148,4,442,10608,1,,
207,76,2,99,10611,1,,
148,5,10,429,10611,1,,
33,148,4,442,10615,1,,
333,222,1,99,10620,1,,
300,338,10,429,10635,1,,
300,28,8,429,10635,1,,
184,205,2,444,10643,1,,
278,49,9,429,10648,1,,
129,96,6,429,10666,1,,
63,90,7,429,10679,1,,
314,53,8,395,10696,1,,
85,240,6,429,10701,1,,
85,92,9,429,10701,1,,
374,143,6,395,10706,1,,
277,1265,6,429,10713,1,,
348,31,8,441,10717,1,,
15,57,2,429,10719,1,,
205,631,2,429,10726,1,,
206,632,9,395,10732,1,,
118,39,5,429,10736,1,,
237,650,5,441,10740,1,,
299,338,1,429,10742,1,,
103,197,5,429,10752,1,,
283,132,7,441,10764,1,,
283,224,9,441,10764,1,,
11,117,2,395,10771,1,,
342,30,10,114,10772,1,,
342,137,5,114,10772,1,,
301,338,2,395,10777,1,,
114,1115,8,114,10784,1,,
282,50,12,395,10796,1,,
208,127,10,114,10798,1,,
214,639,8,114,10818,1,,
185,205,4,114,10828,1,,
14,430,5,114,10838,1,,
376,85,4,443,10844,1,,
376,143,5,443,10844,1,,
111,305,9,114,10853,1,,
207,212,6,448,10854,1,,
64,302,4,114,10862,1,,
375,85,4,443,10868,1,,
375,143,6,443,10868,1,,
204,872,4,114,10871,1,,
321,54,7,114,10884,1,,
209,506,4,443,10885,1,,
209,102,8,443,10885,1,,
203,872,4,114,10893,1,,
232,131,7,443,10895,1,,
337,30,2,114,10900,1,,
86,21,5,443,10903,1,,
344,284,1,443,10906,1,,
357,227,3,114,10913,1,,
106,799,7,443,10917,1,,
118,569,6,408,10918,1,,
83,2,9,449,10930,1,,
81,2,4,460,10937,1,,
218,1208,6,116,10965,1,,
167,72,8,116,10978,1,,
370,289,4,447,10989,1,,
370,1009,8,447,10989,1,,
373,15,4,116,10992,1,,
373,290,6,116,10992,1,,
75,38,12,447,11005,1,,
367,113,10,116,11006,1,,
303,954,6,116,11016,1,,
343,12,8,447,11023,1,,
254,914,5,116,11024,1,,
202,74,2,116,11031,1,,
275,680,6,447,11038,1,,
275,171,3,447,11038,1,,
38,1395,2,116,11038,1,,
372,290,2,116,11045,1,,
273,171,3,447,11046,1,,
198,74,1,116,11050,1,,
371,289,2,447,11052,1,,
368,113,2,116,11057,1,,
287,402,2,447,11059,1,,
223,265,9,190,11074,1,,
256,48,4,190,11083,1,,
203,503,5,447,11094,1,,
27,148,1,447,11099,1,,
28,437,4,190,11108,1,,
352,287,3,190,11116,1,,
275,1623,6,388,11128,1,,
287,402,10,190,11167,1,,
75,152,4,375,11174,1,,
282,50,5,375,11182,1,,
351,732,8,247,11193,1,,
220,882,6,375,11203,1,,
32,18,7,432,11221,1,,
207,164,4,432,11228,1,,
216,321,10,432,11242,1,,
353,1335,7,432,11260,1,,
180,7,6,455,11271,1,,
12,33,4,455,11281,1,,
48,1405,10,455,11297,1,,
160,478,4,455,11306,1,,
161,256,5,431,11323,1,,
153,43,7,450,11360,1,,
87,361,11,349,11381,1,,
148,200,9,349,11394,1,,
190,207,5,349,11403,1,,
162,44,5,349,11411,1,,
109,801,3,349,11419,1,,
283,8,6,349,11431,1,,
22,58,4,349,11440,1,,
191,101,8,400,11454,1,,
170,259,2,467,11483,1,,
169,259,8,467,11498,1,,
207,76,6,467,11516,1,,
207,7,7,467,11516,1,,
10,116,8,467,11530,1,,
348,13,7,467,11543,1,,
85,240,10,467,11559,1,,
121,310,2,467,11566,1,,
347,286,11,482,11583,1,,
1,56,8,477,11616,1,,
0,425,10,464,11633,1,,
17,118,6,464,11644,1,,
31,1,6,464,11658,1,,
13,146,10,489,11679,1,,
264,104,4,428,11705,1,,
222,389,10,428,11724,1,,
222,77,4,428,11724,1,,
14,0,9,428,11737,1,,
223,389,12,497,11753,1,,
63,150,7,497,11764,1,,
56,20,2,479,11808,1,,
41,1,3,187,11885,1,,
41,19,10,187,11885,1,,
41,88,3,187,11885,1,,
41,237,8,187,11885,1,,
41,59,10,187,11885,1,,
16,17,6,187,11907,1,,
16,57,6,187,11907,1,,
16,85,4,187,11907,1,,
11,739,11,187,11928,1,,
11,32,3,187,11928,1,,
255,273,10,187,11944,1,,
343,12,10,187,11978,1,,
343,138,10,187,11978,1,,
343,30,5,187,11978,1,,
332,726,12,187,11997,1,,
99,22,8,187,12011,1,,
229,890,11,187,12034,1,,
229,77,5,187,12034,1,,
234,647,10,187,12050,1,,
148,5,12,187,12069,1,,
174,158,8,187,12083,1,,
184,856,8,187,12097,1,,
267,219,7,187,12110,1,,
365,229,6,187,12123,1,,
365,85,1,187,12123,1,,
34,88,6,187,12134,1,,
141,824,6,187,12146,1,,
346,285,5,187,12156,1,,
353,226,5,187,12166,1,,
309,279,4,187,12175,1,,
56,1413,4,424,12184,1,,
293,951,4,187,12193,1,,
205,384,1,187,12202,1,,
205,873,3,187,12202,1,,
69,782,2,187,12209,1,,
12,57,2,187,12216,1,,
62,1419,2,187,12222,1,,
68,61,5,472,12236,1,,
336,29,6,459,12282,1,,
336,282,10,459,12282,1,,
173,45,4,459,12289,1,,
317,10,10,459,12303,1,,
87,447,12,459,12329,1,,
87,241,7,459,12329,1,,
283,8,7,459,12341,1,,
367,230,10,459,12358,1,,
304,109,9,519,12373,1,,
306,9,6,459,12384,1,,
236,168,2,435,12431,1,,
308,52,12,435,12448,1,,
24,0,7,435,12468,1,,
24,86,8,435,12468,1,,
84,2,6,435,12477,1,,
307,52,1,505,12481,1,,
61,774,2,525,12526,1,,
128,154,2,525,12530,1,,
129,40,7,439,12541,1,,
87,1090,2,525,12546,1,,
374,1013,1,525,12549,1,,
310,177,6,525,12568,1,,
310,109,8,525,12568,1,,
2,85,4,513,12608,1,,
5,85,2,513,12621,1,,
279,82,5,188,12683,1,,
279,684,3,188,12683,1,,
25,183,8,188,12695,1,,
11,344,5,188,12705,1,,
195,209,3,188,12711,1,,
132,250,6,188,12723,1,,
86,1089,7,188,12735,1,,
113,24,5,188,12746,1,,
320,966,3,188,12754,1,,
