order_id,order_arrival,process_start_time,order_complete_time,station_id,cycle_time,oct
-72,0,1,41,picker-3,40,41
-42,0,1,71,picker-3,70,71
-58,0,1,97,picker-3,96,97
-24,0,2,99,picker-2,97,99
-73,0,1,190,picker-1,189,190
-20,0,1,190,picker-1,189,190
-46,0,1,197,picker-3,196,197
-70,0,1,232,picker-2,231,232
-44,0,1,260,picker-3,259,260
-37,0,1,284,picker-2,283,284
-87,0,42,289,picker-3,247,289
-100,0,100,316,picker-2,216,316
-61,0,72,321,picker-3,249,321
-60,0,1,333,picker-3,332,333
-91,0,2,344,picker-2,342,344
-71,0,1,364,picker-1,363,364
-15,0,2,374,picker-2,372,374
-68,0,1,379,picker-3,378,379
-31,0,1,383,picker-1,382,383
-97,0,1,395,picker-1,394,395
-30,0,2,396,picker-2,394,396
-35,0,1,401,picker-2,400,401
-33,0,198,404,picker-3,206,404
-1,0,191,411,picker-1,220,411
-93,0,2,412,picker-2,410,412
-64,0,1,425,picker-3,424,425
-95,0,233,433,picker-2,200,433
-79,0,261,440,picker-3,179,440
-56,0,290,464,picker-3,174,464
-85,0,1,476,picker-1,475,476
-94,0,334,482,picker-3,148,482
-50,0,1,484,picker-1,483,484
-17,0,285,498,picker-2,213,498
8,240,322,499,picker-3,177,259
-65,0,98,520,picker-3,422,520
-49,0,345,528,picker-2,183,528
-6,0,365,536,picker-1,171,536
-86,0,380,550,picker-3,170,550
-28,0,1,554,picker-1,553,554
11,240,384,569,picker-1,185,329
-19,0,396,578,picker-1,182,578
-11,0,397,586,picker-2,189,586
-76,0,412,622,picker-1,210,622
-38,0,191,634,picker-1,443,634
4,120,477,644,picker-1,167,524
-3,0,317,647,picker-2,330,647
-84,0,499,692,picker-2,193,692
-16,0,529,715,picker-2,186,715
19,420,555,736,picker-1,181,316
-63,0,537,747,picker-1,210,747
-41,0,402,750,picker-2,348,750
-92,0,579,799,picker-1,220,799
1,60,375,799,picker-2,424,739
-25,0,413,865,picker-2,452,865
-53,0,434,865,picker-2,431,865
-4,0,405,885,picker-3,480,885
-62,0,465,896,picker-3,431,896
7,240,500,916,picker-3,416,676
9,240,521,916,picker-3,395,676
-47,0,426,932,picker-3,506,932
-34,0,587,949,picker-2,362,949
-21,0,693,949,picker-2,256,949
-54,0,485,973,picker-1,488,973
-88,0,570,973,picker-1,403,973
-36,0,751,986,picker-2,235,986
-12,0,441,999,picker-3,558,999
25,600,645,1003,picker-1,358,403
-10,0,483,1033,picker-3,550,1033
-14,0,748,1048,picker-1,300,1048
13,300,800,1053,picker-1,253,753
-29,0,648,1054,picker-2,406,1054
24,540,716,1054,picker-2,338,514
-45,0,886,1060,picker-3,174,1060
-81,0,623,1060,picker-1,437,1060
-13,0,551,1072,picker-3,521,1072
29,720,897,1111,picker-3,214,391
20,420,635,1125,picker-1,490,705
48,960,974,1151,picker-1,177,191
32,780,917,1173,picker-3,256,393
-52,0,974,1189,picker-1,215,1189
22,480,801,1211,picker-2,410,731
40,840,866,1211,picker-2,345,371
45,960,1004,1238,picker-1,234,278
12,240,950,1310,picker-2,360,1070
6,180,866,1329,picker-2,463,1149
44,960,1000,1439,picker-3,439,479
-2,0,1311,1497,picker-2,186,1497
-96,0,1073,1528,picker-3,455,1528
50,1020,1330,1534,picker-2,204,514
-39,0,1212,1549,picker-2,337,1549
56,1200,1212,1549,picker-2,337,349
-51,0,1061,1552,picker-1,491,1552
-90,0,1152,1559,picker-1,407,1559
-32,0,1034,1588,picker-3,554,1588
47,960,1049,1611,picker-1,562,651
-18,0,1126,1617,picker-1,491,1617
37,840,1190,1645,picker-1,455,805
-59,0,950,1650,picker-2,700,1650
43,900,1239,1655,picker-1,416,755
39,840,1055,1657,picker-2,602,817
52,1020,1055,1665,picker-2,610,645
-89,0,1054,1676,picker-1,622,1676
-23,0,1498,1677,picker-2,179,1677
34,780,987,1712,picker-2,725,932
-8,0,1440,1717,picker-3,277,1717
63,1260,1535,1724,picker-2,189,464
51,1020,1174,1768,picker-3,594,748
-55,0,1062,1778,picker-3,716,1778
62,1260,1560,1796,picker-1,236,536
71,1500,1612,1849,picker-1,237,349
73,1500,1618,1871,picker-1,253,371
58,1200,1666,1880,picker-2,214,680
60,1260,1529,1891,picker-3,362,631
35,780,1112,1897,picker-3,785,1117
76,1620,1718,1916,picker-3,198,296
23,540,933,1919,picker-3,986,1379
68,1440,1553,1970,picker-1,417,530
82,1740,1769,1972,picker-3,203,232
-69,0,1797,1995,picker-1,198,1995
-82,0,917,2021,picker-3,1104,2021
77,1620,1646,2029,picker-1,383,409
0,60,737,2033,picker-1,1296,1973
74,1560,1589,2039,picker-3,450,479
42,900,1677,2051,picker-1,374,1151
33,780,1678,2102,picker-2,424,1322
-40,0,1898,2130,picker-3,232,2130
-77,0,1658,2160,picker-2,502,2160
27,660,1881,2172,picker-2,291,1512
-78,0,1779,2181,picker-3,402,2181
99,1980,1996,2204,picker-1,208,224
17,300,1550,2217,picker-2,667,1917
85,1800,1850,2250,picker-1,400,450
61,1260,1651,2272,picker-2,621,1012
70,1500,1550,2306,picker-2,756,806
3,120,1713,2311,picker-2,598,2191
67,1440,1725,2337,picker-2,612,897
54,1080,2040,2349,picker-3,309,1269
-5,0,1920,2368,picker-3,448,2368
21,480,2205,2411,picker-1,206,1931
49,1020,1872,2416,picker-1,544,1396
57,1200,2034,2435,picker-1,401,1235
38,840,1656,2440,picker-1,784,1600
72,1500,1971,2460,picker-1,489,960
88,1860,2022,2463,picker-3,441,603
-98,0,1892,2479,picker-3,587,2479
93,1920,2251,2490,picker-1,239,570
36,840,2103,2490,picker-2,387,1650
26,600,2161,2490,picker-2,329,1890
86,1800,1973,2503,picker-3,530,703
66,1380,1917,2527,picker-3,610,1147
65,1320,2052,2540,picker-1,488,1220
107,2160,2369,2555,picker-3,186,395
41,900,2030,2556,picker-1,526,1656
109,2160,2273,2561,picker-2,288,401
105,2100,2218,2589,picker-2,371,489
-7,0,2131,2589,picker-3,458,2589
96,1920,2182,2589,picker-3,407,669
98,1980,2417,2633,picker-1,216,653
5,180,2307,2653,picker-2,346,2473
80,1740,2338,2661,picker-2,323,921
101,2040,2464,2692,picker-3,228,652
123,2460,2480,2720,picker-3,240,260
84,1800,2528,2742,picker-3,214,942
94,1920,2504,2748,picker-3,244,828
55,1080,2562,2776,picker-2,214,1696
30,720,2350,2899,picker-3,549,2179
131,2580,2590,2903,picker-2,313,323
92,1920,2441,2937,picker-1,496,1017
89,1860,2591,2942,picker-3,351,1082
102,2040,2492,3028,picker-2,536,988
112,2220,2654,3035,picker-2,381,815
103,2040,2312,3042,picker-2,730,1002
97,1980,2492,3048,picker-2,556,1068
111,2220,2634,3082,picker-1,448,862
-22,0,2173,3092,picker-2,919,3092
95,1920,2662,3107,picker-2,445,1187
-48,0,2461,3131,picker-1,670,3131
10,240,2412,3151,picker-1,739,2911
129,2580,2900,3173,picker-3,273,593
-67,0,2491,3202,picker-1,711,3202
46,960,2777,3204,picker-2,427,2244
53,1080,2541,3246,picker-1,705,2166
138,2760,3036,3252,picker-2,216,492
100,1980,2749,3252,picker-3,503,1272
133,2640,3049,3257,picker-2,208,617
-43,0,2938,3260,picker-1,322,3260
79,1680,3043,3271,picker-2,228,1591
124,2520,2721,3277,picker-3,556,757
134,2640,2693,3294,picker-3,601,654
143,2820,3093,3301,picker-2,208,481
-9,0,2436,3306,picker-1,870,3306
31,720,2557,3312,picker-1,755,2592
141,2820,2904,3319,picker-2,415,499
81,1740,3029,3319,picker-2,290,1579
139,2760,2943,3365,picker-3,422,605
146,2940,3174,3376,picker-3,202,436
120,2400,3083,3394,picker-1,311,994
108,2160,3152,3394,picker-1,242,1234
156,3060,3205,3403,picker-2,198,343
162,3180,3203,3407,picker-1,204,227
122,2460,2556,3420,picker-3,864,960
90,1920,2591,3429,picker-3,838,1509
110,2220,3302,3574,picker-2,272,1354
-74,0,3132,3600,picker-1,468,3600
-57,0,3261,3661,picker-1,400,3661
18,360,3254,3679,picker-3,425,3319
169,3360,3366,3714,picker-3,348,354
148,2940,3295,3722,picker-3,427,782
126,2580,3430,3722,picker-3,292,1142
159,3120,3395,3737,picker-1,342,617
-26,0,3247,3754,picker-1,507,3754
168,3300,3313,3818,picker-1,505,518
117,2340,3307,3825,picker-1,518,1485
157,3120,3377,3841,picker-3,464,721
151,3060,3421,3846,picker-3,425,786
69,1440,3408,3847,picker-1,439,2407
160,3120,3278,3853,picker-3,575,733
14,300,3395,3863,picker-1,468,3563
167,3300,3320,3882,picker-2,562,582
154,3060,3272,3889,picker-2,617,829
185,3600,3680,3915,picker-3,235,315
189,3600,3662,3939,picker-1,277,339
116,2340,3715,3963,picker-3,248,1623
190,3600,3601,3963,picker-1,362,363
165,3240,3253,3990,picker-2,737,750
176,3420,3723,4007,picker-3,284,587
136,2700,3738,4016,picker-1,278,1316
184,3540,3723,4020,picker-3,297,480
-66,0,3320,4060,picker-2,740,4060
173,3420,3842,4077,picker-3,235,657
191,3660,3847,4101,picker-3,254,441
187,3600,3883,4137,picker-2,254,537
192,3660,3916,4150,picker-3,234,490
121,2460,3404,4160,picker-2,756,1700
152,3060,3575,4160,picker-2,585,1100
-75,0,3258,4166,picker-2,908,4166
106,2100,3108,4171,picker-2,1063,2071
181,3480,3755,4184,picker-1,429,704
118,2340,3890,4268,picker-2,378,1928
137,2700,3991,4324,picker-2,333,1624
15,300,4021,4355,picker-3,334,4055
179,3480,3819,4378,picker-1,559,898
217,4140,4151,4404,picker-3,253,264
180,3480,3940,4414,picker-1,474,934
195,3720,3964,4414,picker-1,450,694
125,2580,3864,4419,picker-1,555,1839
142,2820,4008,4424,picker-3,416,1604
83,1800,3826,4467,picker-1,641,2667
171,3420,4102,4481,picker-3,379,1061
135,2700,2743,4506,picker-3,1763,1806
145,2880,3848,4518,picker-1,670,1638
206,3900,4269,4522,picker-2,253,622
153,3060,4078,4528,picker-3,450,1468
213,4020,4356,4540,picker-3,184,520
87,1860,4185,4557,picker-1,372,2697
114,2280,4405,4564,picker-3,159,2284
149,2940,4138,4569,picker-2,431,1629
196,3780,4161,4569,picker-2,408,789
220,4140,4379,4574,picker-1,195,434
194,3720,4017,4577,picker-1,560,857
205,3900,4420,4593,picker-1,173,693
147,2940,4167,4594,picker-2,427,1654
216,4080,4415,4600,picker-1,185,520
144,2880,4172,4627,picker-2,455,1747
235,4440,4468,4657,picker-1,189,217
178,3480,4161,4658,picker-2,497,1178
188,3600,4061,4658,picker-2,597,1058
208,3960,3965,4671,picker-3,706,711
225,4260,4325,4691,picker-2,366,431
215,4080,4415,4713,picker-1,298,633
166,3240,4578,4774,picker-1,196,1534
241,4560,4570,4780,picker-2,210,220
244,4560,4570,4780,picker-2,210,220
64,1320,4595,4823,picker-2,228,3503
242,4560,4628,4855,picker-2,227,295
239,4500,4575,4873,picker-1,298,373
233,4440,4523,4886,picker-2,363,446
140,2760,4425,4914,picker-3,489,2154
250,4680,4714,4920,picker-1,206,240
201,3900,4594,4941,picker-1,347,1041
209,4020,4507,4944,picker-3,437,924
236,4440,4541,4955,picker-3,414,515
229,4320,4519,4969,picker-1,450,649
224,4260,4558,4969,picker-1,411,709
247,4620,4775,5009,picker-1,234,389
249,4620,4672,5012,picker-3,340,392
261,4800,4824,5015,picker-2,191,215
221,4140,4529,5021,picker-3,492,881
259,4800,4856,5079,picker-2,223,279
193,3660,4915,5096,picker-3,181,1436
264,4860,4874,5101,picker-1,227,241
243,4560,4565,5102,picker-3,537,542
119,2400,4482,5113,picker-3,631,2713
132,2640,4945,5144,picker-3,199,2504
28,660,4781,5179,picker-2,398,4519
104,2100,4781,5185,picker-2,404,3085
276,4980,5013,5193,picker-3,180,213
75,1560,5022,5224,picker-3,202,3664
270,4980,5016,5227,picker-2,211,247
267,4920,5097,5277,picker-3,180,357
279,5040,5080,5278,picker-2,198,238
265,4860,4970,5319,picker-1,349,459
115,2280,4659,5362,picker-2,703,3082
186,3600,4659,5362,picker-2,703,1762
253,4680,4692,5362,picker-2,670,682
170,3360,4887,5422,picker-2,535,2062
266,4920,5186,5481,picker-2,295,561
219,4140,5228,5508,picker-2,280,1368
278,5040,5278,5516,picker-3,238,476
285,5160,5320,5548,picker-1,228,388
203,3900,5194,5643,picker-3,449,1743
246,4620,4942,5656,picker-1,714,1036
231,4380,4658,5661,picker-1,1003,1281
252,4680,5114,5663,picker-3,549,983
214,4080,5363,5677,picker-2,314,1597
277,4980,5423,5693,picker-2,270,713
275,4980,5180,5722,picker-2,542,742
130,2580,4921,5757,picker-1,836,3177
218,4140,4601,5778,picker-1,1177,1638
175,3420,5010,5792,picker-1,782,2372
260,4800,5103,5801,picker-3,698,1001
200,3840,3854,5819,picker-3,1965,1979
271,4980,5549,5839,picker-1,290,859
293,5460,5482,5840,picker-2,358,380
256,4740,5657,5858,picker-1,201,1118
232,4440,5363,5864,picker-2,501,1424
311,5640,5662,5866,picker-1,204,226
248,4620,5363,5870,picker-2,507,1250
312,5640,5678,5879,picker-2,201,239
198,3840,5517,5892,picker-3,375,2052
257,4800,5644,5892,picker-3,248,1092
150,3000,5279,5902,picker-2,623,2902
262,4860,5225,5924,picker-3,699,1064
163,3180,5145,5938,picker-3,793,2758
316,5700,5793,5952,picker-1,159,252
255,4740,5758,5963,picker-1,205,1223
284,5160,5802,5963,picker-3,161,803
128,2580,5102,5966,picker-1,864,3386
227,4320,4956,5966,picker-3,1010,1646
280,5040,5664,6001,picker-3,337,961
204,3900,5509,6013,picker-2,504,2113
268,4920,5871,6051,picker-2,180,1131
251,4680,5694,6090,picker-2,396,1410
306,5520,5723,6090,picker-2,367,570
288,5340,5893,6093,picker-3,200,753
183,3540,5820,6143,picker-3,323,2603
330,6000,6014,6181,picker-2,167,181
301,5520,5865,6191,picker-2,326,671
113,2220,5880,6206,picker-2,326,3986
310,5580,5841,6281,picker-2,440,701
307,5520,5903,6374,picker-2,471,854
333,6000,6052,6374,picker-2,322,374
291,5340,6207,6411,picker-2,204,1071
258,4800,5953,6413,picker-1,460,1613
308,5580,5967,6431,picker-1,464,851
78,1620,6091,6443,picker-2,352,4823
305,5520,5867,6477,picker-1,610,957
281,5100,5840,6487,picker-1,647,1387
332,6000,6182,6507,picker-2,325,507
303,5520,6192,6507,picker-2,315,987
211,4020,5964,6514,picker-1,550,2494
321,5760,5859,6549,picker-1,690,789
314,5700,6144,6554,picker-3,410,854
-27,0,5779,6568,picker-1,789,6568
325,5880,6094,6578,picker-3,484,698
207,3900,6091,6600,picker-2,509,2700
338,6060,6414,6606,picker-1,192,546
315,5700,6282,6633,picker-2,351,933
335,6060,6432,6633,picker-1,201,573
238,4500,6002,6653,picker-3,651,2153
174,3420,5965,6689,picker-3,724,3269
331,6000,6478,6690,picker-1,212,690
294,5460,5893,6738,picker-3,845,1278
327,5940,6508,6754,picker-2,246,814
228,4320,5925,6771,picker-3,846,2451
273,4980,6375,6785,picker-2,410,1805
329,6000,6375,6785,picker-2,410,785
319,5760,6579,6802,picker-3,223,1042
354,6600,6601,6828,picker-2,227,228
352,6540,6607,6841,picker-1,234,301
343,6360,6634,6857,picker-1,223,497
345,6360,6412,6886,picker-2,474,526
-83,0,6444,6886,picker-2,442,6886
297,5460,6555,6886,picker-3,331,1426
344,6360,6508,6902,picker-2,394,542
296,5460,6635,6908,picker-2,273,1448
274,4980,6739,6941,picker-3,202,1961
286,5220,6654,6982,picker-3,328,1762
161,3180,5968,7000,picker-3,1032,3820
346,6420,6691,7000,picker-1,309,580
292,5400,6488,7010,picker-1,522,1610
368,6840,6842,7024,picker-1,182,184
-99,0,6569,7046,picker-1,477,7046
272,4980,6690,7122,picker-3,432,2142
320,5760,6772,7122,picker-3,350,1362
317,5760,6858,7185,picker-1,327,1425
357,6660,6887,7190,picker-2,303,530
304,5520,7123,7319,picker-3,196,1799
359,6720,6786,7322,picker-2,536,602
-80,0,6887,7358,picker-2,471,7358
364,6780,6829,7376,picker-2,547,596
379,7080,7123,7414,picker-3,291,334
348,6420,6942,7422,picker-3,480,1002
300,5520,7001,7427,picker-1,426,1907
202,3900,6803,7471,picker-3,668,3571
361,6720,6903,7472,picker-2,569,752
313,5640,6983,7479,picker-3,496,1839
164,3240,7011,7510,picker-1,499,4270
347,6420,6786,7512,picker-2,726,1092
322,5820,7002,7531,picker-3,529,1711
356,6600,6909,7544,picker-2,635,944
340,6120,6888,7576,picker-3,688,1456
263,4860,6515,7582,picker-1,1067,2722
353,6540,6550,7589,picker-1,1039,1049
394,7380,7415,7612,picker-3,197,232
324,5880,7359,7614,picker-2,255,1734
177,3420,5939,7631,picker-3,1692,4211
391,7320,7428,7639,picker-1,211,319
381,7140,7423,7642,picker-3,219,502
393,7380,7473,7674,picker-2,201,294
377,7080,7472,7681,picker-3,209,601
386,7140,7511,7705,picker-1,194,565
389,7260,7532,7717,picker-3,185,457
355,6600,7025,7729,picker-1,704,1129
158,3120,7047,7729,picker-1,682,4609
365,6840,7323,7734,picker-2,411,894
395,7380,7545,7793,picker-2,248,413
367,6840,7186,7793,picker-1,607,953
342,6300,7191,7802,picker-2,611,1502
387,7200,7583,7802,picker-1,219,602
401,7500,7513,7871,picker-2,358,371
411,7680,7682,7876,picker-3,194,196
182,3480,7643,7903,picker-3,260,4423
406,7620,7675,7938,picker-2,263,318
366,6840,7613,7962,picker-3,349,1122
351,6480,7632,7962,picker-3,330,1482
376,7020,7735,8016,picker-2,281,996
349,6420,7615,8023,picker-2,408,1603
400,7500,7794,8031,picker-1,237,531
414,7800,7803,8031,picker-1,228,231
323,5820,7377,8032,picker-2,655,2212
385,7140,7480,8050,picker-3,570,910
392,7380,7577,8066,picker-3,489,686
397,7500,7590,8082,picker-1,492,582
372,6960,7640,8082,picker-1,442,1122
234,4440,7320,8105,picker-3,785,3665
402,7560,7718,8117,picker-3,399,557
127,2580,7795,8342,picker-2,547,5762
2,60,7877,8345,picker-3,468,8285
295,5460,7904,8391,picker-3,487,2931
339,6120,7963,8391,picker-3,428,2271
410,7680,8032,8422,picker-1,390,742
363,6780,8032,8422,picker-1,390,1642
405,7620,8024,8432,picker-2,408,812
290,5340,7706,8483,picker-1,777,3143
375,7020,7730,8500,picker-1,770,1480
424,8040,8083,8507,picker-1,424,467
358,6720,7730,8516,picker-1,786,1796
378,7080,7939,8526,picker-2,587,1446
418,7920,8051,8535,picker-3,484,615
408,7680,8033,8546,picker-2,513,866
398,7500,8392,8547,picker-3,155,1047
360,6720,8017,8563,picker-2,546,1843
416,7860,7872,8569,picker-2,697,709
426,8100,8106,8574,picker-3,468,474
443,8400,8423,8605,picker-1,182,205
282,5100,7804,8638,picker-2,834,3538
373,6960,8118,8644,picker-3,526,1684
432,8340,8392,8668,picker-3,276,328
374,7020,8083,8681,picker-1,598,1661
422,8040,8484,8690,picker-1,206,650
298,5460,8343,8691,picker-2,348,3231
440,8340,8423,8714,picker-1,291,374
230,4380,6755,8719,picker-2,1964,4339
442,8400,8433,8770,picker-2,337,370
407,7620,8527,8770,picker-2,243,1150
430,8220,8575,8813,picker-3,238,593
326,5880,7963,8816,picker-3,853,2936
425,8040,8067,8820,picker-3,753,780
423,8040,8564,8822,picker-2,258,782
429,8160,8547,8841,picker-2,294,681
399,7500,8346,8849,picker-3,503,1349
384,7140,8536,8849,picker-3,313,1709
444,8400,8570,8881,picker-2,311,481
428,8160,8508,8886,picker-1,378,726
431,8220,8669,8921,picker-3,252,701
341,6300,8548,8945,picker-3,397,2645
318,5760,8682,9086,picker-1,404,3326
451,8580,8691,9136,picker-1,445,556
453,8640,8645,9149,picker-3,504,509
434,8340,8501,9163,picker-1,662,823
287,5280,8850,9225,picker-3,375,3945
370,6900,8606,9228,picker-1,622,2328
439,8340,8517,9239,picker-1,722,899
436,8340,8715,9250,picker-1,535,910
380,7080,8817,9260,picker-3,443,2180
415,7800,8887,9264,picker-1,377,1464
459,8760,8850,9267,picker-3,417,507
477,9000,9137,9335,picker-1,198,335
460,8760,8771,9339,picker-2,568,579
465,8820,9150,9372,picker-3,222,552
441,8340,8946,9391,picker-3,445,1051
417,7920,8821,9398,picker-3,577,1478
462,8760,8922,9404,picker-3,482,644
475,9000,9164,9425,picker-1,261,425
413,7800,8814,9454,picker-3,640,1654
409,7680,9251,9558,picker-1,307,1878
454,8640,8823,9610,picker-2,787,970
456,8700,8882,9628,picker-2,746,928
473,9000,9229,9640,picker-1,411,640
334,6000,8692,9640,picker-2,948,3640
486,9180,9392,9663,picker-3,271,483
447,8520,8771,9665,picker-2,894,1145
501,9360,9426,9698,picker-1,272,338
457,8700,8720,9715,picker-2,995,1015
458,8760,8842,9724,picker-2,882,964
350,6480,8639,9728,picker-2,1089,3248
464,8820,9340,9751,picker-2,411,931
483,9120,9261,9763,picker-3,502,643
491,9180,9268,9763,picker-3,495,583
463,8820,9240,9765,picker-1,525,945
371,6900,9336,9772,picker-1,436,2872
493,9180,9265,9779,picker-1,514,599
427,8160,9087,9801,picker-1,714,1641
513,9600,9641,9826,picker-1,185,226
472,8940,9405,9830,picker-3,425,890
479,9000,9373,9853,picker-3,480,853
494,9180,9666,9884,picker-2,218,704
485,9180,9455,9927,picker-3,472,747
362,6720,9226,9937,picker-3,711,3217
517,9660,9699,9949,picker-1,250,289
503,9420,9725,9971,picker-2,246,551
480,9060,9399,9973,picker-3,574,913
484,9120,9766,9977,picker-1,211,857
521,9660,9729,9987,picker-2,258,327
499,9300,9611,10027,picker-2,416,727
470,8940,9629,10027,picker-2,398,1087
382,7140,9764,10065,picker-3,301,2925
438,8340,9664,10073,picker-3,409,1733
507,9480,9752,10085,picker-2,333,605
226,4320,9716,10090,picker-2,374,5770
514,9600,9928,10096,picker-3,168,496
488,9180,9642,10103,picker-2,461,923
523,9720,9938,10133,picker-3,195,413
481,9060,9764,10160,picker-3,396,1100
492,9180,9831,10160,picker-3,329,980
383,7140,9854,10160,picker-3,306,3020
511,9540,9559,10180,picker-1,621,640
519,9660,9978,10259,picker-1,281,599
467,8880,9780,10290,picker-1,510,1410
524,9720,9885,10339,picker-2,454,619
510,9540,9773,10364,picker-1,591,824
504,9420,10074,10372,picker-3,298,952
468,8940,9950,10444,picker-1,494,1504
489,9180,9827,10495,picker-1,668,1315
506,9420,10181,10509,picker-1,328,1089
556,10260,10291,10529,picker-1,238,269
403,7560,10260,10536,picker-1,276,2976
509,9480,9972,10584,picker-2,612,1104
533,9960,10340,10584,picker-2,244,624
537,9960,10097,10608,picker-3,511,648
500,9360,10066,10617,picker-3,551,1257
498,9300,9802,10673,picker-1,871,1373
525,9720,10161,10685,picker-3,524,965
420,7980,10161,10685,picker-3,524,2705
518,9660,10373,10711,picker-3,338,1051
369,6900,10028,10711,picker-2,683,3811
528,9840,10161,10741,picker-3,580,901
502,9360,10365,10768,picker-1,403,1408
530,9900,10028,10773,picker-2,745,873
496,9240,10104,10779,picker-2,675,1539
532,9900,10086,10795,picker-2,709,895
567,10560,10609,10841,picker-3,232,281
476,9000,10530,10852,picker-1,322,1852
565,10500,10585,10853,picker-2,268,353
561,10440,10445,10893,picker-1,448,453
575,10680,10712,10920,picker-2,208,240
535,9960,10091,10923,picker-2,832,963
210,4020,9974,10973,picker-3,999,6953
469,8940,10134,10973,picker-3,839,2033
419,7980,10585,11000,picker-2,415,3020
552,10200,10769,11098,picker-1,329,898
560,10440,10742,11120,picker-3,378,680
543,10080,10686,11136,picker-3,450,1056
544,10080,10894,11150,picker-1,256,1070
550,10140,10618,11172,picker-3,554,1032
497,9240,10686,11197,picker-3,511,1957
586,10860,10974,11215,picker-3,241,355
199,3840,10774,11223,picker-2,449,7383
554,10260,10674,11228,picker-1,554,968
594,10980,11001,11271,picker-2,270,291
562,10440,10713,11276,picker-3,563,836
580,10800,10842,11297,picker-3,455,497
585,10860,10921,11300,picker-2,379,440
595,11040,11121,11320,picker-3,199,280
435,8340,10854,11321,picker-2,467,2981
478,9000,10780,11369,picker-2,589,2369
542,10080,11137,11369,picker-3,232,1289
569,10620,10974,11380,picker-3,406,760
551,10200,10796,11391,picker-2,595,1191
579,10800,10924,11391,picker-2,467,591
536,9960,10510,11413,picker-1,903,1453
596,11100,11224,11434,picker-2,210,334
482,9120,10853,11445,picker-1,592,2325
549,10140,10496,11504,picker-1,1008,1364
490,9180,11272,11508,picker-2,236,2328
604,11280,11298,11535,picker-3,237,255
573,10680,11229,11564,picker-1,335,884
583,10860,11322,11577,picker-2,255,717
602,11220,11277,11585,picker-3,308,365
437,8340,11099,11603,picker-1,504,3263
582,10860,11371,11621,picker-3,250,761
283,5100,11151,11643,picker-1,492,6543
584,10860,11381,11658,picker-3,277,798
572,10680,11198,11674,picker-3,476,994
598,11160,11216,11683,picker-3,467,523
540,10080,11173,11710,picker-3,537,1630
577,10800,11536,11817,picker-3,281,1017
591,10980,11435,11837,picker-2,402,857
574,10680,11505,11854,picker-1,349,1174
336,6060,11370,11855,picker-2,485,5795
197,3780,11392,11855,picker-2,463,8075
576,10680,11644,11871,picker-1,227,1191
597,11100,11392,11875,picker-2,483,775
614,11520,11565,11880,picker-1,315,360
495,9240,11446,11921,picker-1,475,2681
555,10260,11622,11931,picker-3,309,1671
516,9660,11301,11953,picker-2,652,2293
610,11460,11855,11993,picker-1,138,533
618,11580,11586,11998,picker-3,412,418
589,10920,11604,12001,picker-1,397,1081
538,9960,11509,12113,picker-2,604,2153
466,8880,11578,12113,picker-2,535,3233
622,11820,11922,12161,picker-1,239,341
421,8040,11932,12165,picker-3,233,4125
563,10440,11414,12170,picker-1,756,1730
607,11460,11872,12181,picker-1,309,721
621,11760,11856,12254,picker-2,398,494
620,11760,11838,12260,picker-2,422,500
412,7740,11954,12271,picker-2,317,4531
487,9180,11876,12287,picker-2,411,3107
328,5940,11818,12295,picker-3,477,6355
593,10980,12162,12310,picker-1,148,1330
570,10620,11321,12368,picker-3,1047,1748
633,12060,12114,12370,picker-2,256,310
601,11220,11994,12440,picker-1,446,1220
627,11940,12002,12440,picker-1,438,500
450,8580,11675,12448,picker-3,773,3868
611,11520,11659,12566,picker-3,907,1046
545,10080,11856,12591,picker-2,735,2511
641,12240,12296,12592,picker-3,296,352
617,11580,11999,12601,picker-3,602,1021
222,4200,12255,12656,picker-2,401,8456
578,10800,12171,12668,picker-1,497,1868
446,8460,11881,12694,picker-1,813,4234
546,10080,12449,12702,picker-3,253,2622
603,11220,12272,12704,picker-2,432,1484
628,11940,12261,12711,picker-2,450,771
547,10140,12182,12721,picker-1,539,2581
612,11520,12441,12730,picker-1,289,1210
616,11520,12441,12744,picker-1,303,1224
632,12060,12288,12777,picker-2,489,717
448,8520,12114,12784,picker-2,670,4264
619,11700,11711,12805,picker-3,1094,1105
615,11520,12371,12816,picker-2,445,1296
639,12240,12669,12889,picker-1,220,649
652,12480,12657,12890,picker-2,233,410
223,4200,11684,12899,picker-3,1215,8699
631,12060,12593,12914,picker-3,321,854
656,12600,12695,12922,picker-1,227,322
648,12360,12712,12923,picker-2,211,563
626,11940,12602,12940,picker-3,338,1000
548,10140,12705,12951,picker-2,246,2811
527,9780,12785,12964,picker-2,179,3184
649,12360,12722,12974,picker-1,252,614
635,12120,12369,12995,picker-3,626,875
643,12300,12592,13002,picker-2,410,702
557,10320,12311,13024,picker-1,713,2704
539,10080,12806,13040,picker-3,234,2960
449,8520,12166,13073,picker-3,907,4553
650,12420,12891,13080,picker-2,189,660
588,10920,12778,13115,picker-2,337,2195
670,12780,12890,13196,picker-1,306,416
613,11520,12567,13206,picker-3,639,1686
654,12540,12703,13206,picker-3,503,666
662,12720,12923,13209,picker-1,286,489
659,12600,13025,13240,picker-1,215,640
653,12480,12731,13245,picker-1,514,765
644,12300,13081,13274,picker-2,193,974
581,10860,12817,13295,picker-2,478,2435
666,12720,12745,13348,picker-1,603,628
531,9900,12924,13389,picker-2,465,3489
681,13020,13041,13390,picker-3,349,370
606,11400,12965,13402,picker-2,437,2002
672,12840,12915,13405,picker-3,490,565
655,12600,13210,13412,picker-1,202,812
642,12300,13197,13421,picker-1,224,1121
676,12960,12975,13430,picker-1,455,470
625,11880,12952,13457,picker-2,505,1577
678,13020,13275,13488,picker-2,213,468
680,13020,13116,13501,picker-2,385,481
668,12780,13207,13525,picker-3,318,745
647,12360,13074,13535,picker-3,461,1175
685,13140,13390,13592,picker-2,202,452
664,12720,13403,13614,picker-2,211,894
705,13380,13406,13633,picker-3,227,253
707,13440,13458,13657,picker-2,199,217
695,13260,13391,13661,picker-3,270,401
691,13200,13489,13682,picker-2,193,482
675,12900,13207,13694,picker-3,487,794
660,12660,13422,13702,picker-1,280,1042
640,12240,13241,13748,picker-1,507,1508
698,13320,13431,13796,picker-1,365,476
515,9600,13003,13807,picker-2,804,4207
679,13020,13296,13807,picker-2,511,787
646,12360,13413,13846,picker-1,433,1486
710,13620,13634,13911,picker-3,277,291
663,12720,13615,13919,picker-2,304,1199
609,11460,13536,13954,picker-3,418,2494
715,13740,13749,13958,picker-1,209,218
599,11160,13695,13989,picker-3,294,2829
683,13080,13526,13999,picker-3,473,919
700,13320,13349,14047,picker-1,698,727
713,13740,13797,14047,picker-1,250,307
694,13260,13502,14063,picker-2,561,803
684,13080,13662,14070,picker-3,408,990
699,13320,13808,14078,picker-2,270,758
590,10980,13703,14093,picker-1,390,3113
697,13260,13658,14130,picker-2,472,870
512,9540,13808,14147,picker-2,339,4607
721,13860,13959,14209,picker-1,250,349
725,14040,14048,14268,picker-1,220,228
687,13140,13847,14331,picker-1,484,1191
726,14040,14064,14342,picker-2,278,302
702,13320,13920,14346,picker-2,426,1026
455,8640,12900,14387,picker-3,1487,5747
692,13200,14148,14394,picker-2,246,1194
651,12420,14079,14487,picker-2,408,2067
91,1920,14094,14492,picker-1,398,12572
172,3420,14048,14505,picker-1,457,11085
471,8940,14000,14513,picker-3,513,5573
712,13680,14269,14516,picker-1,247,836
559,10380,14332,14547,picker-1,215,4167
658,12600,13593,14555,picker-2,962,1955
608,11460,13912,14578,picker-3,666,3118
709,13500,14131,14584,picker-2,453,1084
720,13860,14347,14612,picker-2,265,752
661,12660,14210,14618,picker-1,408,1958
722,13860,14071,14632,picker-3,561,772
302,5520,13955,14639,picker-3,684,9119
645,12360,12996,14646,picker-3,1650,2286
667,12720,13990,14654,picker-3,664,1934
738,14220,14514,14699,picker-3,185,479
750,14520,14548,14749,picker-1,201,229
564,10500,12941,14767,picker-3,1826,4267
299,5520,14619,14806,picker-1,187,9286
756,14580,14585,14842,picker-2,257,262
744,14340,14493,14852,picker-1,359,512
724,13980,14517,14852,picker-1,335,872
749,14460,14579,14882,picker-3,303,422
637,12240,14506,14913,picker-1,407,2673
568,10620,14556,14966,picker-2,410,4346
753,14580,14750,14966,picker-1,216,386
673,12840,14768,14967,picker-3,199,2127
764,14700,14807,14981,picker-1,174,281
755,14580,14613,15019,picker-2,406,439
771,14700,14843,15040,picker-2,197,340
732,14100,14395,15047,picker-2,652,947
623,11820,14655,15059,picker-3,404,3239
716,13800,14853,15071,picker-1,218,1271
743,14340,14343,15092,picker-2,749,752
740,14280,14853,15115,picker-1,262,835
674,12900,13683,15124,picker-2,1441,2224
669,12780,14488,15136,picker-2,648,2356
784,14940,14967,15159,picker-1,192,219
761,14640,14914,15187,picker-1,273,547
765,14700,14968,15197,picker-2,229,497
762,14640,14982,15242,picker-1,260,602
766,14700,15020,15275,picker-2,255,575
693,13200,14969,15303,picker-3,334,2103
768,14700,15072,15303,picker-1,231,603
723,13920,14388,15358,picker-3,970,1438
571,10680,14647,15397,picker-3,750,4717
677,13020,14700,15430,picker-3,730,2410
587,10920,14640,15437,picker-3,797,4517
758,14580,15137,15488,picker-2,351,908
793,15120,15125,15496,picker-2,371,376
735,14160,15060,15504,picker-3,444,1344
787,15000,15198,15512,picker-2,314,512
781,14880,15041,15524,picker-2,483,644
775,14760,15093,15538,picker-2,445,778
782,14880,15305,15591,picker-3,286,711
801,15300,15359,15601,picker-3,242,301
800,15240,15243,15604,picker-1,361,364
754,14580,14883,15613,picker-3,730,1033
759,14580,14633,15636,picker-3,1003,1056
526,9780,15276,15658,picker-2,382,5878
809,15420,15431,15662,picker-3,231,242
783,14940,15160,15702,picker-1,542,762
806,15360,15497,15712,picker-2,215,352
788,15060,15116,15715,picker-1,599,655
772,14700,15505,15763,picker-3,258,1063
739,14220,15304,15767,picker-1,463,1547
636,12180,15188,15787,picker-1,599,3607
804,15360,15605,15847,picker-1,242,487
733,14160,15398,15919,picker-3,521,1759
748,14460,15438,15919,picker-3,481,1459
777,14820,15703,15927,picker-1,224,1107
795,15180,15489,15927,picker-2,438,747
703,13380,15716,15945,picker-1,229,2565
760,14640,15048,15969,picker-2,921,1329
808,15420,15788,15980,picker-1,192,560
747,14460,15713,15984,picker-2,271,1524
508,9480,15768,15988,picker-1,220,6508
779,14820,15602,16071,picker-3,469,1251
774,14760,15592,16082,picker-3,490,1322
843,15840,15920,16091,picker-3,171,251
742,14280,15637,16107,picker-3,470,1827
846,15900,15920,16123,picker-3,203,223
767,14700,15929,16126,picker-2,197,1426
815,15420,15525,16148,picker-2,623,728
831,15660,15663,16152,picker-3,489,492
819,15480,15981,16161,picker-1,180,681
786,15000,15539,16163,picker-2,624,1163
785,15000,15928,16191,picker-1,263,1191
638,12240,15659,16199,picker-2,540,3959
799,15240,15989,16205,picker-1,216,965
254,4680,15848,16217,picker-1,369,11537
796,15180,15513,16227,picker-2,714,1047
837,15780,16072,16233,picker-3,161,453
838,15780,15946,16254,picker-1,308,474
821,15480,15614,16271,picker-3,657,791
718,13800,15764,16271,picker-3,507,2471
812,15420,16127,16303,picker-2,176,883
803,15360,16108,16322,picker-3,214,962
824,15600,15970,16325,picker-2,355,725
810,15420,16153,16351,picker-3,198,931
844,15840,16162,16362,picker-1,200,522
848,15960,16083,16381,picker-3,298,421
820,15480,16192,16384,picker-1,192,904
337,6060,16206,16417,picker-1,211,10357
778,14820,16200,16424,picker-2,224,1604
736,14160,16124,16476,picker-3,352,2316
624,11880,16164,16483,picker-2,319,4603
850,15960,16272,16502,picker-3,230,542
802,15300,16304,16519,picker-2,215,1219
776,14820,16092,16522,picker-3,430,1702
811,15420,16352,16562,picker-3,210,1142
864,16260,16326,16609,picker-2,283,349
833,15720,16228,16647,picker-2,419,927
861,16200,16234,16664,picker-3,430,464
867,16380,16484,16685,picker-2,201,305
745,14400,16272,16691,picker-3,419,2291
688,13140,16323,16691,picker-3,368,3551
827,15600,16425,16692,picker-2,267,1092
868,16440,16520,16754,picker-2,234,314
751,14520,15985,16762,picker-2,777,2242
701,13320,16149,16772,picker-2,623,3452
835,15720,16385,16781,picker-1,396,1061
791,15120,16563,16804,picker-3,241,1684
686,13140,16363,16819,picker-1,456,3679
845,15840,16503,16824,picker-3,321,984
558,10320,16382,16828,picker-3,446,6508
566,10500,16418,16844,picker-1,426,6344
505,9420,16477,16846,picker-3,369,7426
876,16500,16692,16881,picker-3,189,381
888,16620,16755,16908,picker-2,153,288
881,16560,16665,16914,picker-3,249,354
826,15600,16692,16923,picker-3,231,1323
780,14820,16610,16981,picker-2,371,2161
763,14640,16648,16981,picker-2,333,2341
727,14040,16693,16981,picker-2,288,2941
832,15660,16763,17011,picker-2,248,1351
872,16500,16820,17032,picker-1,212,532
866,16380,16782,17068,picker-1,286,688
873,16500,16825,17090,picker-3,265,590
891,16680,16847,17113,picker-3,266,433
757,14580,16218,17126,picker-1,908,2546
847,15900,16255,17126,picker-1,871,1226
237,4440,16773,17206,picker-2,433,12766
885,16620,17033,17260,picker-1,227,640
746,14400,16829,17269,picker-3,440,2869
879,16560,16915,17298,picker-3,383,738
900,16860,16924,17331,picker-3,407,471
895,16740,16909,17348,picker-2,439,608
671,12780,16805,17401,picker-3,596,4621
870,16440,16523,17454,picker-3,931,1014
805,15360,16982,17467,picker-2,485,2107
902,16920,17069,17471,picker-1,402,551
878,16560,17114,17478,picker-3,364,918
883,16560,16686,17479,picker-2,793,919
918,17220,17261,17492,picker-1,231,272
769,14700,17012,17497,picker-2,485,2797
906,16980,17270,17502,picker-3,232,522
730,14100,16845,17512,picker-1,667,3412
911,17100,17127,17519,picker-1,392,419
913,17160,17299,17556,picker-3,257,396
704,13380,16982,17562,picker-2,580,4182
855,16140,17455,17617,picker-3,162,1477
907,17040,17091,17649,picker-3,558,609
828,15660,17472,17667,picker-1,195,2007
822,15540,17207,17699,picker-2,492,2159
897,16800,17480,17707,picker-2,227,907
915,17160,17493,17737,picker-1,244,577
926,17400,17557,17792,picker-3,235,392
869,16440,17503,17799,picker-3,296,1359
892,16680,17349,17802,picker-2,453,1122
924,17340,17468,17802,picker-2,334,462
886,16620,17332,17813,picker-3,481,1193
910,17100,17618,17825,picker-3,207,725
903,16980,17563,17826,picker-2,263,846
889,16620,16882,17834,picker-3,952,1214
919,17220,17513,17850,picker-1,337,630
934,17460,17479,17851,picker-3,372,391
916,17220,17402,17857,picker-3,455,637
798,15240,17498,17886,picker-2,388,2646
928,17400,17708,17911,picker-2,203,511
841,15780,17520,17962,picker-1,442,2182
877,16500,17800,17977,picker-3,177,1477
946,17700,17738,17979,picker-1,241,279
912,17100,17814,18032,picker-3,218,932
818,15420,17668,18040,picker-1,372,2620
953,17820,17827,18092,picker-2,265,272
929,17400,17851,18106,picker-1,255,706
925,17400,17835,18120,picker-3,285,720
817,15420,17127,18123,picker-1,996,2703
937,17580,17963,18185,picker-1,222,605
629,12000,17803,18203,picker-2,400,6203
690,13200,17803,18222,picker-2,419,5022
605,11280,17650,18235,picker-3,585,6955
950,17700,17887,18244,picker-2,357,544
920,17280,17912,18253,picker-2,341,973
896,16800,17980,18260,picker-1,280,1460
961,17940,18033,18271,picker-3,238,331
931,17460,17852,18280,picker-3,428,820
790,15120,17858,18287,picker-3,429,3167
941,17580,17826,18294,picker-3,468,714
880,16560,16982,18301,picker-2,1319,1741
874,16500,17700,18347,picker-2,647,1847
968,18180,18186,18356,picker-1,170,176
967,18180,18204,18412,picker-2,208,232
914,17160,17978,18422,picker-3,444,1262
964,18060,18223,18427,picker-2,204,367
973,18240,18245,18465,picker-2,220,225
956,17880,18107,18567,picker-1,460,687
696,13260,18261,18576,picker-1,315,5316
816,15420,18041,18591,picker-1,550,3171
840,15780,18124,18596,picker-1,472,2816
858,16200,18428,18653,picker-2,225,2453
905,16980,18357,18685,picker-1,328,1705
969,18180,18466,18700,picker-2,234,520
797,15180,18254,18737,picker-2,483,3557
949,17700,18568,18756,picker-1,188,1056
922,17340,18348,18767,picker-2,419,1427
935,17460,18577,18803,picker-1,226,1343
985,18540,18592,18819,picker-1,227,279
960,17940,18302,18833,picker-2,531,893
938,17580,18597,18849,picker-1,252,1269
957,17880,18288,18860,picker-3,572,980
269,4920,18093,18877,picker-2,784,13957
849,15960,18295,18879,picker-3,584,2919
939,17580,18272,18888,picker-3,616,1308
932,17460,18121,18898,picker-3,777,1438
553,10200,18423,18920,picker-3,497,8720
16,300,18413,18934,picker-2,521,18634
976,18240,18281,18988,picker-3,707,748
792,15120,17793,19017,picker-3,1224,3897
999,18780,18834,19093,picker-2,259,313
842,15780,18236,19104,picker-3,868,3324
945,17640,18850,19110,picker-1,260,1470
963,18060,18804,19124,picker-1,320,1064
948,17700,18686,19189,picker-1,503,1489
982,18480,18757,19202,picker-1,445,722
887,16620,18820,19211,picker-1,391,2591
534,9960,18878,19236,picker-2,358,9276
657,12600,18861,19241,picker-3,380,6641
955,17820,18889,19254,picker-3,365,1434
927,17400,18701,19255,picker-2,554,1855
1007,18960,19094,19292,picker-2,198,332
807,15420,18654,19320,picker-2,666,3900
977,18300,19111,19343,picker-1,232,1043
959,17940,19105,19346,picker-3,241,1406
860,16200,18935,19356,picker-2,421,3156
1013,19140,19190,19374,picker-1,184,234
966,18120,18768,19377,picker-2,609,1257
773,14760,18921,19378,picker-3,457,4618
1003,18900,18989,19440,picker-3,451,540
987,18540,19242,19451,picker-3,209,911
814,15420,18880,19468,picker-3,588,4048
854,16140,19018,19475,picker-3,457,3335
971,18240,19203,19475,picker-1,272,1235
986,18540,19293,19504,picker-2,211,964
988,18600,19344,19532,picker-1,188,932
983,18480,19237,19599,picker-2,362,1119
1002,18900,19375,19607,picker-1,232,707
856,16140,19125,19612,picker-1,487,3472
979,18360,19256,19615,picker-2,359,1255
1000,18780,18899,19619,picker-3,720,839
984,18540,18738,19619,picker-2,881,1079
944,17640,19321,19628,picker-2,307,1988
958,17880,19212,19632,picker-1,420,1752
1023,19320,19379,19638,picker-3,259,318
1024,19320,19476,19692,picker-1,216,372
1032,19440,19505,19705,picker-2,200,265
989,18600,19357,19725,picker-2,368,1125
1031,19440,19441,19737,picker-3,296,297
309,5580,19620,19792,picker-2,172,14212
1020,19260,19378,19816,picker-2,438,556
1039,19560,19633,19818,picker-1,185,258
830,15660,19533,19878,picker-1,345,4218
729,14040,19613,19878,picker-1,265,5838
1040,19560,19693,19923,picker-1,230,363
917,17220,19469,19927,picker-3,458,2707
1044,19680,19738,19952,picker-3,214,272
1005,18960,19608,19962,picker-1,354,1002
1011,19020,19639,20004,picker-3,365,984
1025,19380,19726,20023,picker-2,297,643
994,18660,19600,20063,picker-2,463,1403
974,18240,19616,20063,picker-2,447,1823
951,17760,19629,20063,picker-2,434,2303
898,16860,19621,20068,picker-3,447,3208
1034,19500,19706,20116,picker-2,410,616
962,18000,19452,20126,picker-3,674,2126
899,16860,19477,20133,picker-3,656,3273
1030,19440,19879,20136,picker-1,257,696
1033,19500,19879,20136,picker-1,257,636
862,16260,19953,20146,picker-3,193,3886
993,18660,19347,20152,picker-3,805,1492
404,7620,19793,20152,picker-2,359,12532
990,18600,19255,20157,picker-3,902,1557
1035,19500,19928,20173,picker-3,245,673
711,13680,20024,20246,picker-2,222,6566
894,16740,20069,20259,picker-3,190,3519
1065,20100,20134,20308,picker-3,174,208
1053,19860,20117,20311,picker-2,194,451
1014,19140,19963,20313,picker-1,350,1173
1057,19920,20153,20344,picker-2,191,424
978,18300,19817,20365,picker-2,548,2065
884,16560,19924,20397,picker-1,473,3837
1004,18960,20137,20414,picker-1,277,1454
1036,19560,20247,20417,picker-2,170,857
461,8760,19819,20419,picker-1,600,11659
1019,19200,20064,20428,picker-2,364,1228
689,13140,20137,20443,picker-1,306,7303
1012,19080,20005,20547,picker-3,542,1467
1067,20160,20398,20568,picker-1,170,408
1061,20040,20127,20590,picker-3,463,550
1045,19680,20174,20618,picker-3,444,938
741,14280,20444,20652,picker-1,208,6372
1070,20160,20420,20673,picker-1,253,513
933,17460,20260,20697,picker-3,437,3237
1047,19740,20147,20710,picker-3,563,970
836,15720,20064,20754,picker-2,690,5034
728,14040,20064,20754,picker-2,690,6714
981,18420,20366,20754,picker-2,388,2334
954,17820,20314,20775,picker-1,461,2955
1077,20400,20418,20790,picker-2,372,390
1054,19920,20309,20843,picker-3,534,923
1063,20040,20569,20854,picker-1,285,814
1049,19800,20619,20897,picker-3,278,1097
1064,20040,20345,20916,picker-2,571,876
942,17640,20312,20948,picker-2,636,3308
890,16680,20429,20985,picker-2,556,4305
1086,20640,20698,21000,picker-3,302,360
1022,19320,20154,21039,picker-3,885,1719
1060,19980,20776,21042,picker-1,266,1062
1037,19560,20158,21055,picker-3,897,1495
706,13380,20653,21066,picker-1,413,7686
1075,20340,20591,21095,picker-3,504,755
975,18240,20674,21136,picker-1,462,2896
396,7440,20415,21231,picker-1,816,13791
770,14700,20855,21333,picker-1,478,6633
936,17580,20548,21349,picker-3,801,3769
1021,19260,21137,21352,picker-1,215,2092
980,18420,20755,21408,picker-2,653,2988
1008,18960,21043,21411,picker-1,368,2451
1076,20340,21001,21455,picker-3,454,1115
1085,20580,21056,21455,picker-3,399,875
1087,20640,21040,21455,picker-3,415,815
940,17580,20711,21464,picker-3,753,3884
1091,20700,20917,21465,picker-2,548,765
1108,21060,21232,21484,picker-1,252,424
433,8340,20844,21493,picker-3,649,13153
1088,20700,21067,21498,picker-1,431,798
1084,20580,20898,21523,picker-3,625,943
1038,19560,21334,21553,picker-1,219,1993
1001,18780,21096,21554,picker-3,458,2774
752,14520,20755,21565,picker-2,810,7045
1115,21120,21350,21586,picker-3,236,466
1101,20880,20949,21586,picker-2,637,706
852,16140,20755,21592,picker-2,837,5452
1120,21120,21456,21609,picker-3,153,489
943,17640,20791,21615,picker-2,824,3975
1016,19140,20986,21621,picker-2,635,2481
1134,21360,21409,21633,picker-2,224,273
1098,20820,21456,21643,picker-3,187,823
1051,19800,21412,21652,picker-1,240,1852
1136,21420,21466,21669,picker-2,203,249
1122,21180,21465,21724,picker-3,259,544
1140,21540,21554,21736,picker-1,182,196
1042,19620,21353,21766,picker-1,413,2146
882,16560,21499,21786,picker-1,287,5226
1029,19440,21587,21805,picker-2,218,2365
1092,20700,21566,21870,picker-2,304,1170
1078,20460,21634,21881,picker-2,247,1421
1089,20700,21485,21886,picker-1,401,1186
1142,21600,21622,21903,picker-2,281,303
1129,21300,21653,21904,picker-1,251,604
1116,21120,21737,21948,picker-1,211,828
1018,19200,21767,21962,picker-1,195,2762
921,17280,21524,21974,picker-3,450,4694
1080,20460,21588,21997,picker-3,409,1537
1027,19380,21456,22011,picker-3,555,2631
1121,21120,21806,22039,picker-2,233,919
1097,20820,21644,22051,picker-3,407,1231
923,17340,21593,22062,picker-2,469,4722
1125,21240,21871,22076,picker-2,205,836
1123,21180,21725,22076,picker-3,351,896
717,13800,21616,22084,picker-2,468,8284
1079,20460,21610,22114,picker-3,504,1654
1137,21480,21998,22119,picker-3,121,639
1058,19920,21494,22123,picker-3,629,2203
1073,20280,21670,22132,picker-2,462,1852
1105,20940,21963,22148,picker-1,185,1208
1048,19800,21555,22155,picker-3,600,2355
995,18660,21787,22187,picker-1,400,3527
1138,21480,21887,22187,picker-1,300,707
1017,19200,21905,22187,picker-1,282,2987
1093,20700,22012,22197,picker-3,185,1497
1117,21120,21949,22209,picker-1,260,1089
1141,21600,21882,22249,picker-2,367,649
1055,19920,22115,22323,picker-3,208,2403
1114,21120,22120,22377,picker-3,257,1257
970,18240,22149,22421,picker-1,272,4181
1132,21360,22188,22447,picker-1,259,1087
1082,20520,22052,22489,picker-3,437,1969
1151,21780,21975,22494,picker-3,519,714
1103,20940,22210,22573,picker-1,363,1633
996,18660,22156,22590,picker-3,434,3930
1015,19140,22124,22595,picker-3,471,3455
1164,22020,22324,22608,picker-3,284,588
1052,19860,22040,22613,picker-2,573,2753
1131,21360,22198,22614,picker-3,416,1254
1107,21000,22188,22614,picker-1,426,1614
972,18240,22078,22619,picker-3,541,4379
1171,22080,22085,22628,picker-2,543,548
1169,22080,22490,22640,picker-3,150,560
1146,21660,22188,22653,picker-1,465,993
1181,22260,22422,22680,picker-1,258,420
1111,21060,22448,22694,picker-1,246,1634
1152,21780,21904,22698,picker-2,794,918
1113,21060,22077,22705,picker-2,628,1645
1050,19800,22378,22711,picker-3,333,2911
1112,21060,22063,22719,picker-2,656,1659
1173,22140,22250,22749,picker-2,499,609
1170,22080,22133,22755,picker-2,622,675
1184,22320,22614,22772,picker-2,158,452
1041,19620,22495,22861,picker-3,366,3241
1127,21240,22596,22861,picker-3,265,1621
1147,21720,22699,22892,picker-2,193,1172
1162,21960,22706,22913,picker-2,207,953
1191,22380,22750,22960,picker-2,210,580
1095,20820,22629,23013,picker-2,384,2193
1179,22260,22574,23028,picker-1,454,768
1074,20280,22615,23028,picker-1,413,2748
1197,22560,22616,23059,picker-3,443,499
1200,22620,22862,23093,picker-3,231,473
1207,22860,22862,23177,picker-3,315,317
1158,21900,22914,23186,picker-2,272,1286
1180,22260,22720,23193,picker-2,473,933
1128,21240,22712,23197,picker-3,485,1957
719,13860,22591,23204,picker-3,613,9344
1192,22440,22641,23211,picker-3,570,771
1100,20880,22620,23224,picker-3,604,2344
1199,22560,22756,23240,picker-2,484,680
1219,22980,23014,23262,picker-2,248,282
1143,21660,22773,23269,picker-2,496,1609
1196,22560,23198,23433,picker-3,235,873
1154,21840,22961,23459,picker-2,498,1619
1226,23100,23194,23459,picker-2,265,359
630,12000,22893,23469,picker-2,576,11469
1216,22980,23241,23583,picker-2,342,603
212,4020,22695,23716,picker-1,1021,19696
1223,23040,23470,23737,picker-2,267,697
1183,22320,23434,23742,picker-3,308,1422
1043,19620,22654,23756,picker-1,1102,4136
1213,22920,23187,23791,picker-2,604,871
1109,21060,23029,23836,picker-1,807,2776
1130,21360,23263,23843,picker-2,580,2483
1246,23400,23460,23843,picker-2,383,443
1190,22380,22681,23862,picker-1,1181,1482
1126,21240,23060,23865,picker-3,805,2625
1106,21000,23212,23878,picker-3,666,2878
998,18720,23270,23880,picker-2,610,5160
1153,21840,22609,23885,picker-3,1276,2045
1194,22500,23205,23904,picker-3,699,1404
1234,23220,23225,23904,picker-3,679,684
1225,23100,23460,23909,picker-2,449,809
1272,23700,23738,23909,picker-2,171,209
1139,21540,23178,23911,picker-3,733,2371
1233,23160,23584,23925,picker-2,341,765
1248,23400,23743,23941,picker-3,198,541
1250,23460,23792,23988,picker-2,196,528
1240,23340,23844,24015,picker-2,171,675
1229,23160,23844,24023,picker-2,179,863
1253,23460,23881,24038,picker-2,157,578
1270,23700,23886,24065,picker-3,179,365
1202,22680,23879,24072,picker-3,193,1392
1206,22800,23757,24095,picker-1,338,1295
1172,22140,23029,24148,picker-1,1119,2008
1267,23640,23910,24152,picker-2,242,512
1281,23880,23912,24153,picker-3,241,273
1195,22500,23866,24166,picker-3,300,1666
1259,23640,23905,24182,picker-3,277,542
1265,23640,23837,24226,picker-1,389,586
1006,18960,23863,24226,picker-1,363,5266
1185,22320,23905,24234,picker-3,329,1914
1291,24000,24073,24251,picker-3,178,251
1241,23340,23942,24274,picker-3,332,934
1289,24000,24096,24315,picker-1,219,315
1215,22980,24039,24315,picker-2,276,1335
1280,23880,24149,24350,picker-1,201,470
1198,22560,23989,24360,picker-2,371,1800
1066,20100,23926,24368,picker-2,442,4268
1168,22080,24024,24381,picker-2,357,2301
1220,23040,24154,24381,picker-3,227,1341
1201,22620,23910,24403,picker-2,493,1783
1186,22380,23094,24414,picker-3,1320,2034
1228,23100,23717,24431,picker-1,714,1331
1159,21960,24066,24441,picker-3,375,2481
1294,24060,24252,24461,picker-3,209,401
1243,23340,24317,24513,picker-2,196,1173
1083,20580,24183,24514,picker-3,331,3934
952,17760,24167,24523,picker-3,356,6763
992,18600,24275,24527,picker-3,252,5927
1288,24000,24383,24548,picker-3,165,548
1096,20820,24235,24565,picker-3,330,3745
1174,22140,24153,24592,picker-2,439,2452
1217,22980,24351,24623,picker-1,272,1643
1261,23640,24404,24637,picker-2,233,997
1235,23220,24415,24642,picker-3,227,1422
1256,23520,24382,24643,picker-2,261,1123
1285,23940,24016,24660,picker-2,644,720
1302,24180,24361,24660,picker-2,299,480
1293,24060,24462,24697,picker-3,235,637
1313,24360,24432,24738,picker-1,306,378
1176,22260,24369,24782,picker-2,413,2522
1300,24180,24514,24786,picker-2,272,606
1237,23280,24227,24800,picker-1,573,1520
1305,24240,24661,24868,picker-2,207,628
1247,23400,24316,24876,picker-1,560,1476
1099,20820,24227,24926,picker-1,699,4106
1329,24660,24739,24976,picker-1,237,316
1327,24540,24783,24977,picker-2,194,437
1264,23640,24442,25013,picker-3,571,1373
1214,22980,24638,25018,picker-2,380,2038
1205,22740,24801,25020,picker-1,219,2280
1028,19380,24644,25055,picker-2,411,5675
1323,24480,24624,25058,picker-1,434,578
1257,23580,24787,25089,picker-2,302,1509
1165,22020,24515,25107,picker-3,592,3087
909,17100,24566,25121,picker-3,555,8021
1325,24540,24593,25138,picker-2,545,598
1068,20160,24927,25158,picker-1,231,4998
1269,23700,24528,25161,picker-3,633,1461
1208,22860,24661,25177,picker-2,516,2317
1102,20880,24977,25203,picker-1,226,4323
1301,24180,25019,25233,picker-2,214,1053
1318,24480,24698,25239,picker-3,541,759
1245,23400,24524,25263,picker-3,739,1863
1342,24840,24978,25267,picker-2,289,427
1231,23160,24869,25295,picker-2,426,2135
1346,24900,25059,25308,picker-1,249,408
1356,25140,25162,25319,picker-3,157,179
1353,25080,25122,25344,picker-3,222,264
1334,24720,25178,25346,picker-2,168,626
825,15600,24643,25351,picker-3,708,9751
1177,22260,25021,25361,picker-1,340,3101
1354,25080,25090,25389,picker-2,299,309
1249,23460,24877,25413,picker-1,536,1953
1242,23340,25234,25417,picker-2,183,2077
1359,25200,25240,25441,picker-3,201,241
1345,24900,25014,25460,picker-3,446,560
1178,22260,25108,25460,picker-3,352,3200
1314,24420,25204,25462,picker-1,258,1042
1315,24420,25268,25470,picker-2,202,1050
1362,25320,25320,25476,picker-3,156,156
893,16680,25056,25481,picker-2,425,8801
1361,25320,25345,25514,picker-3,169,194
1319,24480,25296,25545,picker-2,249,1065
1306,24300,25139,25558,picker-2,419,1258
1157,21840,25390,25585,picker-2,195,3745
1282,23880,25414,25599,picker-1,185,1719
1298,24180,25309,25623,picker-1,314,1443
1339,24840,25347,25648,picker-2,301,808
1081,20520,25362,25685,picker-1,323,5165
1326,24540,25477,25698,picker-3,221,1158
1297,24120,25264,25726,picker-3,462,1606
1328,24600,25471,25765,picker-2,294,1165
1380,25560,25586,25797,picker-2,211,237
1312,24360,25442,25800,picker-3,358,1440
1148,21720,25463,25804,picker-1,341,4084
1366,25380,25461,25811,picker-3,350,431
1210,22920,25461,25822,picker-3,361,2902
1375,25500,25624,25825,picker-1,201,325
1262,23640,25418,25832,picker-2,414,2192
1193,22500,25546,25832,picker-2,286,3332
1149,21780,25600,25838,picker-1,238,4058
1336,24780,25352,25841,picker-3,489,1061
1340,24840,25559,25855,picker-2,296,1015
1365,25320,25649,25917,picker-2,268,597
1372,25440,25766,25935,picker-2,169,495
1292,24060,25699,25936,picker-3,237,1876
1290,24000,25727,25943,picker-3,216,1943
1310,24300,25801,25971,picker-3,170,1671
1286,24000,25812,25983,picker-3,171,1983
1309,24300,25515,25991,picker-3,476,1691
1364,25320,25826,26020,picker-1,194,700
1278,23880,25686,26039,picker-1,353,2159
1371,25440,25839,26058,picker-1,219,618
1236,23280,25805,26117,picker-1,312,2837
1355,25080,25856,26122,picker-2,266,1042
1360,25200,25936,26186,picker-2,250,986
1374,25500,25798,26201,picker-2,403,701
1367,25380,26021,26214,picker-1,193,834
1351,25080,25833,26229,picker-2,396,1149
1163,22020,26040,26245,picker-1,205,4225
1348,25020,25482,26254,picker-2,772,1234
1303,24180,25833,26299,picker-2,466,2119
1232,23160,25918,26347,picker-2,429,3187
1384,25680,25984,26439,picker-3,455,759
813,15420,24549,26496,picker-3,1947,11076
1383,25680,26246,26506,picker-1,260,826
1324,24480,26118,26520,picker-1,402,2040
1385,25800,26059,26544,picker-1,485,744
1307,24300,26215,26549,picker-1,334,2249
1347,25020,25842,26570,picker-3,728,1550
1376,25500,25823,26577,picker-3,754,1077
1387,25860,25937,26591,picker-3,654,731
1341,24840,26348,26613,picker-2,265,1773
1381,25620,25944,26627,picker-3,683,1007
1283,23880,25972,26638,picker-3,666,2758
714,13740,25992,26677,picker-3,685,12937
997,18720,26507,26727,picker-1,220,8007
1392,26040,26545,26743,picker-1,198,703
1377,25500,26550,26754,picker-1,204,1254
1110,21060,26123,26825,picker-2,702,5765
1390,25980,26187,26835,picker-2,648,855
1431,26520,26571,26844,picker-3,273,324
1320,24480,26614,26847,picker-2,233,2367
1145,21660,26202,26860,picker-2,658,5200
1396,26100,26300,26866,picker-2,566,766
1429,26520,26592,26871,picker-3,279,351
823,15600,26255,26874,picker-2,619,11274
789,15060,26230,26888,picker-2,658,11828
1263,23640,26728,26909,picker-1,181,3269
1218,22980,26744,26941,picker-1,197,3961
1391,25980,26755,26947,picker-1,192,967
1402,26220,26521,26962,picker-1,441,742
1119,21120,26497,26978,picker-3,481,5858
1244,23400,26440,26978,picker-3,538,3578
1419,26460,26678,27002,picker-3,324,542
1411,26340,26826,27009,picker-2,183,669
1436,26580,26836,27029,picker-2,193,449
1379,25560,26628,27052,picker-3,424,1492
1423,26460,26872,27069,picker-3,197,609
1403,26220,26578,27076,picker-3,498,856
1227,23100,26848,27081,picker-2,233,3981
1393,26040,26861,27095,picker-2,234,1055
1458,26940,26942,27173,picker-1,231,233
155,3060,26948,27182,picker-1,234,24122
1357,25140,26910,27196,picker-1,286,2056
1450,26760,26845,27206,picker-3,361,446
1410,26340,26963,27210,picker-1,247,870
1461,26940,26979,27215,picker-3,236,275
1444,26760,26979,27236,picker-3,257,476
1421,26460,27010,27327,picker-2,317,867
1394,26100,27174,27351,picker-1,177,1251
1454,26880,27211,27400,picker-1,189,520
1464,27060,27070,27444,picker-3,374,384
1435,26580,27077,27444,picker-3,367,864
592,10980,27096,27494,picker-2,398,16514
1150,21780,26639,27510,picker-3,871,5730
1406,26280,27030,27527,picker-2,497,1247
1322,24480,27082,27537,picker-2,455,3057
1469,27120,27328,27537,picker-2,209,417
1438,26700,26889,27570,picker-2,681,870
908,17040,26875,27577,picker-2,702,10537
1166,22020,27352,27600,picker-1,248,5580
1409,26280,27401,27606,picker-1,205,1326
1441,26700,27197,27620,picker-1,423,920
1404,26220,27183,27644,picker-1,461,1424
1358,25200,27445,27655,picker-3,210,2455
1224,23040,26867,27666,picker-2,799,4626
1428,26520,27053,27676,picker-3,623,1156
1456,26880,27216,27684,picker-3,468,804
1478,27300,27495,27688,picker-2,193,388
1468,27120,27207,27703,picker-3,496,583
1260,23640,27003,27717,picker-3,714,4077
1415,26400,27237,27763,picker-3,526,1363
1474,27240,27578,27770,picker-2,192,530
1453,26880,27538,27789,picker-2,251,909
1398,26160,27621,27798,picker-1,177,1638
1479,27300,27656,27838,picker-3,182,538
1416,26400,27528,27841,picker-2,313,1441
1370,25380,27511,27845,picker-3,334,2465
1449,26760,27445,27852,picker-3,407,1092
1424,26460,27685,27868,picker-3,183,1408
1445,26760,27704,27912,picker-3,208,1152
1437,26580,27771,27939,picker-2,168,1359
1104,20940,27607,27945,picker-1,338,7005
1026,19380,27601,27953,picker-1,352,8573
1482,27360,27799,27969,picker-1,170,609
1311,24300,27667,27981,picker-2,314,3681
1204,22740,27689,27981,picker-2,292,5241
1182,22320,27571,27990,picker-2,419,5670
930,17400,27645,28003,picker-1,358,10603
1465,27060,27790,28012,picker-2,222,952
1412,26340,27853,28015,picker-3,162,1675
1368,25380,27842,28045,picker-2,203,2665
1069,20160,27940,28088,picker-2,148,7928
1497,27780,27839,28095,picker-3,256,315
1382,25620,27846,28095,picker-3,249,2475
1477,27300,27946,28140,picker-1,194,840
1308,24300,27913,28172,picker-3,259,3872
1484,27360,27538,28189,picker-2,651,829
1486,27540,27991,28200,picker-2,209,660
1496,27720,27982,28219,picker-2,237,499
1295,24120,28013,28243,picker-2,230,4123
1501,27900,28046,28252,picker-2,206,352
1503,27960,28016,28287,picker-3,271,327
1505,27960,27970,28300,picker-1,330,340
1062,20040,28089,28311,picker-2,222,8271
1452,26820,27954,28356,picker-1,402,1536
1470,27180,28004,28356,picker-1,352,1176
1094,20760,28141,28382,picker-1,241,7622
1389,25980,28096,28440,picker-3,344,2460
1476,27300,28244,28460,picker-2,216,1160
1399,26160,28220,28465,picker-2,245,2305
1009,19020,28201,28501,picker-2,300,9481
1405,26220,28301,28502,picker-1,201,2282
1230,23160,27764,28553,picker-3,789,5393
853,16140,28173,28595,picker-3,422,12455
1258,23580,27869,28602,picker-3,733,5022
1457,26940,28383,28606,picker-1,223,1666
708,13500,28190,28615,picker-2,425,15115
863,16260,27718,28618,picker-3,900,12358
1488,27600,28441,28666,picker-3,225,1066
1378,25500,28312,28670,picker-2,358,3170
1491,27660,27982,28678,picker-2,696,1018
1271,23700,28357,28683,picker-1,326,4983
1439,26700,28288,28693,picker-3,405,1993
1400,26160,27677,28699,picker-3,1022,2539
1487,27540,28503,28744,picker-1,241,1204
665,12720,28253,28746,picker-2,493,16026
1395,26100,28357,28760,picker-1,403,2660
1455,26880,28596,28786,picker-3,190,1906
